period,group,item,status,actual,cost,target,units,extra,roas
2025-01,Search,CMP-Search,Below 2x,249195.04,185578.87,181740.41,33,137.1,1.3427985632200476
2025-02,Social,CMP-Search,Below 2x,331156.92,284491.23,298430.26,44,111.0,1.1640320863318
2025-03,Email,CMP-Search,Below 2x,248038.27,127637.72,267387.02,33,92.8,1.9432991281887517
2025-04,Partners,CMP-Search,Below 2x,288676.51,264306.07,231464.49,38,124.7,1.0922053738682582
2025-05,Search,CMP-Social,Below 2x,128614.81,103056.74,191064.04,17,67.3,1.2479999852508432
2025-06,Social,CMP-Social,On target,267016.69,124975.91,330850.43,35,80.7,2.136545275005399
2025-07,Email,CMP-Social,On target,178904.07,86248.35,242221.42,23,73.9,2.0742897690216684
2025-08,Partners,CMP-Social,Below 2x,223247.8,155251.59,289356.21,29,77.2,1.4379743228394632
2025-09,Search,CMP-Email,Below 2x,321490.68,180601.13,328096.94,42,98.0,1.7801144433592413
2025-10,Social,CMP-Email,Below 2x,297058.05,268454.68,288914.12,39,102.8,1.1065482263151456
2025-11,Email,CMP-Email,Below 2x,127941.77,67612.45,193078.55,17,66.3,1.8922812292706448
2025-12,Partners,CMP-Email,Below 2x,273510.96,233390.39,253684.74,36,107.8,1.1719032647402492
2026-01,Search,CMP-Partner,Below 2x,216837.31,199695.39,246125.69,28,88.1,1.0858403391285096
2026-02,Social,CMP-Partner,Below 2x,155222.32,124732.85,180681.61,20,85.9,1.2444381732638996
2026-03,Email,CMP-Partner,Below 2x,171858.33,87032.11,216595.08,22,79.3,1.974654297132403
2026-04,Partners,CMP-Partner,On target,149620.18,67565.63,178155.64,19,84.0,2.214442165343533
2026-05,Search,CMP-Search,On target,359696.9,175953.51,322770.4,47,111.4,2.0442723762657535
2026-06,Social,CMP-Search,Below 2x,410942.43,285806.43,335993.98,54,122.3,1.4378347960890874
2026-07,Email,CMP-Search,Below 2x,275695.95,161598.65,241905.55,36,114.0,1.7060535468582196
2026-08,Partners,CMP-Search,Below 2x,202963.06,118695.6,269907.36,27,75.2,1.7099459457637856
2026-09,Search,CMP-Social,Below 2x,174738.92,114447.35,260681.73,23,67.0,1.5268061689501766
2026-10,Social,CMP-Social,On target,267236.4,125817.16,250060.41,35,106.9,2.1240059781988405
2026-11,Email,CMP-Social,Below 2x,273787.68,189095.66,239546.8,36,114.3,1.4478792374187752
2026-12,Partners,CMP-Social,Below 2x,199202.23,123240.57,292343.92,26,68.1,1.6163689440904079
2027-01,Search,CMP-Email,Below 2x,146548.68,118324.44,178673.31,19,82.0,1.2385326311284464
2027-02,Social,CMP-Email,Below 2x,197994.42,167261.07,226681.35,26,87.3,1.183744788909936
2027-03,Email,CMP-Email,Below 2x,174936.38,107176.43,211002.66,23,82.9,1.6322280934343494
2027-04,Partners,CMP-Email,Below 2x,134354.65,120261.22,200643.79,17,67.0,1.1171901465825809
2027-05,Search,CMP-Partner,Below 2x,329495.59,282887.16,260451.59,43,126.5,1.1647597932688074
2027-06,Social,CMP-Partner,Below 2x,375557.45,259065.8,316228.32,50,118.8,1.4496604723587598
2027-07,Email,CMP-Partner,Below 2x,329736.04,175670.19,239399.86,43,137.7,1.8770176089637063
2027-08,Partners,CMP-Partner,Below 2x,418940.45,245959.27,325567.73,55,128.7,1.7032919718781083
2027-09,Search,CMP-Search,Below 2x,328775.24,220787.24,267185.92,43,123.1,1.4891043522261522
2027-10,Social,CMP-Search,Below 2x,215776.02,144912.64,324716.49,28,66.5,1.4890075841555297
2027-11,Email,CMP-Search,Below 2x,334201.35,169159.91,266695.39,44,125.3,1.9756533921069122
2027-12,Partners,CMP-Search,On target,269158.36,128617.92,217236.36,35,123.9,2.092697191806554
2028-01,Search,CMP-Social,Below 2x,158074.82,129286.48,227972.81,21,69.3,1.2226709242915423
2028-02,Social,CMP-Social,On target,287194.88,143418.5,286405.94,38,100.3,2.002495354504475
2028-03,Email,CMP-Social,Below 2x,189706.74,114989.07,232964.77,25,81.4,1.6497806269761115
2028-04,Partners,CMP-Social,Below 2x,389179.74,285228.0,310560.77,51,125.3,1.3644513862594134
2028-05,Search,CMP-Email,Below 2x,315919.83,225751.64,327424.17,42,96.5,1.3994132224244307
2028-06,Social,CMP-Email,Below 2x,190479.7,120459.49,258257.17,25,73.8,1.5812759957725206
2028-07,Email,CMP-Email,Below 2x,295771.94,196185.48,274436.46,39,107.8,1.5076138152527903
2028-08,Partners,CMP-Email,Below 2x,181794.54,141495.69,212557.57,24,85.5,1.2848062015175161
2028-09,Search,CMP-Partner,Below 2x,169057.45,152454.74,255882.75,22,66.1,1.1089025503569125
2028-10,Social,CMP-Partner,Below 2x,310711.8,212339.36,244824.73,41,126.9,1.463279346796562
2028-11,Email,CMP-Partner,Below 2x,170283.11,138798.94,250740.78,22,67.9,1.2268329282629966
2028-12,Partners,CMP-Partner,Below 2x,261487.43,132592.09,208782.84,34,125.2,1.9721193775586463
