SpendID,ChannelID,Date,AdSpend
A1,C1,2026-09-30,1000
A2,C2,2026-09-30,1100
A3,C3,2026-09-30,1600
A4,C1,2026-09-29,1600
A5,C2,2026-09-29,1300
A6,C3,2026-09-29,2900
A7,C1,2026-09-28,1700
A8,C2,2026-09-28,2900
A9,C3,2026-09-28,2500
A10,C1,2026-09-27,1700
A11,C2,2026-09-27,2300
A12,C3,2026-09-27,2600
A13,C1,2026-09-26,2300
A14,C2,2026-09-26,700
A15,C3,2026-09-26,2800
A16,C1,2026-09-25,1700
A17,C2,2026-09-25,2700
A18,C3,2026-09-25,2900
A19,C1,2026-09-24,2600
A20,C2,2026-09-24,1700
A21,C3,2026-09-24,1700
A22,C1,2026-09-23,2300
A23,C2,2026-09-23,2700
A24,C3,2026-09-23,600
A25,C1,2026-09-22,1300
A26,C2,2026-09-22,1600
A27,C3,2026-09-22,1000
A28,C1,2026-09-21,2300
A29,C2,2026-09-21,2700
A30,C3,2026-09-21,2800
A31,C1,2026-09-20,2600
A32,C2,2026-09-20,700
A33,C3,2026-09-20,1700
A34,C1,2026-09-19,2300
A35,C2,2026-09-19,2900
A36,C3,2026-09-19,2100
A37,C1,2026-09-18,1400
A38,C2,2026-09-18,2700
A39,C3,2026-09-18,2800
A40,C1,2026-09-17,2700
A41,C2,2026-09-17,2700
A42,C3,2026-09-17,1700
A43,C1,2026-09-16,2400
A44,C2,2026-09-16,2600
A45,C3,2026-09-16,1200
A46,C1,2026-09-15,2500
A47,C2,2026-09-15,1400
A48,C3,2026-09-15,2800
A49,C1,2026-09-14,2200
A50,C2,2026-09-14,1200
A51,C3,2026-09-14,600
A52,C1,2026-09-13,1800
A53,C2,2026-09-13,2400
A54,C3,2026-09-13,1400
A55,C1,2026-09-12,2100
A56,C2,2026-09-12,1000
A57,C3,2026-09-12,1700
A58,C1,2026-09-11,2800
A59,C2,2026-09-11,1400
A60,C3,2026-09-11,1000
A61,C1,2026-09-10,900
A62,C2,2026-09-10,1400
A63,C3,2026-09-10,1300
A64,C1,2026-09-09,1800
A65,C2,2026-09-09,1200
A66,C3,2026-09-09,2900
A67,C1,2026-09-08,1800
A68,C2,2026-09-08,1800
A69,C3,2026-09-08,1800
A70,C1,2026-09-07,2700
A71,C2,2026-09-07,1600
A72,C3,2026-09-07,2400
A73,C1,2026-09-06,1900
A74,C2,2026-09-06,700
A75,C3,2026-09-06,1100
A76,C1,2026-09-05,700
A77,C2,2026-09-05,2300
A78,C3,2026-09-05,2900
A79,C1,2026-09-04,2000
A80,C2,2026-09-04,1500
A81,C3,2026-09-04,1200
A82,C1,2026-09-03,2500
A83,C2,2026-09-03,1500
A84,C3,2026-09-03,1900
A85,C1,2026-09-02,2700
A86,C2,2026-09-02,1000
A87,C3,2026-09-02,700
A88,C1,2026-09-01,2400
A89,C2,2026-09-01,900
A90,C3,2026-09-01,2500
A91,C1,2026-08-31,1500
A92,C2,2026-08-31,2700
A93,C3,2026-08-31,1800
A94,C1,2026-08-30,2200
A95,C2,2026-08-30,1700
A96,C3,2026-08-30,1600
A97,C1,2026-08-29,2700
A98,C2,2026-08-29,500
A99,C3,2026-08-29,2100
A100,C1,2026-08-28,2900
A101,C2,2026-08-28,1400
A102,C3,2026-08-28,800
A103,C1,2026-08-27,1700
A104,C2,2026-08-27,2000
A105,C3,2026-08-27,1100
A106,C1,2026-08-26,2900
A107,C2,2026-08-26,1100
A108,C3,2026-08-26,2200
A109,C1,2026-08-25,2000
A110,C2,2026-08-25,1700
A111,C3,2026-08-25,500
A112,C1,2026-08-24,1300
A113,C2,2026-08-24,2100
A114,C3,2026-08-24,1300
A115,C1,2026-08-23,2200
A116,C2,2026-08-23,1000
A117,C3,2026-08-23,500
A118,C1,2026-08-22,1600
A119,C2,2026-08-22,1300
A120,C3,2026-08-22,2100
A121,C1,2026-08-21,1200
A122,C2,2026-08-21,2900
A123,C3,2026-08-21,2200
A124,C1,2026-08-20,2900
A125,C2,2026-08-20,2400
A126,C3,2026-08-20,1000
A127,C1,2026-08-19,1800
A128,C2,2026-08-19,1200
A129,C3,2026-08-19,1000
A130,C1,2026-08-18,2800
A131,C2,2026-08-18,1400
A132,C3,2026-08-18,1300
A133,C1,2026-08-17,2100
A134,C2,2026-08-17,2900
A135,C3,2026-08-17,1200
A136,C1,2026-08-16,1900
A137,C2,2026-08-16,1700
A138,C3,2026-08-16,1200
A139,C1,2026-08-15,1900
A140,C2,2026-08-15,1200
A141,C3,2026-08-15,1400
A142,C1,2026-08-14,800
A143,C2,2026-08-14,1100
A144,C3,2026-08-14,700
A145,C1,2026-08-13,700
A146,C2,2026-08-13,1400
A147,C3,2026-08-13,2000
A148,C1,2026-08-12,2900
A149,C2,2026-08-12,1600
A150,C3,2026-08-12,500
A151,C1,2026-08-11,1300
A152,C2,2026-08-11,1400
A153,C3,2026-08-11,500
A154,C1,2026-08-10,1500
A155,C2,2026-08-10,2900
A156,C3,2026-08-10,2400
A157,C1,2026-08-09,1100
A158,C2,2026-08-09,2500
A159,C3,2026-08-09,2300
A160,C1,2026-08-08,600
A161,C2,2026-08-08,800
A162,C3,2026-08-08,1900
A163,C1,2026-08-07,2300
A164,C2,2026-08-07,2200
A165,C3,2026-08-07,900
A166,C1,2026-08-06,2800
A167,C2,2026-08-06,1600
A168,C3,2026-08-06,2700
A169,C1,2026-08-05,2700
A170,C2,2026-08-05,1000
A171,C3,2026-08-05,800
A172,C1,2026-08-04,1800
A173,C2,2026-08-04,1800
A174,C3,2026-08-04,2500
A175,C1,2026-08-03,1200
A176,C2,2026-08-03,1500
A177,C3,2026-08-03,2300
A178,C1,2026-08-02,2900
A179,C2,2026-08-02,800
A180,C3,2026-08-02,2400
A181,C1,2026-08-01,1500
A182,C2,2026-08-01,500
A183,C3,2026-08-01,1800
A184,C1,2026-07-31,2800
A185,C2,2026-07-31,2700
A186,C3,2026-07-31,800
A187,C1,2026-07-30,2200
A188,C2,2026-07-30,900
A189,C3,2026-07-30,500
A190,C1,2026-07-29,1300
A191,C2,2026-07-29,1600
A192,C3,2026-07-29,2100
A193,C1,2026-07-28,1900
A194,C2,2026-07-28,700
A195,C3,2026-07-28,1400
A196,C1,2026-07-27,700
A197,C2,2026-07-27,1600
A198,C3,2026-07-27,2300
A199,C1,2026-07-26,800
A200,C2,2026-07-26,2200
A201,C3,2026-07-26,1100
A202,C1,2026-07-25,2100
A203,C2,2026-07-25,2800
A204,C3,2026-07-25,2100
A205,C1,2026-07-24,600
A206,C2,2026-07-24,1500
A207,C3,2026-07-24,2200
A208,C1,2026-07-23,2900
A209,C2,2026-07-23,2000
A210,C3,2026-07-23,2300
A211,C1,2026-07-22,1900
A212,C2,2026-07-22,2000
A213,C3,2026-07-22,2400
A214,C1,2026-07-21,2100
A215,C2,2026-07-21,600
A216,C3,2026-07-21,2900
A217,C1,2026-07-20,2800
A218,C2,2026-07-20,2200
A219,C3,2026-07-20,1400
A220,C1,2026-07-19,2200
A221,C2,2026-07-19,2600
A222,C3,2026-07-19,800
A223,C1,2026-07-18,2100
A224,C2,2026-07-18,2400
A225,C3,2026-07-18,1900
A226,C1,2026-07-17,2000
A227,C2,2026-07-17,2800
A228,C3,2026-07-17,900
A229,C1,2026-07-16,700
A230,C2,2026-07-16,2300
A231,C3,2026-07-16,1400
A232,C1,2026-07-15,800
A233,C2,2026-07-15,1900
A234,C3,2026-07-15,2700
A235,C1,2026-07-14,1900
A236,C2,2026-07-14,1800
A237,C3,2026-07-14,2800
A238,C1,2026-07-13,900
A239,C2,2026-07-13,2500
A240,C3,2026-07-13,2300
A241,C1,2026-07-12,2300
A242,C2,2026-07-12,2700
A243,C3,2026-07-12,1500
A244,C1,2026-07-11,2600
A245,C2,2026-07-11,700
A246,C3,2026-07-11,2500
A247,C1,2026-07-10,2700
A248,C2,2026-07-10,2300
A249,C3,2026-07-10,1700
A250,C1,2026-07-09,1100
A251,C2,2026-07-09,600
A252,C3,2026-07-09,1000
A253,C1,2026-07-08,1900
A254,C2,2026-07-08,900
A255,C3,2026-07-08,600
A256,C1,2026-07-07,2000
A257,C2,2026-07-07,1300
A258,C3,2026-07-07,2600
A259,C1,2026-07-06,1600
A260,C2,2026-07-06,2700
A261,C3,2026-07-06,1000
A262,C1,2026-07-05,2500
A263,C2,2026-07-05,2600
A264,C3,2026-07-05,800
A265,C1,2026-07-04,1800
A266,C2,2026-07-04,800
A267,C3,2026-07-04,1000
A268,C1,2026-07-03,2600
A269,C2,2026-07-03,1300
A270,C3,2026-07-03,2300
A271,C1,2026-07-02,2500
A272,C2,2026-07-02,2900
A273,C3,2026-07-02,2600
A274,C1,2026-07-01,1300
A275,C2,2026-07-01,1500
A276,C3,2026-07-01,800
A277,C1,2026-06-30,1400
A278,C2,2026-06-30,800
A279,C3,2026-06-30,2500
A280,C1,2026-06-29,1800
A281,C2,2026-06-29,1400
A282,C3,2026-06-29,600
A283,C1,2026-06-28,2900
A284,C2,2026-06-28,2800
A285,C3,2026-06-28,1200
A286,C1,2026-06-27,2800
A287,C2,2026-06-27,1100
A288,C3,2026-06-27,2300
A289,C1,2026-06-26,2600
A290,C2,2026-06-26,600
A291,C3,2026-06-26,1700
A292,C1,2026-06-25,2200
A293,C2,2026-06-25,1400
A294,C3,2026-06-25,800
A295,C1,2026-06-24,700
A296,C2,2026-06-24,1800
A297,C3,2026-06-24,700
A298,C1,2026-06-23,1600
A299,C2,2026-06-23,2700
A300,C3,2026-06-23,1300
A301,C1,2026-06-22,2300
A302,C2,2026-06-22,1500
A303,C3,2026-06-22,1900
A304,C1,2026-06-21,2400
A305,C2,2026-06-21,2200
A306,C3,2026-06-21,1900
A307,C1,2026-06-20,2200
A308,C2,2026-06-20,1700
A309,C3,2026-06-20,2200
A310,C1,2026-06-19,2100
A311,C2,2026-06-19,2900
A312,C3,2026-06-19,1700
A313,C1,2026-06-18,2200
A314,C2,2026-06-18,2100
A315,C3,2026-06-18,2900
A316,C1,2026-06-17,1900
A317,C2,2026-06-17,500
A318,C3,2026-06-17,2700
A319,C1,2026-06-16,1100
A320,C2,2026-06-16,500
A321,C3,2026-06-16,1000
A322,C1,2026-06-15,800
A323,C2,2026-06-15,2800
A324,C3,2026-06-15,800
A325,C1,2026-06-14,2100
A326,C2,2026-06-14,700
A327,C3,2026-06-14,2900
A328,C1,2026-06-13,1000
A329,C2,2026-06-13,2400
A330,C3,2026-06-13,800
A331,C1,2026-06-12,1700
A332,C2,2026-06-12,2400
A333,C3,2026-06-12,1300
A334,C1,2026-06-11,600
A335,C2,2026-06-11,2300
A336,C3,2026-06-11,2800
A337,C1,2026-06-10,1000
A338,C2,2026-06-10,1600
A339,C3,2026-06-10,2400
A340,C1,2026-06-09,900
A341,C2,2026-06-09,2700
A342,C3,2026-06-09,2700
A343,C1,2026-06-08,2300
A344,C2,2026-06-08,2300
A345,C3,2026-06-08,2200
A346,C1,2026-06-07,700
A347,C2,2026-06-07,900
A348,C3,2026-06-07,2800
A349,C1,2026-06-06,900
A350,C2,2026-06-06,2800
A351,C3,2026-06-06,700
A352,C1,2026-06-05,700
A353,C2,2026-06-05,1900
A354,C3,2026-06-05,2500
A355,C1,2026-06-04,2800
A356,C2,2026-06-04,1700
A357,C3,2026-06-04,2400
A358,C1,2026-06-03,2500
A359,C2,2026-06-03,700
A360,C3,2026-06-03,1300
A361,C1,2026-06-02,2500
A362,C2,2026-06-02,1900
A363,C3,2026-06-02,700
A364,C1,2026-06-01,1100
A365,C2,2026-06-01,2300
A366,C3,2026-06-01,500
A367,C1,2026-05-31,1000
A368,C2,2026-05-31,2400
A369,C3,2026-05-31,1900
A370,C1,2026-05-30,500
A371,C2,2026-05-30,2400
A372,C3,2026-05-30,2700
A373,C1,2026-05-29,2100
A374,C2,2026-05-29,2400
A375,C3,2026-05-29,2800
A376,C1,2026-05-28,2400
A377,C2,2026-05-28,2600
A378,C3,2026-05-28,2000
A379,C1,2026-05-27,1700
A380,C2,2026-05-27,1000
A381,C3,2026-05-27,2500
A382,C1,2026-05-26,2700
A383,C2,2026-05-26,700
A384,C3,2026-05-26,600
A385,C1,2026-05-25,2000
A386,C2,2026-05-25,1200
A387,C3,2026-05-25,2200
A388,C1,2026-05-24,2600
A389,C2,2026-05-24,2900
A390,C3,2026-05-24,1100
A391,C1,2026-05-23,2200
A392,C2,2026-05-23,500
A393,C3,2026-05-23,2100
A394,C1,2026-05-22,2800
A395,C2,2026-05-22,600
A396,C3,2026-05-22,2100
A397,C1,2026-05-21,1900
A398,C2,2026-05-21,1700
A399,C3,2026-05-21,700
A400,C1,2026-05-20,700
A401,C2,2026-05-20,900
A402,C3,2026-05-20,2500
A403,C1,2026-05-19,2400
A404,C2,2026-05-19,1000
A405,C3,2026-05-19,500
A406,C1,2026-05-18,2400
A407,C2,2026-05-18,2500
A408,C3,2026-05-18,2400
A409,C1,2026-05-17,1200
A410,C2,2026-05-17,2700
A411,C3,2026-05-17,1200
A412,C1,2026-05-16,2100
A413,C2,2026-05-16,800
A414,C3,2026-05-16,2400
A415,C1,2026-05-15,900
A416,C2,2026-05-15,2100
A417,C3,2026-05-15,1600
A418,C1,2026-05-14,1400
A419,C2,2026-05-14,500
A420,C3,2026-05-14,900
A421,C1,2026-05-13,2600
A422,C2,2026-05-13,900
A423,C3,2026-05-13,2300
A424,C1,2026-05-12,2700
A425,C2,2026-05-12,1700
A426,C3,2026-05-12,2600
A427,C1,2026-05-11,1400
A428,C2,2026-05-11,2200
A429,C3,2026-05-11,2000
A430,C1,2026-05-10,2800
A431,C2,2026-05-10,2900
A432,C3,2026-05-10,700
A433,C1,2026-05-09,1000
A434,C2,2026-05-09,1500
A435,C3,2026-05-09,1200
A436,C1,2026-05-08,700
A437,C2,2026-05-08,2200
A438,C3,2026-05-08,2400
A439,C1,2026-05-07,1100
A440,C2,2026-05-07,1400
A441,C3,2026-05-07,2900
A442,C1,2026-05-06,1900
A443,C2,2026-05-06,2400
A444,C3,2026-05-06,1200
A445,C1,2026-05-05,1700
A446,C2,2026-05-05,1600
A447,C3,2026-05-05,2300
A448,C1,2026-05-04,900
A449,C2,2026-05-04,1000
A450,C3,2026-05-04,2200
A451,C1,2026-05-03,600
A452,C2,2026-05-03,900
A453,C3,2026-05-03,1800
A454,C1,2026-05-02,1600
A455,C2,2026-05-02,1200
A456,C3,2026-05-02,1900
A457,C1,2026-05-01,2500
A458,C2,2026-05-01,2700
A459,C3,2026-05-01,600
A460,C1,2026-04-30,1600
A461,C2,2026-04-30,2100
A462,C3,2026-04-30,2600
A463,C1,2026-04-29,1800
A464,C2,2026-04-29,1800
A465,C3,2026-04-29,1600
A466,C1,2026-04-28,2500
A467,C2,2026-04-28,900
A468,C3,2026-04-28,2300
A469,C1,2026-04-27,2800
A470,C2,2026-04-27,2600
A471,C3,2026-04-27,2500
A472,C1,2026-04-26,900
A473,C2,2026-04-26,1300
A474,C3,2026-04-26,1000
A475,C1,2026-04-25,1600
A476,C2,2026-04-25,2600
A477,C3,2026-04-25,2700
A478,C1,2026-04-24,2500
A479,C2,2026-04-24,1900
A480,C3,2026-04-24,1700
A481,C1,2026-04-23,600
A482,C2,2026-04-23,500
A483,C3,2026-04-23,1500
A484,C1,2026-04-22,2600
A485,C2,2026-04-22,1700
A486,C3,2026-04-22,700
A487,C1,2026-04-21,2700
A488,C2,2026-04-21,2100
A489,C3,2026-04-21,800
A490,C1,2026-04-20,2000
A491,C2,2026-04-20,1800
A492,C3,2026-04-20,900
A493,C1,2026-04-19,700
A494,C2,2026-04-19,1100
A495,C3,2026-04-19,1700
A496,C1,2026-04-18,2400
A497,C2,2026-04-18,2200
A498,C3,2026-04-18,600
A499,C1,2026-04-17,2300
A500,C2,2026-04-17,800
A501,C3,2026-04-17,1300
A502,C1,2026-04-16,2800
A503,C2,2026-04-16,600
A504,C3,2026-04-16,1700
A505,C1,2026-04-15,1100
A506,C2,2026-04-15,2300
A507,C3,2026-04-15,2100
A508,C1,2026-04-14,1200
A509,C2,2026-04-14,1400
A510,C3,2026-04-14,2900
A511,C1,2026-04-13,1600
A512,C2,2026-04-13,1100
A513,C3,2026-04-13,2400
A514,C1,2026-04-12,1700
A515,C2,2026-04-12,2000
A516,C3,2026-04-12,2200
A517,C1,2026-04-11,900
A518,C2,2026-04-11,2700
A519,C3,2026-04-11,1400
A520,C1,2026-04-10,2500
A521,C2,2026-04-10,700
A522,C3,2026-04-10,2600
A523,C1,2026-04-09,2900
A524,C2,2026-04-09,2300
A525,C3,2026-04-09,2600
A526,C1,2026-04-08,2300
A527,C2,2026-04-08,2200
A528,C3,2026-04-08,1400
A529,C1,2026-04-07,2400
A530,C2,2026-04-07,1300
A531,C3,2026-04-07,500
A532,C1,2026-04-06,1100
A533,C2,2026-04-06,2500
A534,C3,2026-04-06,500
A535,C1,2026-04-05,1000
A536,C2,2026-04-05,1800
A537,C3,2026-04-05,1600
A538,C1,2026-04-04,1000
A539,C2,2026-04-04,700
A540,C3,2026-04-04,2500
