OrderID,ChannelID,Date,CustomerID,GrossSales,Discount,Refund,NetCOGS,ShippingCost,PaymentFee,FulfilmentCost
O00001,C1,2026-09-26,Customer 0001,19100,3736.75,0.0,7681.62,350,384.08,100
O00002,C2,2026-09-16,Customer 0002,15200,2863.87,0.0,6168.07,350,308.4,100
O00003,C3,2026-05-27,Customer 0003,7600,1222.83,0.0,3188.59,350,159.43,100
O00004,C1,2026-04-07,Customer 0004,10300,899.74,0.0,4700.13,350,235.01,100
O00005,C2,2026-05-30,Customer 0005,6700,1000.36,0.0,2849.82,350,142.49,100
O00006,C3,2026-06-29,Customer 0006,17500,480.97,0.0,8509.51,350,425.48,100
O00007,C1,2026-07-03,Customer 0007,13500,949.09,0.0,6275.45,350,313.77,100
O00008,C2,2026-08-26,Customer 0008,9400,1532.33,0.0,3933.84,350,196.69,100
O00009,C3,2026-07-10,Customer 0009,12000,204.86,0.0,5897.57,350,294.88,100
O00010,C1,2026-06-09,Customer 0010,3500,507.7,0.0,1496.15,350,74.81,100
O00011,C2,2026-07-28,Customer 0011,18600,2057.57,16542.43,0.0,350,413.56,100
O00012,C3,2026-08-22,Customer 0012,13700,1225.01,0.0,6237.49,350,311.87,100
O00013,C1,2026-07-30,Customer 0013,4600,451.75,0.0,2074.12,350,103.71,100
O00014,C2,2026-08-07,Customer 0014,5800,372.79,5427.21,0.0,350,135.68,100
O00015,C3,2026-05-02,Customer 0015,4300,272.06,0.0,2013.97,350,100.7,100
O00016,C1,2026-06-07,Customer 0016,17000,3241.94,13758.06,0.0,350,343.95,100
O00017,C2,2026-07-31,Customer 0017,14700,1130.92,0.0,6784.54,350,339.23,100
O00018,C3,2026-04-12,Customer 0018,17100,1790.52,0.0,7654.74,350,382.74,100
O00019,C1,2026-08-20,Customer 0019,10800,1882.38,0.0,4458.81,350,222.94,100
O00020,C2,2026-05-16,Customer 0020,16100,110.51,0.0,7994.74,350,399.74,100
O00021,C3,2026-05-16,Customer 0021,14400,189.9,0.0,7105.05,350,355.25,100
O00022,C1,2026-05-21,Customer 0022,19200,2755.12,0.0,8222.44,350,411.12,100
O00023,C2,2026-08-06,Customer 0023,19600,863.45,0.0,9368.27,350,468.41,100
O00024,C3,2026-06-27,Customer 0024,3400,508.92,0.0,1445.54,350,72.28,100
O00025,C1,2026-08-29,Customer 0025,6700,1087.16,0.0,2806.42,350,140.32,100
O00026,C2,2026-07-14,Customer 0026,17300,75.77,17224.23,0.0,350,430.61,100
O00027,C3,2026-09-04,Customer 0027,18100,3126.18,0.0,7486.91,350,374.35,100
O00028,C1,2026-06-13,Customer 0028,9400,1528.92,0.0,3935.54,350,196.78,100
O00029,C2,2026-07-15,Customer 0029,14100,1514.58,0.0,6292.71,350,314.64,100
O00030,C3,2026-09-30,Customer 0030,7900,1324.37,0.0,3287.82,350,164.39,100
O00031,C1,2026-09-22,Customer 0031,13400,573.43,0.0,6413.28,350,320.66,100
O00032,C2,2026-08-21,Customer 0032,16400,1068.79,15331.21,0.0,350,383.28,100
O00033,C3,2026-07-06,Customer 0033,17800,2378.14,15421.86,0.0,350,385.55,100
O00034,C1,2026-08-30,Customer 0034,19100,3343.78,0.0,7878.11,350,393.91,100
O00035,C2,2026-09-22,Customer 0035,1800,297.67,1502.33,0.0,350,37.56,100
O00036,C3,2026-05-11,Customer 0036,4000,153.06,3846.94,0.0,350,96.17,100
O00037,C1,2026-09-18,Customer 0037,10500,1282.66,0.0,4608.67,350,230.43,100
O00038,C2,2026-04-13,Customer 0038,9800,627.53,0.0,4586.23,350,229.31,100
O00039,C3,2026-05-16,Customer 0039,12800,604.49,0.0,6097.76,350,304.89,100
O00040,C1,2026-09-29,Customer 0040,10100,786.91,9313.09,0.0,350,232.83,100
O00041,C2,2026-05-23,Customer 0041,11600,770.64,0.0,5414.68,350,270.73,100
O00042,C3,2026-06-01,Customer 0042,8400,250.03,8149.97,0.0,350,203.75,100
O00043,C1,2026-07-21,Customer 0043,11400,582.21,0.0,5408.9,350,270.44,100
O00044,C2,2026-07-06,Customer 0044,17900,3423.35,0.0,7238.32,350,361.92,100
O00045,C3,2026-09-20,Customer 0045,19600,3794.09,15805.91,0.0,350,395.15,100
O00046,C1,2026-09-09,Customer 0046,8600,276.6,0.0,4161.7,350,208.09,100
O00047,C2,2026-06-09,Customer 0047,14600,1840.76,0.0,6379.62,350,318.98,100
O00048,C3,2026-06-07,Customer 0048,15400,586.58,0.0,7406.71,350,370.34,100
O00049,C1,2026-09-08,Customer 0049,4100,22.72,4077.28,0.0,350,101.93,100
O00050,C2,2026-04-30,Customer 0050,16000,1912.51,14087.49,0.0,350,352.19,100
O00051,C3,2026-09-08,Customer 0051,12400,1160.08,0.0,5619.96,350,281.0,100
O00052,C1,2026-08-06,Customer 0052,16100,1155.31,0.0,7472.35,350,373.62,100
O00053,C2,2026-04-18,Customer 0053,4000,716.11,0.0,1641.94,350,82.1,100
O00054,C3,2026-09-27,Customer 0054,7500,924.0,0.0,3288.0,350,164.4,100
O00055,C1,2026-09-21,Customer 0055,2300,155.99,0.0,1072.01,350,53.6,100
O00056,C2,2026-09-08,Customer 0056,2300,334.69,0.0,982.65,350,49.13,100
O00057,C3,2026-07-04,Customer 0057,11300,604.3,10695.7,0.0,350,267.39,100
O00058,C1,2026-04-24,Customer 0058,12700,418.75,12281.25,0.0,350,307.03,100
O00059,C2,2026-05-25,Customer 0059,8500,1310.86,0.0,3594.57,350,179.73,100
O00060,C3,2026-09-29,Customer 0060,5900,599.25,5300.75,0.0,350,132.52,100
O00061,C1,2026-07-01,Customer 0061,4400,562.07,3837.93,0.0,350,95.95,100
O00062,C2,2026-09-22,Customer 0062,13000,1392.97,0.0,5803.52,350,290.18,100
O00063,C3,2026-07-22,Customer 0063,6800,156.25,0.0,3321.88,350,166.09,100
O00064,C1,2026-09-25,Customer 0064,8900,714.88,8185.12,0.0,350,204.63,100
O00065,C2,2026-04-28,Customer 0065,2300,9.14,0.0,1145.43,350,57.27,100
O00066,C3,2026-05-04,Customer 0066,1400,93.13,0.0,653.43,350,32.67,100
O00067,C1,2026-04-08,Customer 0067,3500,431.19,3068.81,0.0,350,76.72,100
O00068,C2,2026-04-12,Customer 0068,19700,1934.19,0.0,8882.91,350,444.15,100
O00069,C3,2026-06-14,Customer 0069,5000,468.74,0.0,2265.63,350,113.28,100
O00070,C1,2026-05-12,Customer 0070,13900,2103.66,0.0,5898.17,350,294.91,100
O00071,C2,2026-09-20,Customer 0071,9800,1534.37,0.0,4132.82,350,206.64,100
O00072,C3,2026-04-15,Customer 0072,18200,437.23,0.0,8881.39,350,444.07,100
O00073,C1,2026-08-17,Customer 0073,7200,1409.51,0.0,2895.24,350,144.76,100
O00074,C2,2026-07-14,Customer 0074,11800,1904.12,0.0,4947.94,350,247.4,100
O00075,C3,2026-04-09,Customer 0075,4700,560.84,0.0,2069.58,350,103.48,100
O00076,C1,2026-06-17,Customer 0076,3100,317.47,2782.53,-0.0,350,69.56,100
O00077,C2,2026-09-06,Customer 0077,9800,1347.56,0.0,4226.22,350,211.31,100
O00078,C3,2026-06-19,Customer 0078,9900,1045.42,0.0,4427.29,350,221.36,100
O00079,C1,2026-09-10,Customer 0079,1200,158.16,0.0,520.92,350,26.05,100
O00080,C2,2026-07-31,Customer 0080,12400,333.42,12066.58,0.0,350,301.66,100
O00081,C3,2026-08-09,Customer 0081,15300,1483.43,0.0,6908.28,350,345.41,100
O00082,C1,2026-05-03,Customer 0082,1000,123.91,0.0,438.05,350,21.9,100
O00083,C2,2026-08-23,Customer 0083,18800,460.68,18339.32,0.0,350,458.48,100
O00084,C3,2026-09-22,Customer 0084,12300,816.84,0.0,5741.58,350,287.08,100
O00085,C1,2026-07-08,Customer 0085,6700,1272.23,0.0,2713.89,350,135.69,100
O00086,C2,2026-05-06,Customer 0086,8800,1142.23,0.0,3828.89,350,191.44,100
O00087,C3,2026-07-30,Customer 0087,5200,834.16,0.0,2182.92,350,109.15,100
O00088,C1,2026-05-23,Customer 0088,12700,2347.14,0.0,5176.43,350,258.82,100
O00089,C2,2026-04-27,Customer 0089,15100,1079.65,0.0,7010.18,350,350.51,100
O00090,C3,2026-06-07,Customer 0090,18900,2761.14,0.0,8069.43,350,403.47,100
O00091,C1,2026-07-24,Customer 0091,5100,681.23,0.0,2209.39,350,110.47,100
O00092,C2,2026-09-10,Customer 0092,13800,2684.8,0.0,5557.6,350,277.88,100
O00093,C3,2026-09-14,Customer 0093,10700,1115.41,9584.59,0.0,350,239.61,100
O00094,C1,2026-09-22,Customer 0094,12300,1084.67,0.0,5607.66,350,280.38,100
O00095,C2,2026-09-14,Customer 0095,6900,1306.23,0.0,2796.89,350,139.84,100
O00096,C3,2026-06-05,Customer 0096,6300,472.93,0.0,2913.53,350,145.68,100
O00097,C1,2026-04-22,Customer 0097,16200,1397.62,0.0,7401.19,350,370.06,100
O00098,C2,2026-04-18,Customer 0098,18800,2834.96,0.0,7982.52,350,399.13,100
O00099,C3,2026-05-01,Customer 0099,14900,2446.14,0.0,6226.93,350,311.35,100
O00100,C1,2026-09-08,Customer 0100,12300,1036.93,0.0,5631.53,350,281.58,100
O00101,C2,2026-08-21,Customer 0101,6700,560.05,6139.95,0.0,350,153.5,100
O00102,C3,2026-04-04,Customer 0102,10900,1187.02,0.0,4856.49,350,242.82,100
O00103,C1,2026-07-31,Customer 0103,18700,2460.25,16239.75,0.0,350,405.99,100
O00104,C2,2026-09-04,Customer 0104,1200,213.44,0.0,493.28,350,24.66,100
O00105,C3,2026-06-18,Customer 0105,13500,1637.97,11862.03,0.0,350,296.55,100
O00106,C1,2026-08-13,Customer 0106,19700,2891.79,16808.21,0.0,350,420.21,100
O00107,C2,2026-07-26,Customer 0107,13300,175.8,0.0,6562.1,350,328.11,100
O00108,C3,2026-09-14,Customer 0108,10200,1321.16,0.0,4439.42,350,221.97,100
O00109,C1,2026-07-09,Customer 0109,7000,456.84,6543.16,0.0,350,163.58,100
O00110,C2,2026-04-07,Customer 0110,11600,1158.84,0.0,5220.58,350,261.03,100
O00111,C3,2026-05-26,Customer 0111,16500,2997.24,0.0,6751.38,350,337.57,100
O00112,C1,2026-07-29,Customer 0112,14400,1529.47,12870.53,0.0,350,321.76,100
O00113,C2,2026-07-15,Customer 0113,3800,572.95,3227.05,0.0,350,80.68,100
O00114,C3,2026-04-10,Customer 0114,7300,600.31,0.0,3349.85,350,167.49,100
O00115,C1,2026-05-28,Customer 0115,18900,2772.46,0.0,8063.77,350,403.19,100
O00116,C2,2026-09-08,Customer 0116,15800,2879.27,0.0,6460.36,350,323.02,100
O00117,C3,2026-09-22,Customer 0117,13200,802.9,0.0,6198.55,350,309.93,100
O00118,C1,2026-04-07,Customer 0118,9400,1027.72,0.0,4186.14,350,209.31,100
O00119,C2,2026-05-12,Customer 0119,5200,134.38,0.0,2532.81,350,126.64,100
O00120,C3,2026-09-10,Customer 0120,4300,126.21,0.0,2086.89,350,104.34,100
O00121,C1,2026-05-22,Customer 0121,13400,2000.68,0.0,5699.66,350,284.98,100
O00122,C2,2026-08-06,Customer 0122,9300,773.15,8526.85,0.0,350,213.17,100
O00123,C3,2026-06-20,Customer 0123,6200,996.11,0.0,2601.95,350,130.1,100
O00124,C1,2026-05-06,Customer 0124,11900,1992.27,0.0,4953.86,350,247.69,100
O00125,C2,2026-05-11,Customer 0125,19400,950.81,18449.19,0.0,350,461.23,100
O00126,C3,2026-08-27,Customer 0126,12600,2058.09,0.0,5270.95,350,263.55,100
O00127,C1,2026-04-16,Customer 0127,9500,528.25,0.0,4485.88,350,224.29,100
O00128,C2,2026-09-11,Customer 0128,10000,1958.54,8041.46,0.0,350,201.04,100
O00129,C3,2026-05-29,Customer 0129,19000,1045.21,0.0,8977.4,350,448.87,100
O00130,C1,2026-06-16,Customer 0130,17000,2245.26,0.0,7377.37,350,368.87,100
O00131,C2,2026-09-10,Customer 0131,3200,249.3,0.0,1475.35,350,73.77,100
O00132,C3,2026-08-03,Customer 0132,18400,2769.22,0.0,7815.39,350,390.77,100
O00133,C1,2026-08-09,Customer 0133,16200,52.82,0.0,8073.59,350,403.68,100
O00134,C2,2026-05-02,Customer 0134,4900,408.3,0.0,2245.85,350,112.29,100
O00135,C3,2026-05-02,Customer 0135,10600,1521.2,0.0,4539.4,350,226.97,100
O00136,C1,2026-06-13,Customer 0136,13200,2515.09,0.0,5342.45,350,267.12,100
O00137,C2,2026-07-27,Customer 0137,6300,87.64,0.0,3106.18,350,155.31,100
O00138,C3,2026-04-30,Customer 0138,16000,1806.6,0.0,7096.7,350,354.84,100
O00139,C1,2026-09-21,Customer 0139,14900,1215.23,0.0,6842.39,350,342.12,100
O00140,C2,2026-05-19,Customer 0140,10500,143.63,10356.37,0.0,350,258.91,100
O00141,C3,2026-09-15,Customer 0141,14000,1627.73,0.0,6186.14,350,309.31,100
O00142,C1,2026-08-25,Customer 0142,5100,691.24,0.0,2204.38,350,110.22,100
O00143,C2,2026-09-18,Customer 0143,11100,1296.86,9803.14,0.0,350,245.08,100
O00144,C3,2026-04-11,Customer 0144,13900,1729.63,0.0,6085.18,350,304.26,100
O00145,C1,2026-07-04,Customer 0145,6400,403.16,0.0,2998.42,350,149.92,100
O00146,C2,2026-08-11,Customer 0146,12300,742.12,0.0,5778.94,350,288.95,100
O00147,C3,2026-08-12,Customer 0147,15600,2448.43,13151.57,0.0,350,328.79,100
O00148,C1,2026-08-11,Customer 0148,17800,1236.21,0.0,8281.9,350,414.09,100
O00149,C2,2026-09-30,Customer 0149,16000,1864.65,0.0,7067.68,350,353.38,100
O00150,C3,2026-07-30,Customer 0150,9200,1497.57,7702.43,0.0,350,192.56,100
O00151,C1,2026-09-12,Customer 0151,2100,388.41,1711.59,0.0,350,42.79,100
O00152,C2,2026-08-09,Customer 0152,12200,926.6,11273.4,0.0,350,281.83,100
O00153,C3,2026-06-01,Customer 0153,17900,1848.3,0.0,8025.85,350,401.29,100
O00154,C1,2026-04-15,Customer 0154,18100,2287.2,0.0,7906.4,350,395.32,100
O00155,C2,2026-05-28,Customer 0155,19500,2502.25,0.0,8498.88,350,424.94,100
O00156,C3,2026-08-26,Customer 0156,10100,596.06,0.0,4751.97,350,237.6,100
O00157,C1,2026-09-21,Customer 0157,4300,588.02,0.0,1855.99,350,92.8,100
O00158,C2,2026-05-02,Customer 0158,10400,1803.17,0.0,4298.41,350,214.92,100
O00159,C3,2026-04-25,Customer 0159,15200,688.59,0.0,7255.7,350,362.79,100
O00160,C1,2026-07-11,Customer 0160,16400,1393.91,15006.09,0.0,350,375.15,100
O00161,C2,2026-04-21,Customer 0161,12400,598.34,0.0,5900.83,350,295.04,100
O00162,C3,2026-07-05,Customer 0162,5000,701.02,0.0,2149.49,350,107.47,100
O00163,C1,2026-04-12,Customer 0163,13100,2377.05,0.0,5361.48,350,268.07,100
O00164,C2,2026-08-12,Customer 0164,4800,177.06,4622.94,0.0,350,115.57,100
O00165,C3,2026-04-24,Customer 0165,12200,2238.71,9961.29,0.0,350,249.03,100
O00166,C1,2026-09-01,Customer 0166,3500,659.6,0.0,1420.2,350,71.01,100
O00167,C2,2026-08-18,Customer 0167,2300,165.16,0.0,1067.42,350,53.37,100
O00168,C3,2026-06-24,Customer 0168,11000,1880.64,9119.36,0.0,350,227.98,100
O00169,C1,2026-04-26,Customer 0169,2700,121.36,0.0,1289.32,350,64.47,100
O00170,C2,2026-09-05,Customer 0170,13500,592.21,0.0,6453.9,350,322.69,100
O00171,C3,2026-04-30,Customer 0171,4900,548.12,0.0,2175.94,350,108.8,100
O00172,C1,2026-08-30,Customer 0172,16600,2926.06,0.0,6836.97,350,341.85,100
O00173,C2,2026-04-30,Customer 0173,5400,830.52,0.0,2284.74,350,114.24,100
O00174,C3,2026-07-07,Customer 0174,8700,1096.33,0.0,3801.84,350,190.09,100
O00175,C1,2026-04-12,Customer 0175,8300,736.64,0.0,3781.68,350,189.08,100
O00176,C2,2026-04-17,Customer 0176,3500,338.1,0.0,1580.95,350,79.05,100
O00177,C3,2026-09-08,Customer 0177,17100,2076.01,0.0,7511.99,350,375.6,100
O00178,C1,2026-07-16,Customer 0178,3200,389.43,0.0,1405.29,350,70.26,100
O00179,C2,2026-07-07,Customer 0179,2300,5.53,0.0,1147.23,350,57.36,100
O00180,C3,2026-06-10,Customer 0180,16800,485.41,0.0,8157.3,350,407.86,100
O00181,C1,2026-06-06,Customer 0181,19400,694.19,0.0,9352.91,350,467.65,100
O00182,C2,2026-04-10,Customer 0182,16800,739.84,0.0,8030.08,350,401.5,100
O00183,C3,2026-09-10,Customer 0183,6900,1237.43,0.0,2831.28,350,141.56,100
O00184,C1,2026-05-18,Customer 0184,7900,244.69,0.0,3827.66,350,191.38,100
O00185,C2,2026-05-19,Customer 0185,10200,1386.94,8813.06,0.0,350,220.33,100
O00186,C3,2026-08-13,Customer 0186,18400,371.99,0.0,9014.0,350,450.7,100
O00187,C1,2026-06-21,Customer 0187,16500,2910.82,0.0,6794.59,350,339.73,100
O00188,C2,2026-05-26,Customer 0188,8600,1054.71,0.0,3772.64,350,188.63,100
O00189,C3,2026-06-29,Customer 0189,15400,2967.08,12432.92,0.0,350,310.82,100
O00190,C1,2026-09-05,Customer 0190,4300,688.7,0.0,1805.65,350,90.28,100
O00191,C2,2026-06-27,Customer 0191,7700,919.29,0.0,3390.36,350,169.52,100
O00192,C3,2026-07-02,Customer 0192,19900,615.29,19284.71,0.0,350,482.12,100
O00193,C1,2026-04-10,Customer 0193,14400,323.0,0.0,7038.5,350,351.93,100
O00194,C2,2026-04-18,Customer 0194,4800,139.04,4660.96,0.0,350,116.52,100
O00195,C3,2026-07-11,Customer 0195,11800,1699.25,0.0,5050.38,350,252.52,100
O00196,C1,2026-08-28,Customer 0196,4000,605.81,0.0,1697.1,350,84.85,100
O00197,C2,2026-05-16,Customer 0197,2200,27.65,0.0,1086.17,350,54.31,100
O00198,C3,2026-05-29,Customer 0198,13700,2630.15,11069.85,0.0,350,276.75,100
O00199,C1,2026-09-02,Customer 0199,10000,995.75,0.0,4502.12,350,225.11,100
O00200,C2,2026-07-15,Customer 0200,2800,354.28,0.0,1222.86,350,61.14,100
O00201,C3,2026-08-31,Customer 0201,8600,547.42,0.0,4026.29,350,201.31,100
O00202,C1,2026-08-01,Customer 0202,9900,1865.56,0.0,4017.22,350,200.86,100
O00203,C2,2026-05-17,Customer 0203,4500,55.73,0.0,2222.14,350,111.11,100
O00204,C3,2026-06-11,Customer 0204,16000,1403.79,0.0,7298.1,350,364.91,100
O00205,C1,2026-07-10,Customer 0205,9100,1435.27,7664.73,0.0,350,191.62,100
O00206,C2,2026-05-16,Customer 0206,10100,575.26,0.0,4762.37,350,238.12,100
O00207,C3,2026-07-04,Customer 0207,5300,291.31,0.0,2504.34,350,125.22,100
O00208,C1,2026-06-24,Customer 0208,7600,307.92,0.0,3646.04,350,182.3,100
O00209,C2,2026-06-13,Customer 0209,13700,1554.75,0.0,6072.62,350,303.63,100
O00210,C3,2026-06-12,Customer 0210,10900,805.75,10094.25,0.0,350,252.36,100
O00211,C1,2026-04-16,Customer 0211,14400,2492.23,0.0,5953.89,350,297.69,100
O00212,C2,2026-04-30,Customer 0212,2700,86.34,0.0,1306.83,350,65.34,100
O00213,C3,2026-09-19,Customer 0213,14200,1876.02,0.0,6161.99,350,308.1,100
O00214,C1,2026-07-15,Customer 0214,16800,2059.91,0.0,7370.05,350,368.5,100
O00215,C2,2026-06-11,Customer 0215,18700,2572.03,0.0,8063.98,350,403.2,100
O00216,C3,2026-06-30,Customer 0216,8900,1641.25,0.0,3629.38,350,181.47,100
O00217,C1,2026-09-24,Customer 0217,2800,70.65,0.0,1364.67,350,68.23,100
O00218,C2,2026-06-06,Customer 0218,13300,972.2,0.0,6163.9,350,308.19,100
O00219,C3,2026-08-22,Customer 0219,10200,1879.16,0.0,4160.42,350,208.02,100
O00220,C1,2026-09-02,Customer 0220,2600,221.65,0.0,1189.17,350,59.46,100
O00221,C2,2026-07-12,Customer 0221,2800,103.8,0.0,1348.1,350,67.41,100
O00222,C3,2026-08-18,Customer 0222,3500,122.23,0.0,1688.88,350,84.44,100
O00223,C1,2026-09-17,Customer 0223,12200,2313.52,0.0,4943.24,350,247.16,100
O00224,C2,2026-05-20,Customer 0224,12700,831.35,0.0,5934.32,350,296.72,100
O00225,C3,2026-05-19,Customer 0225,15200,2159.34,0.0,6520.33,350,326.02,100
O00226,C1,2026-09-30,Customer 0226,12600,962.49,0.0,5818.76,350,290.94,100
O00227,C2,2026-05-28,Customer 0227,12700,2534.11,0.0,5082.94,350,254.15,100
O00228,C3,2026-07-07,Customer 0228,4000,351.16,0.0,1824.42,350,91.22,100
O00229,C1,2026-08-07,Customer 0229,9700,802.29,0.0,4448.85,350,222.44,100
O00230,C2,2026-06-23,Customer 0230,19900,3382.26,0.0,8258.87,350,412.94,100
O00231,C3,2026-08-03,Customer 0231,7100,529.34,0.0,3285.33,350,164.27,100
O00232,C1,2026-09-29,Customer 0232,14100,987.56,0.0,6556.22,350,327.81,100
O00233,C2,2026-09-03,Customer 0233,6600,1300.1,0.0,2649.95,350,132.5,100
O00234,C3,2026-05-16,Customer 0234,17200,2173.14,0.0,7513.43,350,375.67,100
O00235,C1,2026-09-25,Customer 0235,1600,293.08,0.0,653.46,350,32.67,100
O00236,C2,2026-08-04,Customer 0236,9900,1222.36,0.0,4338.82,350,216.94,100
O00237,C3,2026-09-28,Customer 0237,2500,285.67,0.0,1107.16,350,55.36,100
O00238,C1,2026-08-17,Customer 0238,15400,2111.68,13288.32,0.0,350,332.21,100
O00239,C2,2026-05-26,Customer 0239,5200,623.84,0.0,2288.08,350,114.4,100
O00240,C3,2026-08-19,Customer 0240,19200,2910.14,16289.86,0.0,350,407.25,100
O00241,C1,2026-09-04,Customer 0241,6400,72.52,0.0,3163.74,350,158.19,100
O00242,C2,2026-09-26,Customer 0242,17900,3078.52,0.0,7410.74,350,370.54,100
O00243,C3,2026-05-13,Customer 0243,11900,432.07,0.0,5733.97,350,286.7,100
O00244,C1,2026-09-08,Customer 0244,10700,2007.14,0.0,4346.43,350,217.32,100
O00245,C2,2026-06-16,Customer 0245,1200,146.07,0.0,526.97,350,26.35,100
O00246,C3,2026-08-22,Customer 0246,14800,2422.85,0.0,6188.57,350,309.43,100
O00247,C1,2026-04-26,Customer 0247,12200,1903.69,0.0,5148.15,350,257.41,100
O00248,C2,2026-04-22,Customer 0248,7500,266.88,0.0,3616.56,350,180.83,100
O00249,C3,2026-07-25,Customer 0249,19800,2602.25,0.0,8598.88,350,429.94,100
O00250,C1,2026-08-15,Customer 0250,9400,1727.83,0.0,3836.09,350,191.8,100
O00251,C2,2026-04-14,Customer 0251,5800,1070.35,0.0,2364.82,350,118.24,100
O00252,C3,2026-07-20,Customer 0252,8300,718.89,0.0,3790.55,350,189.53,100
O00253,C1,2026-04-10,Customer 0253,11000,1141.61,9858.39,0.0,350,246.46,100
O00254,C2,2026-04-05,Customer 0254,5600,787.17,0.0,2406.41,350,120.32,100
O00255,C3,2026-04-08,Customer 0255,16300,802.42,0.0,7748.79,350,387.44,100
O00256,C1,2026-07-29,Customer 0256,11900,1877.05,0.0,5011.48,350,250.57,100
O00257,C2,2026-08-08,Customer 0257,4600,755.2,0.0,1922.4,350,96.12,100
O00258,C3,2026-08-03,Customer 0258,5400,478.97,4921.03,0.0,350,123.03,100
O00259,C1,2026-09-20,Customer 0259,2900,421.01,0.0,1239.49,350,61.97,100
O00260,C2,2026-08-18,Customer 0260,2400,66.02,0.0,1166.99,350,58.35,100
O00261,C3,2026-09-14,Customer 0261,19000,2072.02,0.0,8463.99,350,423.2,100
O00262,C1,2026-04-12,Customer 0262,12000,2105.2,9894.8,0.0,350,247.37,100
O00263,C2,2026-04-14,Customer 0263,11000,401.69,0.0,5299.15,350,264.96,100
O00264,C3,2026-07-26,Customer 0264,1900,102.82,0.0,898.59,350,44.93,100
O00265,C1,2026-04-22,Customer 0265,4600,472.03,0.0,2063.99,350,103.2,100
O00266,C2,2026-05-26,Customer 0266,9000,10.09,0.0,4494.95,350,224.75,100
O00267,C3,2026-04-27,Customer 0267,14400,5.44,0.0,7197.28,350,359.86,100
O00268,C1,2026-05-31,Customer 0268,2800,156.28,2643.72,0.0,350,66.09,100
O00269,C2,2026-07-03,Customer 0269,5200,866.1,0.0,2166.95,350,108.35,100
O00270,C3,2026-04-23,Customer 0270,10400,1289.97,0.0,4555.02,350,227.75,100
O00271,C1,2026-06-07,Customer 0271,14700,1209.05,0.0,6745.48,350,337.27,100
O00272,C2,2026-08-28,Customer 0272,5300,150.34,0.0,2574.83,350,128.74,100
O00273,C3,2026-09-03,Customer 0273,18500,2135.6,0.0,8182.2,350,409.11,100
O00274,C1,2026-06-07,Customer 0274,6400,1160.6,0.0,2619.7,350,130.98,100
O00275,C2,2026-08-07,Customer 0275,17300,932.49,0.0,8183.76,350,409.19,100
O00276,C3,2026-07-25,Customer 0276,8900,166.85,0.0,4366.57,350,218.33,100
O00277,C1,2026-08-22,Customer 0277,2900,121.22,0.0,1389.39,350,69.47,100
O00278,C2,2026-04-27,Customer 0278,5400,1061.22,0.0,2169.39,350,108.47,100
O00279,C3,2026-04-07,Customer 0279,9900,1530.64,0.0,4184.68,350,209.23,100
O00280,C1,2026-06-26,Customer 0280,5000,146.33,0.0,2426.84,350,121.34,100
O00281,C2,2026-08-20,Customer 0281,15800,2489.44,0.0,6655.28,350,332.76,100
O00282,C3,2026-09-04,Customer 0282,14400,2457.07,0.0,5971.47,350,298.57,100
O00283,C1,2026-09-26,Customer 0283,13500,393.01,0.0,6553.49,350,327.67,100
O00284,C2,2026-08-26,Customer 0284,13000,574.07,0.0,6212.97,350,310.65,100
O00285,C3,2026-06-22,Customer 0285,15700,1149.5,14550.5,0.0,350,363.76,100
O00286,C1,2026-04-08,Customer 0286,5600,1040.2,0.0,2279.9,350,114.0,100
O00287,C2,2026-05-14,Customer 0287,15200,2609.42,0.0,6295.29,350,314.76,100
O00288,C3,2026-08-22,Customer 0288,19100,3028.87,16071.13,0.0,350,401.78,100
O00289,C1,2026-05-15,Customer 0289,13600,1899.13,0.0,5850.43,350,292.52,100
O00290,C2,2026-07-04,Customer 0290,17300,1971.94,0.0,7664.03,350,383.2,100
O00291,C3,2026-06-03,Customer 0291,17700,2513.07,0.0,7593.47,350,379.67,100
O00292,C1,2026-08-31,Customer 0292,6100,602.96,0.0,2748.52,350,137.43,100
O00293,C2,2026-05-09,Customer 0293,18300,3514.79,0.0,7392.6,350,369.63,100
O00294,C3,2026-09-03,Customer 0294,9000,607.16,0.0,4196.42,350,209.82,100
O00295,C1,2026-05-21,Customer 0295,15100,1708.11,13391.89,0.0,350,334.8,100
O00296,C2,2026-07-25,Customer 0296,7200,603.56,0.0,3298.22,350,164.91,100
O00297,C3,2026-05-21,Customer 0297,11800,2150.11,0.0,4824.94,350,241.25,100
O00298,C1,2026-05-01,Customer 0298,1300,82.91,0.0,608.54,350,30.43,100
O00299,C2,2026-08-19,Customer 0299,13600,327.37,13272.63,0.0,350,331.82,100
O00300,C3,2026-07-06,Customer 0300,12400,178.97,0.0,6110.52,350,305.53,100
O00301,C1,2026-04-26,Customer 0301,2000,1.31,0.0,999.35,350,49.97,100
O00302,C2,2026-07-19,Customer 0302,11600,966.5,0.0,5316.75,350,265.84,100
O00303,C3,2026-08-15,Customer 0303,4000,389.48,3610.52,0.0,350,90.26,100
O00304,C1,2026-06-17,Customer 0304,11900,2256.36,0.0,4821.82,350,241.09,100
O00305,C2,2026-04-30,Customer 0305,12600,2281.77,0.0,5159.11,350,257.96,100
O00306,C3,2026-05-12,Customer 0306,19100,945.03,0.0,9077.49,350,453.87,100
O00307,C1,2026-07-23,Customer 0307,15700,89.34,0.0,7805.33,350,390.27,100
O00308,C2,2026-07-21,Customer 0308,13300,1671.6,11628.4,0.0,350,290.71,100
O00309,C3,2026-04-30,Customer 0309,18800,3.98,0.0,9398.01,350,469.9,100
O00310,C1,2026-04-24,Customer 0310,8500,421.07,8078.93,0.0,350,201.97,100
O00311,C2,2026-05-31,Customer 0311,5600,201.39,0.0,2699.3,350,134.97,100
O00312,C3,2026-04-13,Customer 0312,18100,1350.91,0.0,8374.55,350,418.73,100
O00313,C1,2026-05-12,Customer 0313,15900,312.68,15587.32,0.0,350,389.68,100
O00314,C2,2026-09-28,Customer 0314,4000,382.3,0.0,1808.85,350,90.44,100
O00315,C3,2026-09-10,Customer 0315,2100,1.37,0.0,1049.32,350,52.47,100
O00316,C1,2026-09-26,Customer 0316,11300,401.66,0.0,5449.17,350,272.46,100
O00317,C2,2026-08-05,Customer 0317,10500,453.21,0.0,5023.4,350,251.17,100
O00318,C3,2026-05-05,Customer 0318,19800,589.12,0.0,9605.44,350,480.27,100
O00319,C1,2026-08-07,Customer 0319,17100,3231.86,0.0,6934.07,350,346.7,100
O00320,C2,2026-07-18,Customer 0320,1800,98.31,0.0,850.85,350,42.54,100
O00321,C3,2026-06-12,Customer 0001,9700,1588.59,0.0,4055.7,350,202.79,100
O00322,C1,2026-04-06,Customer 0002,18800,1523.03,0.0,8638.49,350,431.92,100
O00323,C2,2026-07-04,Customer 0003,17900,852.24,0.0,8523.88,350,426.19,100
O00324,C3,2026-09-30,Customer 0004,12100,2042.91,0.0,5028.55,350,251.43,100
O00325,C1,2026-05-01,Customer 0005,18500,3626.13,14873.87,-0.0,350,371.85,100
O00326,C2,2026-05-22,Customer 0006,15000,1267.7,0.0,6866.15,350,343.31,100
O00327,C3,2026-06-10,Customer 0007,19500,1494.66,0.0,9002.67,350,450.13,100
O00328,C1,2026-06-11,Customer 0008,14900,802.15,0.0,7048.93,350,352.45,100
O00329,C2,2026-07-22,Customer 0009,12300,1255.45,0.0,5522.27,350,276.11,100
O00330,C3,2026-09-07,Customer 0010,15500,2293.92,0.0,6603.04,350,330.15,100
O00331,C1,2026-08-09,Customer 0011,7500,1498.05,6001.95,0.0,350,150.05,100
O00332,C2,2026-07-04,Customer 0012,11400,1247.57,0.0,5076.22,350,253.81,100
O00333,C3,2026-05-02,Customer 0013,16800,374.82,0.0,8212.59,350,410.63,100
O00334,C1,2026-05-30,Customer 0014,18600,1081.67,0.0,8759.17,350,437.96,100
O00335,C2,2026-08-31,Customer 0015,14100,1390.41,0.0,6354.8,350,317.74,100
O00336,C3,2026-06-08,Customer 0016,7700,125.67,7574.33,0.0,350,189.36,100
O00337,C1,2026-04-16,Customer 0017,1000,30.16,0.0,484.92,350,24.25,100
O00338,C2,2026-08-05,Customer 0018,16800,2164.21,0.0,7317.9,350,365.89,100
O00339,C3,2026-05-24,Customer 0019,18900,1685.25,17214.75,0.0,350,430.37,100
O00340,C1,2026-06-30,Customer 0020,10100,1545.81,8554.19,0.0,350,213.85,100
O00341,C2,2026-08-07,Customer 0021,7500,474.39,7025.61,0.0,350,175.64,100
O00342,C3,2026-07-12,Customer 0022,7500,1004.22,6495.78,0.0,350,162.39,100
O00343,C1,2026-08-05,Customer 0023,9100,1271.39,0.0,3914.3,350,195.72,100
O00344,C2,2026-05-23,Customer 0024,9300,415.33,0.0,4442.34,350,222.12,100
O00345,C3,2026-08-08,Customer 0025,3900,52.17,0.0,1923.91,350,96.2,100
O00346,C1,2026-04-22,Customer 0026,15600,1631.14,0.0,6984.43,350,349.22,100
O00347,C2,2026-09-27,Customer 0027,19100,308.85,0.0,9395.58,350,469.78,100
O00348,C3,2026-08-08,Customer 0028,15200,2281.26,0.0,6459.37,350,322.97,100
O00349,C1,2026-08-27,Customer 0029,10000,1572.9,8427.1,0.0,350,210.68,100
O00350,C2,2026-08-31,Customer 0030,8300,1538.96,0.0,3380.52,350,169.03,100
O00351,C3,2026-05-26,Customer 0031,9300,1296.79,0.0,4001.61,350,200.08,100
O00352,C1,2026-07-30,Customer 0032,2600,487.05,0.0,1056.47,350,52.82,100
O00353,C2,2026-05-01,Customer 0033,7900,766.74,0.0,3566.63,350,178.33,100
O00354,C3,2026-04-26,Customer 0034,1700,270.05,0.0,714.98,350,35.75,100
O00355,C1,2026-05-24,Customer 0035,12300,2357.34,0.0,4971.33,350,248.57,100
O00356,C2,2026-07-20,Customer 0036,9700,1198.97,0.0,4250.52,350,212.53,100
O00357,C3,2026-06-24,Customer 0037,14600,632.57,0.0,6983.72,350,349.19,100
O00358,C1,2026-07-25,Customer 0038,8400,954.87,0.0,3722.57,350,186.13,100
O00359,C2,2026-05-23,Customer 0039,19900,1670.2,0.0,9114.9,350,455.75,100
O00360,C3,2026-05-09,Customer 0040,1000,104.9,0.0,447.55,350,22.38,100
O00361,C1,2026-07-01,Customer 0041,17900,3039.83,0.0,7430.09,350,371.5,100
O00362,C2,2026-05-20,Customer 0042,15800,1343.07,14456.93,0.0,350,361.42,100
O00363,C3,2026-09-15,Customer 0043,7000,215.56,0.0,3392.22,350,169.61,100
O00364,C1,2026-08-13,Customer 0044,3100,284.44,0.0,1407.78,350,70.39,100
O00365,C2,2026-04-04,Customer 0045,12400,1220.66,0.0,5589.67,350,279.48,100
O00366,C3,2026-09-22,Customer 0046,9000,1421.59,0.0,3789.2,350,189.46,100
O00367,C1,2026-08-23,Customer 0047,13300,1545.5,0.0,5877.25,350,293.86,100
O00368,C2,2026-05-13,Customer 0048,8000,1093.41,0.0,3453.3,350,172.66,100
O00369,C3,2026-09-22,Customer 0049,3700,105.53,0.0,1797.23,350,89.86,100
O00370,C1,2026-04-10,Customer 0050,7300,349.69,0.0,3475.16,350,173.76,100
O00371,C2,2026-08-20,Customer 0051,1500,203.69,0.0,648.15,350,32.41,100
O00372,C3,2026-06-12,Customer 0052,8600,1268.15,0.0,3665.93,350,183.3,100
O00373,C1,2026-04-09,Customer 0053,19700,267.67,0.0,9716.17,350,485.81,100
O00374,C2,2026-07-25,Customer 0054,19700,2801.85,0.0,8449.08,350,422.45,100
O00375,C3,2026-06-19,Customer 0055,7000,324.75,0.0,3337.62,350,166.88,100
O00376,C1,2026-06-28,Customer 0056,14200,215.45,0.0,6992.27,350,349.61,100
O00377,C2,2026-06-21,Customer 0057,5100,847.62,0.0,2126.19,350,106.31,100
O00378,C3,2026-07-22,Customer 0058,19500,694.95,0.0,9402.52,350,470.13,100
O00379,C1,2026-08-24,Customer 0059,15200,3010.71,0.0,6094.65,350,304.73,100
O00380,C2,2026-07-19,Customer 0060,15800,344.57,15455.43,0.0,350,386.39,100
O00381,C3,2026-09-28,Customer 0061,9600,622.39,0.0,4488.81,350,224.44,100
O00382,C1,2026-05-08,Customer 0062,18300,1411.15,0.0,8444.42,350,422.22,100
O00383,C2,2026-05-10,Customer 0063,13000,1713.5,11286.5,0.0,350,282.16,100
O00384,C3,2026-05-03,Customer 0064,12500,2488.39,0.0,5005.81,350,250.29,100
O00385,C1,2026-07-28,Customer 0065,8100,462.33,0.0,3818.84,350,190.94,100
O00386,C2,2026-08-13,Customer 0066,14700,1512.61,0.0,6593.69,350,329.68,100
O00387,C3,2026-05-27,Customer 0067,9400,688.31,0.0,4355.85,350,217.79,100
O00388,C1,2026-09-14,Customer 0068,13000,2162.45,0.0,5418.77,350,270.94,100
O00389,C2,2026-04-28,Customer 0069,19100,689.89,0.0,9205.06,350,460.25,100
O00390,C3,2026-04-25,Customer 0070,3600,1.29,0.0,1799.36,350,89.97,100
O00391,C1,2026-05-30,Customer 0071,17300,788.04,0.0,8255.98,350,412.8,100
O00392,C2,2026-04-08,Customer 0072,13700,406.46,0.0,6646.77,350,332.34,100
O00393,C3,2026-05-17,Customer 0073,7900,257.03,7642.97,0.0,350,191.07,100
O00394,C1,2026-07-10,Customer 0074,19100,1101.87,0.0,8999.07,350,449.95,100
O00395,C2,2026-04-07,Customer 0075,14800,194.02,14605.98,0.0,350,365.15,100
O00396,C3,2026-05-11,Customer 0076,15500,2239.32,0.0,6630.34,350,331.52,100
O00397,C1,2026-06-09,Customer 0077,3400,88.83,3311.17,0.0,350,82.78,100
O00398,C2,2026-07-13,Customer 0078,7100,91.39,0.0,3504.3,350,175.22,100
O00399,C3,2026-04-11,Customer 0079,10900,1960.2,0.0,4469.9,350,223.5,100
O00400,C1,2026-08-14,Customer 0080,13800,2207.49,0.0,5796.26,350,289.81,100
O00401,C2,2026-05-05,Customer 0081,8200,1490.77,0.0,3354.61,350,167.73,100
O00402,C3,2026-07-30,Customer 0082,3800,287.31,3512.69,0.0,350,87.82,100
O00403,C1,2026-07-21,Customer 0083,13800,1204.91,0.0,6297.55,350,314.88,100
O00404,C2,2026-07-22,Customer 0084,4400,373.7,0.0,2013.15,350,100.66,100
O00405,C3,2026-09-08,Customer 0085,8700,889.56,0.0,3905.22,350,195.26,100
O00406,C1,2026-09-08,Customer 0086,5600,329.5,5270.5,0.0,350,131.76,100
O00407,C2,2026-05-03,Customer 0087,17100,2360.94,0.0,7369.53,350,368.48,100
O00408,C3,2026-08-11,Customer 0088,9600,210.28,9389.72,0.0,350,234.74,100
O00409,C1,2026-09-16,Customer 0089,8100,746.85,0.0,3676.57,350,183.83,100
O00410,C2,2026-08-24,Customer 0090,3000,28.46,0.0,1485.77,350,74.29,100
O00411,C3,2026-08-12,Customer 0091,3900,72.62,0.0,1913.69,350,95.68,100
O00412,C1,2026-05-03,Customer 0092,3700,210.88,0.0,1744.56,350,87.23,100
O00413,C2,2026-06-20,Customer 0093,11100,1143.71,0.0,4978.15,350,248.91,100
O00414,C3,2026-07-02,Customer 0094,3500,236.87,0.0,1631.57,350,81.58,100
O00415,C1,2026-07-30,Customer 0095,12400,831.25,11568.75,0.0,350,289.22,100
O00416,C2,2026-07-12,Customer 0096,12100,1638.22,0.0,5230.89,350,261.54,100
O00417,C3,2026-09-04,Customer 0097,16800,999.4,0.0,7900.3,350,395.02,100
O00418,C1,2026-07-22,Customer 0098,19200,1003.85,0.0,9098.08,350,454.9,100
O00419,C2,2026-04-22,Customer 0099,9900,1970.9,0.0,3964.55,350,198.23,100
O00420,C3,2026-06-01,Customer 0100,14200,907.93,0.0,6646.03,350,332.3,100
O00421,C1,2026-08-13,Customer 0101,15800,3020.99,0.0,6389.51,350,319.48,100
O00422,C2,2026-04-08,Customer 0102,11800,1622.24,0.0,5088.88,350,254.44,100
O00423,C3,2026-07-08,Customer 0103,5800,286.12,0.0,2756.94,350,137.85,100
O00424,C1,2026-05-31,Customer 0104,1600,53.47,0.0,773.26,350,38.66,100
O00425,C2,2026-08-15,Customer 0105,18700,3282.33,0.0,7708.84,350,385.44,100
O00426,C3,2026-04-05,Customer 0106,7200,1190.56,0.0,3004.72,350,150.24,100
O00427,C1,2026-08-18,Customer 0107,6600,247.65,6352.35,0.0,350,158.81,100
O00428,C2,2026-06-09,Customer 0108,2800,445.58,0.0,1177.21,350,58.86,100
O00429,C3,2026-09-23,Customer 0109,3500,496.08,3003.92,0.0,350,75.1,100
O00430,C1,2026-06-11,Customer 0110,7300,335.74,0.0,3482.13,350,174.11,100
O00431,C2,2026-09-06,Customer 0111,6100,124.57,0.0,2987.72,350,149.39,100
O00432,C3,2026-09-12,Customer 0112,8900,793.72,0.0,4053.14,350,202.66,100
O00433,C1,2026-06-12,Customer 0113,19800,3585.46,0.0,8107.27,350,405.36,100
O00434,C2,2026-07-17,Customer 0114,6800,1234.4,0.0,2782.8,350,139.14,100
O00435,C3,2026-07-13,Customer 0115,7400,915.07,0.0,3242.47,350,162.12,100
O00436,C1,2026-08-05,Customer 0116,11400,246.85,0.0,5576.57,350,278.83,100
O00437,C2,2026-04-13,Customer 0117,1900,201.15,1698.85,0.0,350,42.47,100
O00438,C3,2026-06-16,Customer 0118,18900,30.78,0.0,9434.61,350,471.73,100
O00439,C1,2026-05-22,Customer 0119,7800,39.49,0.0,3880.26,350,194.01,100
O00440,C2,2026-07-21,Customer 0120,7600,253.04,0.0,3673.48,350,183.67,100
O00441,C3,2026-04-30,Customer 0121,5800,671.45,0.0,2564.28,350,128.21,100
O00442,C1,2026-04-12,Customer 0122,3800,36.92,0.0,1881.54,350,94.08,100
O00443,C2,2026-07-24,Customer 0123,19700,1812.83,0.0,8943.58,350,447.18,100
O00444,C3,2026-06-18,Customer 0124,2200,18.05,0.0,1090.97,350,54.55,100
O00445,C1,2026-04-07,Customer 0125,6200,168.2,6031.8,0.0,350,150.8,100
O00446,C2,2026-06-11,Customer 0126,14300,1528.52,0.0,6385.74,350,319.29,100
O00447,C3,2026-06-08,Customer 0127,6800,328.53,0.0,3235.74,350,161.79,100
O00448,C1,2026-08-08,Customer 0128,8200,962.77,0.0,3618.61,350,180.93,100
O00449,C2,2026-04-11,Customer 0129,3900,497.8,0.0,1701.1,350,85.06,100
O00450,C3,2026-05-02,Customer 0130,7600,154.54,0.0,3722.73,350,186.14,100
O00451,C1,2026-09-13,Customer 0131,13000,537.5,0.0,6231.25,350,311.56,100
O00452,C2,2026-04-22,Customer 0132,13000,86.82,0.0,6456.59,350,322.83,100
O00453,C3,2026-07-21,Customer 0133,4900,321.02,0.0,2289.49,350,114.47,100
O00454,C1,2026-05-18,Customer 0134,16400,520.17,0.0,7939.91,350,397.0,100
O00455,C2,2026-07-06,Customer 0135,8900,1022.77,0.0,3938.61,350,196.93,100
O00456,C3,2026-08-05,Customer 0136,9100,1181.02,7918.98,0.0,350,197.97,100
O00457,C1,2026-09-12,Customer 0137,15000,2719.32,0.0,6140.34,350,307.02,100
O00458,C2,2026-06-01,Customer 0138,1700,264.09,0.0,717.96,350,35.9,100
O00459,C3,2026-06-25,Customer 0139,3800,261.75,0.0,1769.12,350,88.46,100
O00460,C1,2026-08-11,Customer 0140,7000,1387.23,0.0,2806.39,350,140.32,100
O00461,C2,2026-09-24,Customer 0141,5900,354.3,0.0,2772.85,350,138.64,100
O00462,C3,2026-07-15,Customer 0142,4400,324.86,0.0,2037.57,350,101.88,100
O00463,C1,2026-08-06,Customer 0143,19400,514.47,0.0,9442.76,350,472.14,100
O00464,C2,2026-08-27,Customer 0144,17300,488.96,0.0,8405.52,350,420.28,100
O00465,C3,2026-06-26,Customer 0145,10700,42.01,0.0,5328.99,350,266.45,100
O00466,C1,2026-05-27,Customer 0146,17000,2464.75,0.0,7267.62,350,363.38,100
O00467,C2,2026-04-04,Customer 0147,4200,771.7,0.0,1714.15,350,85.71,100
O00468,C3,2026-07-04,Customer 0148,9000,372.38,0.0,4313.81,350,215.69,100
O00469,C1,2026-07-03,Customer 0149,2000,101.49,0.0,949.25,350,47.46,100
O00470,C2,2026-07-03,Customer 0150,7400,678.92,6721.08,0.0,350,168.03,100
O00471,C3,2026-07-27,Customer 0151,17200,2050.94,0.0,7574.53,350,378.73,100
O00472,C1,2026-06-04,Customer 0152,11400,689.89,0.0,5355.06,350,267.75,100
O00473,C2,2026-05-25,Customer 0153,18100,3133.26,14966.74,0.0,350,374.17,100
O00474,C3,2026-06-03,Customer 0154,12700,1256.12,0.0,5721.94,350,286.1,100
O00475,C1,2026-06-09,Customer 0155,12400,1825.38,0.0,5287.31,350,264.37,100
O00476,C2,2026-08-26,Customer 0156,13000,84.71,0.0,6457.65,350,322.88,100
O00477,C3,2026-06-22,Customer 0157,6100,1122.4,0.0,2488.8,350,124.44,100
O00478,C1,2026-04-17,Customer 0158,11700,1015.88,0.0,5342.06,350,267.1,100
O00479,C2,2026-09-25,Customer 0159,17300,1794.35,0.0,7752.82,350,387.64,100
O00480,C3,2026-08-15,Customer 0160,10200,1732.62,0.0,4233.69,350,211.68,100
O00481,C1,2026-09-29,Customer 0161,14500,2463.69,12036.31,0.0,350,300.91,100
O00482,C2,2026-07-29,Customer 0162,18300,797.47,0.0,8751.26,350,437.56,100
O00483,C3,2026-09-25,Customer 0163,13500,1481.88,0.0,6009.06,350,300.45,100
O00484,C1,2026-06-26,Customer 0164,7600,1063.03,0.0,3268.49,350,163.42,100
O00485,C2,2026-09-02,Customer 0165,10100,570.2,0.0,4764.9,350,238.25,100
O00486,C3,2026-09-12,Customer 0166,15700,797.04,0.0,7451.48,350,372.57,100
O00487,C1,2026-08-07,Customer 0167,18500,2623.3,0.0,7938.35,350,396.92,100
O00488,C2,2026-08-28,Customer 0168,3500,651.82,0.0,1424.09,350,71.2,100
O00489,C3,2026-05-13,Customer 0169,4700,176.93,0.0,2261.53,350,113.08,100
O00490,C1,2026-09-12,Customer 0170,1800,52.31,0.0,873.85,350,43.69,100
O00491,C2,2026-05-04,Customer 0171,15600,1318.13,14281.87,-0.0,350,357.05,100
O00492,C3,2026-09-19,Customer 0172,13100,1246.77,0.0,5926.61,350,296.33,100
O00493,C1,2026-05-27,Customer 0173,8900,174.98,0.0,4362.51,350,218.13,100
O00494,C2,2026-08-08,Customer 0174,14600,1606.21,0.0,6496.9,350,324.84,100
O00495,C3,2026-04-11,Customer 0175,9500,465.53,9034.47,0.0,350,225.86,100
O00496,C1,2026-08-07,Customer 0176,4400,221.6,0.0,2089.2,350,104.46,100
O00497,C2,2026-07-31,Customer 0177,6200,348.07,0.0,2925.97,350,146.3,100
O00498,C3,2026-08-17,Customer 0178,13000,2510.81,0.0,5244.6,350,262.23,100
O00499,C1,2026-09-23,Customer 0179,17300,2891.62,14408.38,0.0,350,360.21,100
O00500,C2,2026-07-26,Customer 0180,10200,1467.31,0.0,4366.35,350,218.32,100
O00501,C3,2026-06-12,Customer 0181,3400,536.99,0.0,1431.51,350,71.58,100
O00502,C1,2026-09-27,Customer 0182,18100,413.94,0.0,8843.03,350,442.15,100
O00503,C2,2026-09-22,Customer 0183,12900,0.5,0.0,6449.75,350,322.49,100
O00504,C3,2026-05-12,Customer 0184,18100,2746.39,15353.61,0.0,350,383.84,100
O00505,C1,2026-04-23,Customer 0185,12400,733.9,0.0,5833.05,350,291.65,100
O00506,C2,2026-07-23,Customer 0186,6000,223.23,0.0,2888.39,350,144.42,100
O00507,C3,2026-05-27,Customer 0187,11700,1569.27,10130.73,0.0,350,253.27,100
O00508,C1,2026-09-02,Customer 0188,19500,3402.75,0.0,8048.62,350,402.43,100
O00509,C2,2026-08-01,Customer 0189,5300,297.58,0.0,2501.21,350,125.06,100
O00510,C3,2026-07-12,Customer 0190,2200,132.02,0.0,1033.99,350,51.7,100
O00511,C1,2026-05-06,Customer 0191,11900,1978.4,0.0,4960.8,350,248.04,100
O00512,C2,2026-09-24,Customer 0192,5900,632.04,0.0,2633.98,350,131.7,100
O00513,C3,2026-09-26,Customer 0193,3400,108.45,0.0,1645.78,350,82.29,100
O00514,C1,2026-08-03,Customer 0194,4500,832.53,0.0,1833.74,350,91.69,100
O00515,C2,2026-06-23,Customer 0195,15600,807.43,0.0,7396.28,350,369.81,100
O00516,C3,2026-09-10,Customer 0196,11600,1191.71,0.0,5204.15,350,260.21,100
O00517,C1,2026-07-25,Customer 0197,14400,1918.12,12481.88,0.0,350,312.05,100
O00518,C2,2026-08-04,Customer 0198,8600,1648.63,0.0,3475.68,350,173.78,100
O00519,C3,2026-05-26,Customer 0199,17700,1082.73,0.0,8308.64,350,415.43,100
O00520,C1,2026-05-16,Customer 0200,8100,1131.94,0.0,3484.03,350,174.2,100
O00521,C2,2026-08-02,Customer 0201,18400,3354.25,0.0,7522.88,350,376.14,100
O00522,C3,2026-08-04,Customer 0202,1500,138.46,0.0,680.77,350,34.04,100
O00523,C1,2026-05-15,Customer 0203,17400,1018.33,0.0,8190.84,350,409.54,100
O00524,C2,2026-04-14,Customer 0204,15300,2206.43,0.0,6546.78,350,327.34,100
O00525,C3,2026-08-24,Customer 0205,11800,1049.21,0.0,5375.4,350,268.77,100
O00526,C1,2026-07-09,Customer 0206,6600,722.43,5877.57,0.0,350,146.94,100
O00527,C2,2026-09-28,Customer 0207,7900,739.17,7160.83,0.0,350,179.02,100
O00528,C3,2026-07-18,Customer 0208,18500,1873.18,16626.82,0.0,350,415.67,100
O00529,C1,2026-07-21,Customer 0209,14100,2588.02,11511.98,0.0,350,287.8,100
O00530,C2,2026-08-03,Customer 0210,4500,429.91,0.0,2035.05,350,101.75,100
O00531,C3,2026-06-17,Customer 0211,14500,2504.82,0.0,5997.59,350,299.88,100
O00532,C1,2026-04-04,Customer 0212,12500,1942.93,0.0,5278.53,350,263.93,100
O00533,C2,2026-04-25,Customer 0213,15900,564.21,0.0,7667.9,350,383.39,100
O00534,C3,2026-06-06,Customer 0214,1900,242.1,0.0,828.95,350,41.45,100
O00535,C1,2026-08-14,Customer 0215,7500,119.15,7380.85,0.0,350,184.52,100
O00536,C2,2026-06-11,Customer 0216,13500,2305.18,0.0,5597.41,350,279.87,100
O00537,C3,2026-09-19,Customer 0217,10200,1441.11,0.0,4379.44,350,218.97,100
O00538,C1,2026-09-21,Customer 0218,9100,1341.98,0.0,3879.01,350,193.95,100
O00539,C2,2026-08-05,Customer 0219,13300,286.06,13013.94,0.0,350,325.35,100
O00540,C3,2026-08-15,Customer 0220,19300,483.23,18816.77,0.0,350,470.42,100
O00541,C1,2026-07-26,Customer 0221,3800,238.43,0.0,1780.79,350,89.04,100
O00542,C2,2026-04-17,Customer 0222,16200,1388.13,0.0,7405.93,350,370.3,100
O00543,C3,2026-09-26,Customer 0223,3200,47.1,3152.9,0.0,350,78.82,100
O00544,C1,2026-08-17,Customer 0224,19600,3263.29,16336.71,0.0,350,408.42,100
O00545,C2,2026-07-12,Customer 0225,6500,298.75,6201.25,0.0,350,155.03,100
O00546,C3,2026-06-16,Customer 0226,8700,487.06,0.0,4106.47,350,205.32,100
O00547,C1,2026-09-24,Customer 0227,4800,505.34,0.0,2147.33,350,107.37,100
O00548,C2,2026-04-10,Customer 0228,3300,92.17,0.0,1603.91,350,80.2,100
O00549,C3,2026-05-13,Customer 0229,15500,1645.88,0.0,6927.06,350,346.35,100
O00550,C1,2026-09-13,Customer 0230,8700,813.64,0.0,3943.18,350,197.16,100
O00551,C2,2026-07-03,Customer 0231,16000,3051.74,0.0,6474.13,350,323.71,100
O00552,C3,2026-08-05,Customer 0232,16300,2089.15,14210.85,0.0,350,355.27,100
O00553,C1,2026-08-21,Customer 0233,3100,202.4,0.0,1448.8,350,72.44,100
O00554,C2,2026-04-16,Customer 0234,5800,749.25,0.0,2525.38,350,126.27,100
O00555,C3,2026-09-13,Customer 0235,12900,2272.78,0.0,5313.61,350,265.68,100
O00556,C1,2026-09-04,Customer 0236,8600,331.59,8268.41,0.0,350,206.71,100
O00557,C2,2026-08-17,Customer 0237,5000,836.81,0.0,2081.6,350,104.08,100
O00558,C3,2026-07-28,Customer 0238,16200,2672.55,13527.45,0.0,350,338.19,100
O00559,C1,2026-09-29,Customer 0239,4300,583.49,0.0,1858.26,350,92.91,100
O00560,C2,2026-05-09,Customer 0240,9500,1659.17,0.0,3920.41,350,196.02,100
O00561,C3,2026-04-07,Customer 0241,16400,1055.09,15344.91,0.0,350,383.62,100
O00562,C1,2026-09-04,Customer 0242,14300,58.77,0.0,7120.61,350,356.03,100
O00563,C2,2026-07-31,Customer 0243,5500,205.91,0.0,2647.05,350,132.35,100
O00564,C3,2026-05-28,Customer 0244,11300,568.85,10731.15,0.0,350,268.28,100
O00565,C1,2026-07-20,Customer 0245,11600,575.77,0.0,5512.11,350,275.61,100
O00566,C2,2026-06-20,Customer 0246,13700,2440.34,11259.66,0.0,350,281.49,100
O00567,C3,2026-08-12,Customer 0247,2400,180.39,2219.61,0.0,350,55.49,100
O00568,C1,2026-06-12,Customer 0248,14300,1825.86,12474.14,0.0,350,311.85,100
O00569,C2,2026-07-05,Customer 0249,12600,720.35,0.0,5939.82,350,296.99,100
O00570,C3,2026-04-17,Customer 0250,7400,1017.42,0.0,3191.29,350,159.56,100
O00571,C1,2026-04-23,Customer 0251,9700,415.86,0.0,4642.07,350,232.1,100
O00572,C2,2026-09-04,Customer 0252,18400,3015.76,0.0,7692.12,350,384.61,100
O00573,C3,2026-08-20,Customer 0253,15400,1144.98,14255.02,0.0,350,356.38,100
O00574,C1,2026-09-14,Customer 0254,15800,1629.1,0.0,7085.45,350,354.27,100
O00575,C2,2026-06-29,Customer 0255,12900,601.28,0.0,6149.36,350,307.47,100
O00576,C3,2026-06-30,Customer 0256,18400,2449.24,0.0,7975.38,350,398.77,100
O00577,C1,2026-04-27,Customer 0257,6300,997.89,5302.11,0.0,350,132.55,100
O00578,C2,2026-06-19,Customer 0258,9000,473.58,8526.42,0.0,350,213.16,100
O00579,C3,2026-07-14,Customer 0259,6300,960.91,0.0,2669.55,350,133.48,100
O00580,C1,2026-04-25,Customer 0260,8200,188.91,0.0,4005.55,350,200.28,100
O00581,C2,2026-08-29,Customer 0261,4400,584.46,0.0,1907.77,350,95.39,100
O00582,C3,2026-08-17,Customer 0262,11800,1874.61,9925.39,0.0,350,248.13,100
O00583,C1,2026-08-06,Customer 0263,10700,375.98,0.0,5162.01,350,258.1,100
O00584,C2,2026-04-18,Customer 0264,16500,1116.5,0.0,7691.75,350,384.59,100
O00585,C3,2026-07-27,Customer 0265,7100,1172.59,5927.41,0.0,350,148.19,100
O00586,C1,2026-07-20,Customer 0266,16900,2251.09,0.0,7324.45,350,366.22,100
O00587,C2,2026-09-22,Customer 0267,10200,1169.24,0.0,4515.38,350,225.77,100
O00588,C3,2026-05-14,Customer 0268,16600,2567.8,0.0,7016.1,350,350.81,100
O00589,C1,2026-05-06,Customer 0269,12100,447.16,0.0,5826.42,350,291.32,100
O00590,C2,2026-08-24,Customer 0270,19300,1085.18,0.0,9107.41,350,455.37,100
O00591,C3,2026-06-03,Customer 0271,3200,259.44,0.0,1470.28,350,73.51,100
O00592,C1,2026-05-29,Customer 0272,7500,112.06,0.0,3693.97,350,184.7,100
O00593,C2,2026-08-01,Customer 0273,19000,3409.28,0.0,7795.36,350,389.77,100
O00594,C3,2026-07-31,Customer 0274,1600,84.69,0.0,757.65,350,37.88,100
O00595,C1,2026-07-14,Customer 0275,19000,2723.36,0.0,8138.32,350,406.92,100
O00596,C2,2026-09-30,Customer 0276,17000,249.56,0.0,8375.22,350,418.76,100
O00597,C3,2026-06-07,Customer 0277,9700,1894.28,7805.72,0.0,350,195.14,100
O00598,C1,2026-05-27,Customer 0278,19900,2418.16,0.0,8740.92,350,437.05,100
O00599,C2,2026-08-18,Customer 0279,9100,930.49,0.0,4084.76,350,204.24,100
O00600,C3,2026-04-10,Customer 0280,15800,341.56,15458.44,0.0,350,386.46,100
O00601,C1,2026-09-11,Customer 0281,6700,368.11,0.0,3165.95,350,158.3,100
O00602,C2,2026-09-19,Customer 0282,4800,562.97,4237.03,0.0,350,105.93,100
O00603,C3,2026-08-28,Customer 0283,3300,486.08,0.0,1406.96,350,70.35,100
O00604,C1,2026-05-07,Customer 0284,9100,22.42,0.0,4538.79,350,226.94,100
O00605,C2,2026-08-25,Customer 0285,17300,559.36,0.0,8370.32,350,418.52,100
O00606,C3,2026-08-13,Customer 0286,17400,2010.83,0.0,7694.59,350,384.73,100
O00607,C1,2026-09-26,Customer 0287,9900,1341.9,0.0,4279.05,350,213.95,100
O00608,C2,2026-05-03,Customer 0288,3400,569.4,2830.6,0.0,350,70.77,100
O00609,C3,2026-06-11,Customer 0289,8000,1199.68,0.0,3400.16,350,170.01,100
O00610,C1,2026-05-07,Customer 0290,15500,1936.47,0.0,6781.77,350,339.09,100
O00611,C2,2026-05-01,Customer 0291,5200,229.79,0.0,2485.11,350,124.26,100
O00612,C3,2026-07-13,Customer 0292,8900,3.7,0.0,4448.15,350,222.41,100
O00613,C1,2026-07-10,Customer 0293,16400,2775.98,0.0,6812.01,350,340.6,100
O00614,C2,2026-08-13,Customer 0294,4400,266.5,4133.5,0.0,350,103.34,100
O00615,C3,2026-07-11,Customer 0295,16700,2462.32,0.0,7118.84,350,355.94,100
O00616,C1,2026-05-07,Customer 0296,9100,572.76,0.0,4263.62,350,213.18,100
O00617,C2,2026-07-21,Customer 0297,7000,382.16,0.0,3308.92,350,165.45,100
O00618,C3,2026-07-11,Customer 0298,2000,370.83,0.0,814.59,350,40.73,100
O00619,C1,2026-08-10,Customer 0299,3100,457.05,0.0,1321.47,350,66.07,100
O00620,C2,2026-09-22,Customer 0300,5100,730.39,0.0,2184.8,350,109.24,100
O00621,C3,2026-07-16,Customer 0301,6500,703.95,5796.05,0.0,350,144.9,100
O00622,C1,2026-05-08,Customer 0302,19900,90.27,0.0,9904.86,350,495.24,100
O00623,C2,2026-05-12,Customer 0303,19800,461.48,0.0,9669.26,350,483.46,100
O00624,C3,2026-06-27,Customer 0304,12100,1821.3,0.0,5139.35,350,256.97,100
O00625,C1,2026-05-05,Customer 0305,2300,453.6,0.0,923.2,350,46.16,100
O00626,C2,2026-09-13,Customer 0306,5500,312.93,0.0,2593.53,350,129.68,100
O00627,C3,2026-09-20,Customer 0307,5900,337.61,0.0,2781.2,350,139.06,100
O00628,C1,2026-07-03,Customer 0308,12800,300.89,0.0,6249.56,350,312.48,100
O00629,C2,2026-05-25,Customer 0309,12000,148.18,11851.82,0.0,350,296.3,100
O00630,C3,2026-08-16,Customer 0310,6800,191.26,0.0,3304.37,350,165.22,100
O00631,C1,2026-09-09,Customer 0311,17300,3388.56,0.0,6955.72,350,347.79,100
O00632,C2,2026-08-09,Customer 0312,14800,1655.36,13144.64,0.0,350,328.62,100
O00633,C3,2026-09-11,Customer 0313,12000,350.97,0.0,5824.52,350,291.23,100
O00634,C1,2026-08-27,Customer 0314,6900,555.02,0.0,3172.49,350,158.62,100
O00635,C2,2026-08-30,Customer 0315,2200,230.44,0.0,984.78,350,49.24,100
O00636,C3,2026-08-14,Customer 0316,17000,2223.52,14776.48,0.0,350,369.41,100
O00637,C1,2026-05-31,Customer 0317,11900,793.36,11106.64,0.0,350,277.67,100
O00638,C2,2026-04-10,Customer 0318,5900,0.07,0.0,2949.97,350,147.5,100
O00639,C3,2026-06-24,Customer 0319,15400,2801.6,0.0,6299.2,350,314.96,100
O00640,C1,2026-07-02,Customer 0320,18200,2280.31,15919.69,0.0,350,397.99,100
O00641,C2,2026-07-26,Customer 0001,13400,883.73,0.0,6258.14,350,312.91,100
O00642,C3,2026-06-24,Customer 0002,17800,2439.52,0.0,7680.24,350,384.01,100
O00643,C1,2026-06-29,Customer 0003,7200,1052.54,0.0,3073.73,350,153.69,100
O00644,C2,2026-09-09,Customer 0004,18200,1737.89,0.0,8231.06,350,411.55,100
O00645,C3,2026-06-14,Customer 0005,15800,202.27,0.0,7798.86,350,389.94,100
O00646,C1,2026-05-10,Customer 0006,15400,438.99,0.0,7480.51,350,374.03,100
O00647,C2,2026-06-11,Customer 0007,11200,438.57,0.0,5380.72,350,269.04,100
O00648,C3,2026-04-29,Customer 0008,2500,35.92,0.0,1232.04,350,61.6,100
O00649,C1,2026-07-01,Customer 0009,4200,534.59,3665.41,0.0,350,91.64,100
O00650,C2,2026-07-04,Customer 0010,9900,1176.27,8723.73,0.0,350,218.09,100
O00651,C3,2026-08-12,Customer 0011,4000,647.01,0.0,1676.49,350,83.82,100
O00652,C1,2026-05-01,Customer 0012,13600,2284.86,0.0,5657.57,350,282.88,100
O00653,C2,2026-07-08,Customer 0013,14600,61.7,0.0,7269.15,350,363.46,100
O00654,C3,2026-05-21,Customer 0014,15000,634.8,14365.2,0.0,350,359.13,100
O00655,C1,2026-09-06,Customer 0015,11100,1501.92,9598.08,0.0,350,239.95,100
O00656,C2,2026-05-18,Customer 0016,4800,948.64,0.0,1925.68,350,96.28,100
O00657,C3,2026-05-28,Customer 0017,6800,1038.26,0.0,2880.87,350,144.04,100
O00658,C1,2026-05-03,Customer 0018,4500,142.96,4357.04,0.0,350,108.93,100
O00659,C2,2026-04-22,Customer 0019,8100,1304.19,0.0,3397.9,350,169.9,100
O00660,C3,2026-06-19,Customer 0020,17500,2084.8,0.0,7707.6,350,385.38,100
O00661,C1,2026-09-15,Customer 0021,18800,507.16,0.0,9146.42,350,457.32,100
O00662,C2,2026-04-18,Customer 0022,13200,2453.13,0.0,5373.43,350,268.67,100
O00663,C3,2026-09-01,Customer 0023,5600,93.07,0.0,2753.47,350,137.67,100
O00664,C1,2026-05-23,Customer 0024,19100,2849.74,16250.26,0.0,350,406.26,100
O00665,C2,2026-06-07,Customer 0025,5300,779.21,4520.79,0.0,350,113.02,100
O00666,C3,2026-05-11,Customer 0026,11600,980.75,0.0,5309.62,350,265.48,100
O00667,C1,2026-08-03,Customer 0027,8000,1557.34,0.0,3221.33,350,161.07,100
O00668,C2,2026-07-13,Customer 0028,5600,680.02,4919.98,0.0,350,123.0,100
O00669,C3,2026-09-27,Customer 0029,7100,345.8,0.0,3377.1,350,168.86,100
O00670,C1,2026-09-08,Customer 0030,5300,557.61,0.0,2371.2,350,118.56,100
O00671,C2,2026-07-28,Customer 0031,19700,2140.94,17559.06,0.0,350,438.98,100
O00672,C3,2026-08-17,Customer 0032,11800,2162.39,0.0,4818.81,350,240.94,100
O00673,C1,2026-04-27,Customer 0033,19200,2073.49,0.0,8563.26,350,428.16,100
O00674,C2,2026-08-07,Customer 0034,2700,99.38,0.0,1300.31,350,65.02,100
O00675,C3,2026-09-04,Customer 0035,9800,212.32,0.0,4793.84,350,239.69,100
O00676,C1,2026-08-21,Customer 0036,16900,433.99,0.0,8233.0,350,411.65,100
O00677,C2,2026-04-24,Customer 0037,6800,473.21,0.0,3163.39,350,158.17,100
O00678,C3,2026-09-14,Customer 0038,6300,1235.21,0.0,2532.39,350,126.62,100
O00679,C1,2026-08-14,Customer 0039,8700,576.69,0.0,4061.65,350,203.08,100
O00680,C2,2026-07-24,Customer 0040,18200,1174.17,0.0,8512.92,350,425.65,100
O00681,C3,2026-07-13,Customer 0041,11900,1544.49,0.0,5177.76,350,258.89,100
O00682,C1,2026-07-17,Customer 0042,18100,3372.28,14727.72,0.0,350,368.19,100
O00683,C2,2026-07-07,Customer 0043,13300,866.22,12433.78,0.0,350,310.84,100
O00684,C3,2026-05-19,Customer 0044,16500,229.06,16270.94,0.0,350,406.77,100
O00685,C1,2026-08-15,Customer 0045,18900,1425.7,17474.3,0.0,350,436.86,100
O00686,C2,2026-04-19,Customer 0046,14100,353.35,13746.65,0.0,350,343.67,100
O00687,C3,2026-06-01,Customer 0047,16000,3186.71,0.0,6406.65,350,320.33,100
O00688,C1,2026-05-22,Customer 0048,12700,1108.01,0.0,5795.99,350,289.8,100
O00689,C2,2026-07-13,Customer 0049,10900,1213.82,0.0,4843.09,350,242.15,100
O00690,C3,2026-08-18,Customer 0050,1500,212.75,1287.25,0.0,350,32.18,100
O00691,C1,2026-05-05,Customer 0051,3900,180.69,0.0,1859.65,350,92.98,100
O00692,C2,2026-06-22,Customer 0052,6300,652.86,0.0,2823.57,350,141.18,100
O00693,C3,2026-08-29,Customer 0053,7300,203.14,0.0,3548.43,350,177.42,100
O00694,C1,2026-06-28,Customer 0054,4100,45.94,0.0,2027.03,350,101.35,100
O00695,C2,2026-08-12,Customer 0055,1600,124.89,0.0,737.55,350,36.88,100
O00696,C3,2026-07-28,Customer 0056,6900,627.83,6272.17,0.0,350,156.8,100
O00697,C1,2026-04-20,Customer 0057,6400,1208.75,0.0,2595.62,350,129.78,100
O00698,C2,2026-07-17,Customer 0058,5200,565.87,4634.13,0.0,350,115.85,100
O00699,C3,2026-05-03,Customer 0059,9300,1600.21,0.0,3849.89,350,192.49,100
O00700,C1,2026-04-25,Customer 0060,10000,1485.62,0.0,4257.19,350,212.86,100
O00701,C2,2026-08-25,Customer 0061,15800,990.19,0.0,7404.9,350,370.25,100
O00702,C3,2026-05-11,Customer 0062,14500,1010.43,0.0,6744.78,350,337.24,100
O00703,C1,2026-04-17,Customer 0063,5800,754.5,0.0,2522.75,350,126.14,100
O00704,C2,2026-08-11,Customer 0064,9100,311.06,0.0,4394.47,350,219.72,100
O00705,C3,2026-08-20,Customer 0065,8700,524.31,0.0,4087.85,350,204.39,100
O00706,C1,2026-08-13,Customer 0066,10900,1521.16,9378.84,0.0,350,234.47,100
O00707,C2,2026-04-15,Customer 0067,2300,328.62,0.0,985.69,350,49.28,100
O00708,C3,2026-04-30,Customer 0068,11700,867.3,0.0,5416.35,350,270.82,100
O00709,C1,2026-08-28,Customer 0069,5800,343.88,0.0,2728.06,350,136.4,100
O00710,C2,2026-05-26,Customer 0070,4600,677.35,0.0,1961.33,350,98.07,100
O00711,C3,2026-04-23,Customer 0071,18600,3272.38,0.0,7663.81,350,383.19,100
O00712,C1,2026-08-03,Customer 0072,13200,2323.02,10876.98,0.0,350,271.92,100
O00713,C2,2026-06-27,Customer 0073,3300,630.01,0.0,1334.99,350,66.75,100
O00714,C3,2026-09-10,Customer 0074,12000,832.27,11167.73,0.0,350,279.19,100
O00715,C1,2026-04-11,Customer 0075,12100,504.55,11595.45,0.0,350,289.89,100
O00716,C2,2026-07-25,Customer 0076,17400,557.63,0.0,8421.18,350,421.06,100
O00717,C3,2026-09-10,Customer 0077,10300,417.22,9882.78,0.0,350,247.07,100
O00718,C1,2026-09-28,Customer 0078,8300,1180.62,7119.38,0.0,350,177.98,100
O00719,C2,2026-06-30,Customer 0079,10900,281.1,0.0,5309.45,350,265.47,100
O00720,C3,2026-04-25,Customer 0080,5900,501.32,0.0,2699.34,350,134.97,100
O00721,C1,2026-09-28,Customer 0081,15000,314.66,0.0,7342.67,350,367.13,100
O00722,C2,2026-08-10,Customer 0082,3000,580.34,2419.66,0.0,350,60.49,100
O00723,C3,2026-07-11,Customer 0083,11600,1248.05,0.0,5175.98,350,258.8,100
O00724,C1,2026-06-14,Customer 0084,10300,821.49,0.0,4739.26,350,236.96,100
O00725,C2,2026-06-29,Customer 0085,4900,233.08,0.0,2333.46,350,116.67,100
O00726,C3,2026-08-22,Customer 0086,17600,3239.68,0.0,7180.16,350,359.01,100
O00727,C1,2026-05-22,Customer 0087,14900,1224.61,0.0,6837.69,350,341.88,100
O00728,C2,2026-07-07,Customer 0088,17900,2352.25,0.0,7773.88,350,388.69,100
O00729,C3,2026-05-20,Customer 0089,8300,1528.37,0.0,3385.82,350,169.29,100
O00730,C1,2026-09-28,Customer 0090,14900,843.0,14057.0,0.0,350,351.43,100
O00731,C2,2026-07-29,Customer 0091,2100,17.29,0.0,1041.36,350,52.07,100
O00732,C3,2026-06-12,Customer 0092,11400,74.47,11325.53,0.0,350,283.14,100
O00733,C1,2026-05-29,Customer 0093,4100,57.71,0.0,2021.14,350,101.06,100
O00734,C2,2026-08-19,Customer 0094,7600,295.19,0.0,3652.41,350,182.62,100
O00735,C3,2026-09-28,Customer 0095,7000,1335.34,0.0,2832.33,350,141.62,100
O00736,C1,2026-05-25,Customer 0096,19000,586.25,0.0,9206.88,350,460.34,100
O00737,C2,2026-05-11,Customer 0097,5300,108.28,0.0,2595.86,350,129.79,100
O00738,C3,2026-08-24,Customer 0098,10400,1089.26,0.0,4655.37,350,232.77,100
O00739,C1,2026-07-18,Customer 0099,19700,1860.14,0.0,8919.93,350,446.0,100
O00740,C2,2026-05-03,Customer 0100,1300,136.29,0.0,581.86,350,29.09,100
O00741,C3,2026-07-13,Customer 0101,1400,206.54,0.0,596.73,350,29.84,100
O00742,C1,2026-04-26,Customer 0102,1300,17.31,1282.69,0.0,350,32.07,100
O00743,C2,2026-07-27,Customer 0103,14500,2561.74,0.0,5969.13,350,298.46,100
O00744,C3,2026-09-29,Customer 0104,12700,1382.06,0.0,5658.97,350,282.95,100
O00745,C1,2026-09-25,Customer 0105,19100,2448.16,0.0,8325.92,350,416.3,100
O00746,C2,2026-09-07,Customer 0106,5900,838.82,0.0,2530.59,350,126.53,100
O00747,C3,2026-07-12,Customer 0107,12800,2352.81,0.0,5223.6,350,261.18,100
O00748,C1,2026-08-22,Customer 0108,9300,1425.17,7874.83,0.0,350,196.87,100
O00749,C2,2026-07-02,Customer 0109,4400,459.14,0.0,1970.43,350,98.52,100
O00750,C3,2026-08-15,Customer 0110,9800,1271.77,0.0,4264.11,350,213.21,100
O00751,C1,2026-08-22,Customer 0111,9100,1576.73,0.0,3761.64,350,188.08,100
O00752,C2,2026-04-19,Customer 0112,4700,753.52,0.0,1973.24,350,98.66,100
O00753,C3,2026-09-26,Customer 0113,17000,2457.84,0.0,7271.08,350,363.55,100
O00754,C1,2026-05-07,Customer 0114,6200,1228.2,0.0,2485.9,350,124.3,100
O00755,C2,2026-07-18,Customer 0115,2100,399.62,0.0,850.19,350,42.51,100
O00756,C3,2026-08-07,Customer 0116,15900,2270.52,0.0,6814.74,350,340.74,100
O00757,C1,2026-09-03,Customer 0117,1700,36.97,1663.03,0.0,350,41.58,100
O00758,C2,2026-08-17,Customer 0118,9700,793.14,0.0,4453.43,350,222.67,100
O00759,C3,2026-06-09,Customer 0119,14100,1281.58,12818.42,0.0,350,320.46,100
O00760,C1,2026-05-01,Customer 0120,16600,379.79,0.0,8110.1,350,405.51,100
O00761,C2,2026-05-27,Customer 0121,6700,1291.01,0.0,2704.49,350,135.22,100
O00762,C3,2026-07-15,Customer 0122,14700,1140.37,13559.63,0.0,350,338.99,100
O00763,C1,2026-06-16,Customer 0123,19700,1530.47,0.0,9084.76,350,454.24,100
O00764,C2,2026-08-01,Customer 0124,17800,1360.21,0.0,8219.9,350,410.99,100
O00765,C3,2026-07-11,Customer 0125,2800,399.3,2400.7,0.0,350,60.02,100
O00766,C1,2026-09-30,Customer 0126,19700,1793.91,0.0,8953.05,350,447.65,100
O00767,C2,2026-05-05,Customer 0127,11600,1834.85,0.0,4882.57,350,244.13,100
O00768,C3,2026-05-10,Customer 0128,3700,192.8,3507.2,0.0,350,87.68,100
O00769,C1,2026-06-22,Customer 0129,2800,352.73,0.0,1223.63,350,61.18,100
O00770,C2,2026-07-06,Customer 0130,1600,249.17,1350.83,0.0,350,33.77,100
O00771,C3,2026-08-25,Customer 0131,10100,198.95,0.0,4950.52,350,247.53,100
O00772,C1,2026-06-26,Customer 0132,15600,362.86,0.0,7618.57,350,380.93,100
O00773,C2,2026-06-01,Customer 0133,17800,2563.68,0.0,7618.16,350,380.91,100
O00774,C3,2026-05-17,Customer 0134,11600,1649.64,0.0,4975.18,350,248.76,100
O00775,C1,2026-09-25,Customer 0135,19100,1259.37,0.0,8920.32,350,446.02,100
O00776,C2,2026-05-21,Customer 0136,15000,2916.65,0.0,6041.68,350,302.08,100
O00777,C3,2026-07-15,Customer 0137,6500,1035.03,0.0,2732.49,350,136.62,100
O00778,C1,2026-05-01,Customer 0138,13200,66.73,13133.27,0.0,350,328.33,100
O00779,C2,2026-05-08,Customer 0139,8700,796.17,7903.83,0.0,350,197.6,100
O00780,C3,2026-08-23,Customer 0140,4800,551.55,0.0,2124.22,350,106.21,100
O00781,C1,2026-07-11,Customer 0141,4600,255.95,0.0,2172.03,350,108.6,100
O00782,C2,2026-07-27,Customer 0142,14100,2462.18,0.0,5818.91,350,290.95,100
O00783,C3,2026-05-19,Customer 0143,13000,1617.05,0.0,5691.48,350,284.57,100
O00784,C1,2026-06-01,Customer 0144,5600,598.5,0.0,2500.75,350,125.04,100
O00785,C2,2026-05-26,Customer 0145,9400,456.81,0.0,4471.6,350,223.58,100
O00786,C3,2026-09-15,Customer 0146,17400,1251.94,16148.06,0.0,350,403.7,100
O00787,C1,2026-07-23,Customer 0147,14700,977.88,13722.12,0.0,350,343.05,100
O00788,C2,2026-08-01,Customer 0148,13700,528.79,0.0,6585.6,350,329.28,100
O00789,C3,2026-09-30,Customer 0149,12200,221.12,0.0,5989.44,350,299.47,100
O00790,C1,2026-08-16,Customer 0150,13200,336.56,0.0,6431.72,350,321.59,100
O00791,C2,2026-08-09,Customer 0151,5900,197.27,0.0,2851.36,350,142.57,100
O00792,C3,2026-04-08,Customer 0152,2400,418.18,0.0,990.91,350,49.55,100
O00793,C1,2026-04-17,Customer 0153,19000,1920.54,0.0,8539.73,350,426.99,100
O00794,C2,2026-06-26,Customer 0154,17900,442.76,0.0,8728.62,350,436.43,100
O00795,C3,2026-06-25,Customer 0155,15200,672.02,0.0,7263.99,350,363.2,100
O00796,C1,2026-09-02,Customer 0156,7500,670.71,0.0,3414.64,350,170.73,100
O00797,C2,2026-09-16,Customer 0157,1300,106.3,0.0,596.85,350,29.84,100
O00798,C3,2026-07-25,Customer 0158,7700,1319.76,6380.24,0.0,350,159.51,100
O00799,C1,2026-05-05,Customer 0159,4700,324.51,4375.49,0.0,350,109.39,100
O00800,C2,2026-09-18,Customer 0160,14000,1994.02,0.0,6002.99,350,300.15,100
O00801,C3,2026-09-23,Customer 0161,2300,202.68,0.0,1048.66,350,52.43,100
O00802,C1,2026-07-23,Customer 0162,7400,1096.16,0.0,3151.92,350,157.6,100
O00803,C2,2026-07-04,Customer 0163,2800,291.44,0.0,1254.28,350,62.71,100
O00804,C3,2026-05-11,Customer 0164,8700,750.74,0.0,3974.63,350,198.73,100
O00805,C1,2026-05-01,Customer 0165,10400,1041.03,0.0,4679.48,350,233.97,100
O00806,C2,2026-07-27,Customer 0166,13500,126.68,0.0,6686.66,350,334.33,100
O00807,C3,2026-06-09,Customer 0167,10900,937.55,0.0,4981.23,350,249.06,100
O00808,C1,2026-07-21,Customer 0168,16800,2842.92,0.0,6978.54,350,348.93,100
O00809,C2,2026-09-17,Customer 0169,8000,1276.52,0.0,3361.74,350,168.09,100
O00810,C3,2026-04-24,Customer 0170,10200,1074.66,0.0,4562.67,350,228.13,100
O00811,C1,2026-07-06,Customer 0171,6400,1259.95,5140.05,0.0,350,128.5,100
O00812,C2,2026-08-08,Customer 0172,1500,92.24,0.0,703.88,350,35.19,100
O00813,C3,2026-04-06,Customer 0173,2600,317.76,0.0,1141.12,350,57.06,100
O00814,C1,2026-06-21,Customer 0174,7200,519.75,6680.25,0.0,350,167.01,100
O00815,C2,2026-07-19,Customer 0175,9700,983.75,0.0,4358.12,350,217.91,100
O00816,C3,2026-08-21,Customer 0176,11900,779.35,11120.65,0.0,350,278.02,100
O00817,C1,2026-06-11,Customer 0177,14100,1075.43,13024.57,0.0,350,325.61,100
O00818,C2,2026-08-05,Customer 0178,15300,1086.33,0.0,7106.84,350,355.34,100
O00819,C3,2026-09-11,Customer 0179,11900,28.46,0.0,5935.77,350,296.79,100
O00820,C1,2026-08-25,Customer 0180,4400,166.73,0.0,2116.64,350,105.83,100
O00821,C2,2026-08-02,Customer 0181,18600,2600.77,0.0,7999.61,350,399.98,100
O00822,C3,2026-04-29,Customer 0182,2100,259.92,0.0,920.04,350,46.0,100
O00823,C1,2026-05-22,Customer 0183,9700,1062.51,0.0,4318.74,350,215.94,100
O00824,C2,2026-07-24,Customer 0184,2800,330.93,0.0,1234.54,350,61.73,100
O00825,C3,2026-08-06,Customer 0185,16300,2372.26,0.0,6963.87,350,348.19,100
O00826,C1,2026-09-14,Customer 0186,17200,1383.3,0.0,7908.35,350,395.42,100
O00827,C2,2026-08-28,Customer 0187,19600,981.64,0.0,9309.18,350,465.46,100
O00828,C3,2026-05-09,Customer 0188,13300,892.22,0.0,6203.89,350,310.19,100
O00829,C1,2026-09-01,Customer 0189,15100,2375.77,12724.23,0.0,350,318.11,100
O00830,C2,2026-07-06,Customer 0190,13600,98.93,0.0,6750.53,350,337.53,100
O00831,C3,2026-06-19,Customer 0191,9600,1460.51,0.0,4069.74,350,203.49,100
O00832,C1,2026-04-05,Customer 0192,6000,481.38,0.0,2759.31,350,137.97,100
O00833,C2,2026-08-23,Customer 0193,7700,386.24,0.0,3656.88,350,182.84,100
O00834,C3,2026-04-16,Customer 0194,5500,66.77,0.0,2716.61,350,135.83,100
O00835,C1,2026-09-20,Customer 0195,12200,1815.68,0.0,5192.16,350,259.61,100
O00836,C2,2026-04-13,Customer 0196,7800,921.6,6878.4,0.0,350,171.96,100
O00837,C3,2026-04-11,Customer 0197,8200,387.17,7812.83,0.0,350,195.32,100
O00838,C1,2026-07-21,Customer 0198,10700,1112.49,0.0,4793.76,350,239.69,100
O00839,C2,2026-06-18,Customer 0199,2900,236.82,2663.18,0.0,350,66.58,100
O00840,C3,2026-07-30,Customer 0200,17600,1690.75,0.0,7954.62,350,397.73,100
O00841,C1,2026-06-13,Customer 0201,8100,1590.01,0.0,3254.99,350,162.75,100
O00842,C2,2026-06-29,Customer 0202,18300,94.56,0.0,9102.72,350,455.14,100
O00843,C3,2026-09-16,Customer 0203,6600,209.24,6390.76,0.0,350,159.77,100
O00844,C1,2026-06-24,Customer 0204,15600,2190.52,0.0,6704.74,350,335.24,100
O00845,C2,2026-06-04,Customer 0205,16300,2023.68,14276.32,0.0,350,356.91,100
O00846,C3,2026-05-18,Customer 0206,5600,470.52,5129.48,0.0,350,128.24,100
O00847,C1,2026-07-02,Customer 0207,16400,286.71,0.0,8056.65,350,402.83,100
O00848,C2,2026-06-18,Customer 0208,1200,125.77,1074.23,0.0,350,26.86,100
O00849,C3,2026-09-04,Customer 0209,19300,1872.11,0.0,8713.94,350,435.7,100
O00850,C1,2026-08-31,Customer 0210,3100,249.58,0.0,1425.21,350,71.26,100
O00851,C2,2026-06-27,Customer 0211,9600,847.06,0.0,4376.47,350,218.82,100
O00852,C3,2026-05-07,Customer 0212,17500,1300.78,0.0,8099.61,350,404.98,100
O00853,C1,2026-08-06,Customer 0213,8700,583.24,0.0,4058.38,350,202.92,100
O00854,C2,2026-09-21,Customer 0214,14000,1132.41,12867.59,0.0,350,321.69,100
O00855,C3,2026-08-02,Customer 0215,11200,864.79,10335.21,0.0,350,258.38,100
O00856,C1,2026-09-25,Customer 0216,10100,903.1,0.0,4598.45,350,229.92,100
O00857,C2,2026-06-28,Customer 0217,5800,876.44,4923.56,-0.0,350,123.09,100
O00858,C3,2026-07-13,Customer 0218,1300,213.9,0.0,543.05,350,27.15,100
O00859,C1,2026-08-02,Customer 0219,17500,116.35,0.0,8691.83,350,434.59,100
O00860,C2,2026-06-17,Customer 0220,4500,453.24,0.0,2023.38,350,101.17,100
O00861,C3,2026-04-07,Customer 0221,16900,2062.91,0.0,7418.55,350,370.93,100
O00862,C1,2026-04-19,Customer 0222,10000,1910.66,0.0,4044.67,350,202.23,100
O00863,C2,2026-05-12,Customer 0223,14100,86.0,14014.0,0.0,350,350.35,100
O00864,C3,2026-06-27,Customer 0224,17800,1205.35,0.0,8297.33,350,414.87,100
O00865,C1,2026-04-12,Customer 0225,14200,635.1,0.0,6782.45,350,339.12,100
O00866,C2,2026-05-05,Customer 0226,2200,294.84,0.0,952.58,350,47.63,100
O00867,C3,2026-07-12,Customer 0227,16600,2991.36,0.0,6804.32,350,340.22,100
O00868,C1,2026-08-04,Customer 0228,16900,237.21,16662.79,0.0,350,416.57,100
O00869,C2,2026-04-17,Customer 0229,10000,1479.35,0.0,4260.32,350,213.02,100
O00870,C3,2026-06-02,Customer 0230,16500,3047.13,0.0,6726.43,350,336.32,100
O00871,C1,2026-08-10,Customer 0231,16400,2438.19,0.0,6980.9,350,349.05,100
O00872,C2,2026-07-27,Customer 0232,12900,65.4,0.0,6417.3,350,320.87,100
O00873,C3,2026-05-09,Customer 0233,5200,24.56,5175.44,0.0,350,129.39,100
O00874,C1,2026-05-21,Customer 0234,9200,337.75,8862.25,0.0,350,221.56,100
O00875,C2,2026-06-05,Customer 0235,17800,2949.77,0.0,7425.11,350,371.26,100
O00876,C3,2026-08-29,Customer 0236,11400,2040.23,9359.77,0.0,350,233.99,100
O00877,C1,2026-04-27,Customer 0237,19400,887.34,0.0,9256.33,350,462.82,100
O00878,C2,2026-07-12,Customer 0238,13800,413.83,0.0,6693.09,350,334.65,100
O00879,C3,2026-08-13,Customer 0239,2600,500.67,0.0,1049.66,350,52.48,100
O00880,C1,2026-05-13,Customer 0240,3600,433.9,0.0,1583.05,350,79.15,100
O00881,C2,2026-06-24,Customer 0241,6500,852.18,0.0,2823.91,350,141.2,100
O00882,C3,2026-04-17,Customer 0242,14400,103.5,0.0,7148.25,350,357.41,100
O00883,C1,2026-04-21,Customer 0243,9100,329.95,0.0,4385.02,350,219.25,100
O00884,C2,2026-06-20,Customer 0244,11000,1023.11,0.0,4988.44,350,249.42,100
O00885,C3,2026-08-22,Customer 0245,14400,287.82,14112.18,0.0,350,352.8,100
O00886,C1,2026-06-20,Customer 0246,5900,1158.6,0.0,2370.7,350,118.53,100
O00887,C2,2026-08-13,Customer 0247,2300,215.42,0.0,1042.29,350,52.11,100
O00888,C3,2026-04-23,Customer 0248,19900,1475.12,0.0,9212.44,350,460.62,100
O00889,C1,2026-08-21,Customer 0249,3100,483.28,0.0,1308.36,350,65.42,100
O00890,C2,2026-07-17,Customer 0250,2800,73.74,2726.26,0.0,350,68.16,100
O00891,C3,2026-09-01,Customer 0251,17100,1448.62,0.0,7825.69,350,391.28,100
O00892,C1,2026-06-20,Customer 0252,12900,2516.93,0.0,5191.53,350,259.58,100
O00893,C2,2026-07-09,Customer 0253,17900,829.15,0.0,8535.42,350,426.77,100
O00894,C3,2026-07-02,Customer 0254,2800,64.35,2735.65,0.0,350,68.39,100
O00895,C1,2026-08-31,Customer 0255,13000,900.57,0.0,6049.72,350,302.49,100
O00896,C2,2026-05-06,Customer 0256,12400,567.52,0.0,5916.24,350,295.81,100
O00897,C3,2026-05-19,Customer 0257,2300,245.61,0.0,1027.19,350,51.36,100
O00898,C1,2026-05-03,Customer 0258,1600,37.68,0.0,781.16,350,39.06,100
O00899,C2,2026-04-13,Customer 0259,4500,385.13,0.0,2057.43,350,102.87,100
O00900,C3,2026-05-05,Customer 0260,4700,210.69,4489.31,0.0,350,112.23,100
