period,group,item,status,actual,cost,target,units,extra,profit,variance
2025-01,Karachi,2026-W19,On target,884666.62,691901.37,760883.24,46,116.3,192765.25,123783.38
2025-02,Lahore,2026-W19,On target,1165904.81,945151.9,854880.62,60,136.4,220752.91,311024.19
2025-03,Islamabad,2026-W19,Below target,547409.4,400254.55,583791.2,28,93.8,147154.85,-36381.8
2025-04,Rawalpindi,2026-W19,Below target,623659.15,414272.55,702957.07,32,88.7,209386.6,-79297.92
2025-05,Karachi,2026-W20,On target,543447.64,326562.57,512243.29,28,106.1,216885.07,31204.35
2025-06,Lahore,2026-W20,On target,753058.6,487687.17,664340.66,39,113.4,265371.43,88717.94
2025-07,Islamabad,2026-W20,Below target,331216.97,284598.43,478684.81,17,69.2,46618.54,-147467.84
2025-08,Rawalpindi,2026-W20,Below target,725016.85,490766.44,752154.25,37,96.4,234250.41,-27137.4
2025-09,Karachi,2026-W21,Below target,605620.45,385672.82,729102.92,31,83.1,219947.63,-123482.47
2025-10,Lahore,2026-W21,Below target,442580.19,359997.82,638660.8,23,69.3,82582.37,-196080.61
2025-11,Islamabad,2026-W21,Below target,382129.11,260354.13,569050.92,19,67.2,121774.98,-186921.81
2025-12,Rawalpindi,2026-W21,Below target,617777.19,514380.94,618530.65,32,99.9,103396.25,-753.46
2026-01,Karachi,2026-W22,Below target,584888.68,522089.58,611248.11,30,95.7,62799.1,-26359.43
2026-02,Lahore,2026-W22,On target,832126.42,518998.06,815472.64,43,102.0,313128.36,16653.78
2026-03,Islamabad,2026-W22,Below target,581587.13,349831.61,648843.6,30,89.6,231755.52,-67256.47
2026-04,Rawalpindi,2026-W22,On target,720711.21,411532.98,657350.5,37,109.6,309178.23,63360.71
2026-05,Karachi,2026-W19,Below target,455900.38,397128.75,669085.85,23,68.1,58771.63,-213185.47
2026-06,Lahore,2026-W19,On target,757520.94,351006.44,575362.52,39,131.7,406514.5,182158.42
2026-07,Islamabad,2026-W19,Below target,386753.15,188771.65,546117.42,20,70.8,197981.5,-159364.27
2026-08,Rawalpindi,2026-W19,On target,847291.74,461027.11,662904.24,44,127.8,386264.63,184387.5
2026-09,Karachi,2026-W20,Below target,595562.01,411495.76,723870.8,31,82.3,184066.25,-128308.79
2026-10,Lahore,2026-W20,Below target,461717.73,360115.4,589307.97,24,78.3,101602.33,-127590.24
2026-11,Islamabad,2026-W20,On target,692864.4,607531.68,616275.05,36,112.4,85332.72,76589.35
2026-12,Rawalpindi,2026-W20,Below target,538584.28,259862.73,603171.48,28,89.3,278721.55,-64587.2
2027-01,Karachi,2026-W21,On target,860740.08,724708.17,675420.56,44,127.4,136031.91,185319.52
2027-02,Lahore,2026-W21,Below target,455209.04,224361.57,606505.35,23,75.1,230847.47,-151296.31
2027-03,Islamabad,2026-W21,On target,696187.31,576775.69,633979.15,36,109.8,119411.62,62208.16
2027-04,Rawalpindi,2026-W21,Below target,463616.58,230977.46,583778.06,24,79.4,232639.12,-120161.48
2027-05,Karachi,2026-W22,Below target,459170.65,386509.99,512209.87,23,89.6,72660.66,-53039.22
2027-06,Lahore,2026-W22,On target,917501.52,770262.1,859067.4,47,106.8,147239.42,58434.12
2027-07,Islamabad,2026-W22,Below target,619358.77,354565.29,693757.07,32,89.3,264793.48,-74398.3
2027-08,Rawalpindi,2026-W22,On target,849502.23,504418.85,615479.64,44,138.0,345083.38,234022.59
2027-09,Karachi,2026-W19,Below target,529784.5,481857.09,813327.49,27,65.1,47927.41,-283542.99
2027-10,Lahore,2026-W19,On target,1021231.62,659666.44,811489.78,53,125.8,361565.18,209741.84
2027-11,Islamabad,2026-W19,On target,1052129.95,506902.68,845067.47,54,124.5,545227.27,207062.48
2027-12,Rawalpindi,2026-W19,On target,711966.0,441118.02,664051.17,37,107.2,270847.98,47914.83
2028-01,Karachi,2026-W20,Below target,410961.36,252722.34,608441.95,21,67.5,158239.02,-197480.59
2028-02,Lahore,2026-W20,On target,649604.26,397305.38,511367.18,33,127.0,252298.88,138237.08
2028-03,Islamabad,2026-W20,Below target,628900.68,432364.72,676077.41,32,93.0,196535.96,-47176.73
2028-04,Rawalpindi,2026-W20,Below target,610067.15,337104.84,705907.02,31,86.4,272962.31,-95839.87
2028-05,Karachi,2026-W21,Below target,615460.91,427972.2,753078.15,32,81.7,187488.71,-137617.24
2028-06,Lahore,2026-W21,Below target,379309.07,303273.85,503847.51,19,75.3,76035.22,-124538.44
2028-07,Islamabad,2026-W21,On target,675312.6,428509.09,595287.06,35,113.4,246803.51,80025.54
2028-08,Rawalpindi,2026-W21,Below target,647914.8,409458.93,827556.12,33,78.3,238455.87,-179641.32
2028-09,Karachi,2026-W22,Below target,538267.53,347685.36,658996.52,28,81.7,190582.17,-120728.99
2028-10,Lahore,2026-W22,On target,716597.87,349430.61,582771.35,37,123.0,367167.26,133826.52
2028-11,Islamabad,2026-W22,Below target,505072.69,413479.43,520991.9,26,96.9,91593.26,-15919.21
2028-12,Rawalpindi,2026-W22,Below target,565984.81,497319.13,831953.03,29,68.0,68665.68,-265968.22
