VehicleID,Make,Model,Branch,Salesperson,Status,PurchaseDate,SaleDate,PurchaseCost,Reconditioning,SalePrice,DaysHeld,AgeBand
V0001,Toyota,Sedan,Karachi,Advisor 1,In Stock,2025-12-04,,4200000,190000,0,300,91+
V0002,Honda,Hatchback,Lahore,Advisor 2,Sold,2026-03-28,2026-07-26,2400000,230000,3180000,120,91+
V0003,Suzuki,SUV,Islamabad,Advisor 3,Sold,2026-06-10,2026-08-27,4600000,110000,5210000,78,61–90
V0004,Kia,Sedan,Karachi,Advisor 4,Sold,2026-06-11,2026-07-24,7400000,40000,7590000,43,31–60
V0005,Hyundai,Hatchback,Lahore,Advisor 5,In Stock,2026-06-21,,3800000,40000,0,101,91+
V0006,Toyota,SUV,Islamabad,Advisor 6,Sold,2026-02-12,2026-08-29,6400000,80000,6980000,198,91+
V0007,Honda,Sedan,Karachi,Advisor 7,Sold,2026-04-14,2026-06-15,6900000,150000,7100000,62,61–90
V0008,Suzuki,Hatchback,Lahore,Advisor 1,Sold,2026-08-26,2026-09-23,7700000,110000,7860000,28,0–30
V0009,Kia,SUV,Islamabad,Advisor 2,In Stock,2026-08-02,,6000000,230000,0,59,31–60
V0010,Hyundai,Sedan,Karachi,Advisor 3,Sold,2026-05-14,2026-08-24,6600000,90000,7090000,102,91+
V0011,Toyota,Hatchback,Lahore,Advisor 4,Sold,2026-08-19,2026-09-14,7100000,20000,7570000,26,0–30
V0012,Honda,SUV,Islamabad,Advisor 5,Sold,2026-06-09,2026-08-17,3000000,130000,2880000,69,61–90
V0013,Suzuki,Sedan,Karachi,Advisor 6,In Stock,2026-03-22,,6400000,20000,0,192,91+
V0014,Kia,Hatchback,Lahore,Advisor 7,Sold,2026-05-16,2026-06-25,2200000,150000,2350000,40,31–60
V0015,Hyundai,SUV,Islamabad,Advisor 1,Sold,2026-05-08,2026-05-25,3700000,140000,4640000,17,0–30
V0016,Toyota,Sedan,Karachi,Advisor 2,Sold,2026-03-26,2026-09-10,7800000,70000,8370000,168,91+
V0017,Honda,Hatchback,Lahore,Advisor 3,In Stock,2026-01-09,,5700000,290000,0,264,91+
V0018,Suzuki,SUV,Islamabad,Advisor 4,Sold,2026-06-27,2026-09-24,1800000,40000,1690000,89,61–90
V0019,Kia,Sedan,Karachi,Advisor 5,Sold,2026-09-11,2026-09-30,6200000,190000,7240000,19,0–30
V0020,Hyundai,Hatchback,Lahore,Advisor 6,Sold,2026-02-13,2026-09-16,3300000,230000,4380000,215,91+
V0021,Toyota,SUV,Islamabad,Advisor 7,In Stock,2025-11-19,,7600000,270000,0,315,91+
V0022,Honda,Sedan,Karachi,Advisor 1,Sold,2025-11-05,2026-01-16,4000000,270000,4320000,72,61–90
V0023,Suzuki,Hatchback,Lahore,Advisor 2,Sold,2025-12-21,2026-08-07,3500000,40000,3490000,229,91+
V0024,Kia,SUV,Islamabad,Advisor 3,Sold,2026-04-21,2026-07-17,6600000,40000,6440000,87,61–90
V0025,Hyundai,Sedan,Karachi,Advisor 4,In Stock,2025-12-21,,6200000,160000,0,283,91+
V0026,Toyota,Hatchback,Lahore,Advisor 5,Sold,2026-08-29,2026-09-11,5300000,230000,5780000,13,0–30
V0027,Honda,SUV,Islamabad,Advisor 6,Sold,2026-08-12,2026-08-30,3700000,100000,4250000,18,0–30
V0028,Suzuki,Sedan,Karachi,Advisor 7,Sold,2026-06-15,2026-08-09,3200000,180000,3630000,55,31–60
V0029,Kia,Hatchback,Lahore,Advisor 1,In Stock,2026-05-25,,3000000,100000,0,128,91+
V0030,Hyundai,SUV,Islamabad,Advisor 2,Sold,2025-10-28,2026-01-27,1900000,20000,2670000,91,91+
V0031,Toyota,Sedan,Karachi,Advisor 3,Sold,2026-03-09,2026-08-13,7600000,220000,8470000,157,91+
V0032,Honda,Hatchback,Lahore,Advisor 4,Sold,2026-09-05,2026-09-16,4800000,270000,5220000,11,0–30
V0033,Suzuki,SUV,Islamabad,Advisor 5,In Stock,2026-01-29,,4300000,190000,0,244,91+
V0034,Kia,Sedan,Karachi,Advisor 6,Sold,2025-11-28,2026-08-30,5800000,120000,5670000,275,91+
V0035,Hyundai,Hatchback,Lahore,Advisor 7,Sold,2026-07-21,2026-08-27,6200000,230000,6730000,37,31–60
V0036,Toyota,SUV,Islamabad,Advisor 1,Sold,2026-03-05,2026-06-16,2400000,250000,2750000,103,91+
V0037,Honda,Sedan,Karachi,Advisor 2,In Stock,2026-01-06,,2600000,80000,0,267,91+
V0038,Suzuki,Hatchback,Lahore,Advisor 3,Sold,2026-07-14,2026-07-30,3600000,120000,3620000,16,0–30
V0039,Kia,SUV,Islamabad,Advisor 4,Sold,2026-03-22,2026-03-29,7500000,290000,8590000,7,0–30
V0040,Hyundai,Sedan,Karachi,Advisor 5,Sold,2026-06-16,2026-09-11,6400000,180000,7380000,87,61–90
V0041,Toyota,Hatchback,Lahore,Advisor 6,In Stock,2025-11-11,,4400000,60000,0,323,91+
V0042,Honda,SUV,Islamabad,Advisor 7,Sold,2026-02-05,2026-06-25,5800000,110000,6710000,140,91+
V0043,Suzuki,Sedan,Karachi,Advisor 1,Sold,2026-04-26,2026-07-01,4800000,150000,5000000,66,61–90
V0044,Kia,Hatchback,Lahore,Advisor 2,Sold,2026-02-07,2026-04-25,2300000,90000,2190000,77,61–90
V0045,Hyundai,SUV,Islamabad,Advisor 3,In Stock,2025-12-05,,6100000,250000,0,299,91+
V0046,Toyota,Sedan,Karachi,Advisor 4,Sold,2026-02-15,2026-06-08,2400000,100000,3100000,113,91+
V0047,Honda,Hatchback,Lahore,Advisor 5,Sold,2026-06-15,2026-06-20,7700000,210000,7710000,5,0–30
V0048,Suzuki,SUV,Islamabad,Advisor 6,Sold,2026-09-21,2026-09-28,7500000,230000,7880000,7,0–30
V0049,Kia,Sedan,Karachi,Advisor 7,In Stock,2025-11-16,,3600000,170000,0,318,91+
V0050,Hyundai,Hatchback,Lahore,Advisor 1,Sold,2025-11-06,2025-12-08,2200000,240000,2590000,32,31–60
V0051,Toyota,SUV,Islamabad,Advisor 2,Sold,2025-11-22,2026-01-24,2900000,210000,3560000,63,61–90
V0052,Honda,Sedan,Karachi,Advisor 3,Sold,2026-04-07,2026-08-19,2700000,60000,3260000,134,91+
V0053,Suzuki,Hatchback,Lahore,Advisor 4,In Stock,2026-02-26,,3100000,100000,0,216,91+
V0054,Kia,SUV,Islamabad,Advisor 5,Sold,2026-09-24,2026-09-26,6300000,80000,7130000,2,0–30
V0055,Hyundai,Sedan,Karachi,Advisor 6,Sold,2025-12-29,2026-02-17,4700000,250000,5000000,50,31–60
V0056,Toyota,Hatchback,Lahore,Advisor 7,Sold,2025-10-29,2026-01-18,4000000,250000,4900000,81,61–90
V0057,Honda,SUV,Islamabad,Advisor 1,In Stock,2025-10-22,,4200000,160000,0,343,91+
V0058,Suzuki,Sedan,Karachi,Advisor 2,Sold,2026-07-19,2026-07-24,4200000,180000,5230000,5,0–30
V0059,Kia,Hatchback,Lahore,Advisor 3,Sold,2026-01-09,2026-05-06,3100000,200000,3850000,117,91+
V0060,Hyundai,SUV,Islamabad,Advisor 4,Sold,2026-09-21,2026-09-27,8300000,60000,9010000,6,0–30
V0061,Toyota,Sedan,Karachi,Advisor 5,In Stock,2025-10-25,,7900000,60000,0,340,91+
V0062,Honda,Hatchback,Lahore,Advisor 6,Sold,2026-08-02,2026-08-10,2300000,160000,3160000,8,0–30
V0063,Suzuki,SUV,Islamabad,Advisor 7,Sold,2025-12-09,2026-01-25,5300000,140000,6390000,47,31–60
V0064,Kia,Sedan,Karachi,Advisor 1,Sold,2026-07-21,2026-07-29,3200000,110000,4110000,8,0–30
V0065,Hyundai,Hatchback,Lahore,Advisor 2,In Stock,2025-12-30,,2500000,50000,0,274,91+
V0066,Toyota,SUV,Islamabad,Advisor 3,Sold,2026-04-28,2026-07-11,4800000,70000,5770000,74,61–90
V0067,Honda,Sedan,Karachi,Advisor 4,Sold,2026-03-13,2026-08-28,6600000,60000,7510000,168,91+
V0068,Suzuki,Hatchback,Lahore,Advisor 5,Sold,2025-11-07,2026-04-27,2200000,90000,2490000,171,91+
V0069,Kia,SUV,Islamabad,Advisor 6,In Stock,2026-03-12,,4800000,170000,0,202,91+
V0070,Hyundai,Sedan,Karachi,Advisor 7,Sold,2026-05-26,2026-06-21,7000000,60000,7760000,26,0–30
V0071,Toyota,Hatchback,Lahore,Advisor 1,Sold,2026-07-05,2026-09-07,7400000,170000,7620000,64,61–90
V0072,Honda,SUV,Islamabad,Advisor 2,Sold,2026-05-10,2026-05-17,4200000,120000,5270000,7,0–30
V0073,Suzuki,Sedan,Karachi,Advisor 3,In Stock,2026-09-08,,4600000,110000,0,22,0–30
V0074,Kia,Hatchback,Lahore,Advisor 4,Sold,2026-01-01,2026-05-17,2200000,260000,2810000,136,91+
V0075,Hyundai,SUV,Islamabad,Advisor 5,Sold,2026-07-24,2026-08-26,6500000,260000,7210000,33,31–60
V0076,Toyota,Sedan,Karachi,Advisor 6,Sold,2025-11-16,2026-04-01,2500000,160000,3460000,136,91+
V0077,Honda,Hatchback,Lahore,Advisor 7,In Stock,2026-04-26,,2900000,70000,0,157,91+
V0078,Suzuki,SUV,Islamabad,Advisor 1,Sold,2025-10-24,2025-11-04,6500000,170000,6470000,11,0–30
V0079,Kia,Sedan,Karachi,Advisor 2,Sold,2026-03-15,2026-03-27,6300000,30000,6430000,12,0–30
V0080,Hyundai,Hatchback,Lahore,Advisor 3,Sold,2026-09-26,2026-09-30,3400000,170000,3920000,4,0–30
V0081,Toyota,SUV,Islamabad,Advisor 4,In Stock,2026-08-05,,4100000,150000,0,56,31–60
V0082,Honda,Sedan,Karachi,Advisor 5,Sold,2025-10-24,2026-06-06,5200000,130000,6230000,225,91+
V0083,Suzuki,Hatchback,Lahore,Advisor 6,Sold,2026-06-10,2026-09-06,5400000,290000,6040000,88,61–90
V0084,Kia,SUV,Islamabad,Advisor 7,Sold,2026-07-19,2026-08-10,8400000,230000,9130000,22,0–30
V0085,Hyundai,Sedan,Karachi,Advisor 1,In Stock,2026-04-28,,4700000,150000,0,155,91+
V0086,Toyota,Hatchback,Lahore,Advisor 2,Sold,2026-01-01,2026-01-25,2400000,180000,2480000,24,0–30
V0087,Honda,SUV,Islamabad,Advisor 3,Sold,2026-09-22,2026-09-30,5400000,160000,6310000,8,0–30
V0088,Suzuki,Sedan,Karachi,Advisor 4,Sold,2026-03-21,2026-08-28,5400000,60000,5760000,160,91+
V0089,Kia,Hatchback,Lahore,Advisor 5,In Stock,2026-01-25,,4900000,260000,0,248,91+
V0090,Hyundai,SUV,Islamabad,Advisor 6,Sold,2026-07-20,2026-09-15,2600000,140000,2640000,57,31–60
V0091,Toyota,Sedan,Karachi,Advisor 7,Sold,2025-11-13,2026-07-18,3000000,190000,2990000,247,91+
V0092,Honda,Hatchback,Lahore,Advisor 1,Sold,2025-10-16,2026-06-06,5200000,280000,5780000,233,91+
V0093,Suzuki,SUV,Islamabad,Advisor 2,In Stock,2026-03-16,,3900000,260000,0,198,91+
V0094,Kia,Sedan,Karachi,Advisor 3,Sold,2026-08-19,2026-09-24,4700000,290000,5940000,36,31–60
V0095,Hyundai,Hatchback,Lahore,Advisor 4,Sold,2025-12-26,2026-09-14,7100000,250000,7750000,262,91+
V0096,Toyota,SUV,Islamabad,Advisor 5,Sold,2026-07-01,2026-09-28,2400000,130000,3430000,89,61–90
V0097,Honda,Sedan,Karachi,Advisor 6,In Stock,2025-12-02,,3100000,20000,0,302,91+
V0098,Suzuki,Hatchback,Lahore,Advisor 7,Sold,2026-07-02,2026-08-04,3800000,180000,3930000,33,31–60
V0099,Kia,SUV,Islamabad,Advisor 1,Sold,2025-12-14,2026-05-11,4900000,190000,5740000,148,91+
V0100,Hyundai,Sedan,Karachi,Advisor 2,Sold,2026-08-14,2026-08-27,3500000,30000,4130000,13,0–30
V0101,Toyota,Hatchback,Lahore,Advisor 3,In Stock,2026-06-23,,7800000,50000,0,99,91+
V0102,Honda,SUV,Islamabad,Advisor 4,Sold,2025-11-21,2026-02-05,7900000,170000,8270000,76,61–90
V0103,Suzuki,Sedan,Karachi,Advisor 5,Sold,2026-06-25,2026-07-13,4100000,70000,4670000,18,0–30
V0104,Kia,Hatchback,Lahore,Advisor 6,Sold,2026-02-22,2026-06-26,2500000,70000,2870000,124,91+
V0105,Hyundai,SUV,Islamabad,Advisor 7,In Stock,2026-08-20,,5000000,70000,0,41,31–60
V0106,Toyota,Sedan,Karachi,Advisor 1,Sold,2025-10-20,2025-10-23,1800000,120000,1720000,3,0–30
V0107,Honda,Hatchback,Lahore,Advisor 2,Sold,2026-07-10,2026-08-14,4700000,220000,4920000,35,31–60
V0108,Suzuki,SUV,Islamabad,Advisor 3,Sold,2026-03-02,2026-05-04,4300000,120000,4370000,63,61–90
V0109,Kia,Sedan,Karachi,Advisor 4,In Stock,2025-12-04,,6000000,130000,0,300,91+
V0110,Hyundai,Hatchback,Lahore,Advisor 5,Sold,2026-03-15,2026-06-05,4600000,200000,5000000,82,61–90
V0111,Toyota,SUV,Islamabad,Advisor 6,Sold,2026-04-30,2026-07-13,8400000,150000,8550000,74,61–90
V0112,Honda,Sedan,Karachi,Advisor 7,Sold,2025-10-24,2026-01-07,1900000,140000,1940000,75,61–90
V0113,Suzuki,Hatchback,Lahore,Advisor 1,In Stock,2025-12-31,,7300000,280000,0,273,91+
V0114,Kia,SUV,Islamabad,Advisor 2,Sold,2026-06-27,2026-07-30,4500000,160000,5160000,33,31–60
V0115,Hyundai,Sedan,Karachi,Advisor 3,Sold,2025-12-06,2026-03-24,3400000,50000,3300000,108,91+
V0116,Toyota,Hatchback,Lahore,Advisor 4,Sold,2026-02-27,2026-08-21,6800000,260000,6810000,175,91+
V0117,Honda,SUV,Islamabad,Advisor 5,In Stock,2026-04-25,,4000000,210000,0,158,91+
V0118,Suzuki,Sedan,Karachi,Advisor 6,Sold,2026-07-24,2026-09-27,6900000,30000,7780000,65,61–90
V0119,Kia,Hatchback,Lahore,Advisor 7,Sold,2025-11-16,2026-05-17,2800000,230000,3030000,182,91+
V0120,Hyundai,SUV,Islamabad,Advisor 1,Sold,2026-06-15,2026-09-24,5700000,270000,5720000,101,91+
V0121,Toyota,Sedan,Karachi,Advisor 2,In Stock,2026-07-01,,2400000,140000,0,91,91+
V0122,Honda,Hatchback,Lahore,Advisor 3,Sold,2026-03-25,2026-09-25,8200000,80000,9030000,184,91+
V0123,Suzuki,SUV,Islamabad,Advisor 4,Sold,2025-12-31,2026-09-05,3700000,90000,4090000,248,91+
V0124,Kia,Sedan,Karachi,Advisor 5,Sold,2026-07-01,2026-07-03,8100000,160000,9210000,2,0–30
V0125,Hyundai,Hatchback,Lahore,Advisor 6,In Stock,2025-11-06,,4800000,110000,0,328,91+
V0126,Toyota,SUV,Islamabad,Advisor 7,Sold,2026-02-14,2026-05-08,2600000,150000,3550000,83,61–90
V0127,Honda,Sedan,Karachi,Advisor 1,Sold,2026-02-15,2026-05-17,2200000,240000,3190000,91,91+
V0128,Suzuki,Hatchback,Lahore,Advisor 2,Sold,2026-04-02,2026-08-05,2300000,270000,2420000,125,91+
V0129,Kia,SUV,Islamabad,Advisor 3,In Stock,2026-03-24,,6200000,200000,0,190,91+
V0130,Hyundai,Sedan,Karachi,Advisor 4,Sold,2026-04-13,2026-05-01,2500000,40000,2990000,18,0–30
V0131,Toyota,Hatchback,Lahore,Advisor 5,Sold,2026-03-18,2026-06-03,4600000,100000,4750000,77,61–90
V0132,Honda,SUV,Islamabad,Advisor 6,Sold,2026-06-30,2026-09-07,4300000,60000,4910000,69,61–90
V0133,Suzuki,Sedan,Karachi,Advisor 7,In Stock,2026-01-07,,5400000,100000,0,266,91+
V0134,Kia,Hatchback,Lahore,Advisor 1,Sold,2025-12-04,2026-01-26,3600000,130000,4580000,53,31–60
V0135,Hyundai,SUV,Islamabad,Advisor 2,Sold,2025-11-16,2025-12-01,4100000,210000,4710000,15,0–30
V0136,Toyota,Sedan,Karachi,Advisor 3,Sold,2025-10-20,2026-03-30,5400000,130000,6180000,161,91+
V0137,Honda,Hatchback,Lahore,Advisor 4,In Stock,2026-04-08,,3600000,150000,0,175,91+
V0138,Suzuki,SUV,Islamabad,Advisor 5,Sold,2025-10-19,2026-07-07,8400000,270000,8770000,261,91+
V0139,Kia,Sedan,Karachi,Advisor 6,Sold,2026-02-17,2026-03-05,2100000,110000,2510000,16,0–30
V0140,Hyundai,Hatchback,Lahore,Advisor 7,Sold,2026-06-19,2026-07-20,6000000,270000,6270000,31,31–60
V0141,Toyota,SUV,Islamabad,Advisor 1,In Stock,2026-08-20,,5700000,40000,0,41,31–60
V0142,Honda,Sedan,Karachi,Advisor 2,Sold,2026-04-23,2026-09-08,5200000,60000,5560000,138,91+
V0143,Suzuki,Hatchback,Lahore,Advisor 3,Sold,2026-09-18,2026-09-30,4600000,90000,5540000,12,0–30
V0144,Kia,SUV,Islamabad,Advisor 4,Sold,2026-09-10,2026-09-27,1800000,110000,2660000,17,0–30
V0145,Hyundai,Sedan,Karachi,Advisor 5,In Stock,2025-12-05,,6900000,40000,0,299,91+
V0146,Toyota,Hatchback,Lahore,Advisor 6,Sold,2026-02-04,2026-05-03,3000000,140000,3490000,88,61–90
V0147,Honda,SUV,Islamabad,Advisor 7,Sold,2026-03-13,2026-09-13,6000000,250000,6650000,184,91+
V0148,Suzuki,Sedan,Karachi,Advisor 1,Sold,2026-08-23,2026-09-29,3100000,100000,3400000,37,31–60
V0149,Kia,Hatchback,Lahore,Advisor 2,In Stock,2025-12-21,,7800000,260000,0,283,91+
V0150,Hyundai,SUV,Islamabad,Advisor 3,Sold,2026-08-21,2026-09-17,4300000,60000,4110000,27,0–30
V0151,Toyota,Sedan,Karachi,Advisor 4,Sold,2026-06-04,2026-08-06,3800000,50000,3700000,63,61–90
V0152,Honda,Hatchback,Lahore,Advisor 5,Sold,2026-01-04,2026-03-28,5400000,80000,6380000,83,61–90
V0153,Suzuki,SUV,Islamabad,Advisor 6,In Stock,2026-03-17,,7700000,40000,0,197,91+
V0154,Kia,Sedan,Karachi,Advisor 7,Sold,2026-07-07,2026-08-13,6000000,290000,7090000,37,31–60
V0155,Hyundai,Hatchback,Lahore,Advisor 1,Sold,2026-07-09,2026-07-21,4300000,230000,5280000,12,0–30
V0156,Toyota,SUV,Islamabad,Advisor 2,Sold,2025-11-16,2026-04-08,2300000,280000,3480000,143,91+
V0157,Honda,Sedan,Karachi,Advisor 3,In Stock,2026-06-26,,6200000,210000,0,96,91+
V0158,Suzuki,Hatchback,Lahore,Advisor 4,Sold,2025-10-29,2025-11-27,6900000,30000,7730000,29,0–30
V0159,Kia,SUV,Islamabad,Advisor 5,Sold,2026-07-03,2026-08-26,2300000,190000,2540000,54,31–60
V0160,Hyundai,Sedan,Karachi,Advisor 6,Sold,2026-07-23,2026-08-17,7900000,40000,8840000,25,0–30
V0161,Toyota,Hatchback,Lahore,Advisor 7,In Stock,2026-03-12,,3700000,150000,0,202,91+
V0162,Honda,SUV,Islamabad,Advisor 1,Sold,2026-06-29,2026-08-17,6000000,270000,6820000,49,31–60
V0163,Suzuki,Sedan,Karachi,Advisor 2,Sold,2026-08-18,2026-08-25,8300000,20000,8720000,7,0–30
V0164,Kia,Hatchback,Lahore,Advisor 3,Sold,2026-07-13,2026-09-20,7600000,230000,8630000,69,61–90
V0165,Hyundai,SUV,Islamabad,Advisor 4,In Stock,2025-10-25,,3800000,230000,0,340,91+
V0166,Toyota,Sedan,Karachi,Advisor 5,Sold,2026-05-20,2026-09-14,3300000,70000,3270000,117,91+
V0167,Honda,Hatchback,Lahore,Advisor 6,Sold,2025-10-20,2026-06-08,4100000,80000,5030000,231,91+
V0168,Suzuki,SUV,Islamabad,Advisor 7,Sold,2026-06-05,2026-06-13,8400000,270000,9570000,8,0–30
V0169,Kia,Sedan,Karachi,Advisor 1,In Stock,2025-11-04,,1800000,60000,0,330,91+
V0170,Hyundai,Hatchback,Lahore,Advisor 2,Sold,2026-04-22,2026-06-14,6000000,90000,6590000,53,31–60
V0171,Toyota,SUV,Islamabad,Advisor 3,Sold,2026-08-16,2026-08-24,2400000,220000,2670000,8,0–30
V0172,Honda,Sedan,Karachi,Advisor 4,Sold,2025-11-18,2026-03-26,8100000,290000,8990000,128,91+
V0173,Suzuki,Hatchback,Lahore,Advisor 5,In Stock,2026-02-10,,3200000,280000,0,232,91+
V0174,Kia,SUV,Islamabad,Advisor 6,Sold,2026-03-27,2026-04-13,4900000,120000,5220000,17,0–30
V0175,Hyundai,Sedan,Karachi,Advisor 7,Sold,2026-06-28,2026-07-05,7400000,290000,7690000,7,0–30
V0176,Toyota,Hatchback,Lahore,Advisor 1,Sold,2026-05-10,2026-05-30,1900000,290000,1990000,20,0–30
V0177,Honda,SUV,Islamabad,Advisor 2,In Stock,2026-07-28,,2600000,40000,0,64,61–90
V0178,Suzuki,Sedan,Karachi,Advisor 3,Sold,2026-07-18,2026-09-07,5400000,220000,5420000,51,31–60
V0179,Kia,Hatchback,Lahore,Advisor 4,Sold,2025-11-11,2025-12-13,3400000,220000,4220000,32,31–60
V0180,Hyundai,SUV,Islamabad,Advisor 5,Sold,2026-08-02,2026-09-03,7300000,220000,7670000,32,31–60
