period,group,item,status,actual,cost,target,units,extra,mape,risk,targetunits
2025-01,Parts,SKU-0102,Covered,64.88,30.37,25.61,24,253.4,0.21220587646680888,0,29.092941035203413
2025-02,Fluids,SKU-0102,Short cover,68.92,35.64,28.75,25,239.7,0.09982725421719366,1,22.50431864457016
2025-03,Electrical,SKU-0102,Excess,118.91,99.66,53.15,44,223.7,0.1387854469473167,0,50.106559665681935
2025-04,Safety,SKU-0102,Covered,88.45,82.08,32.33,32,273.6,0.24510132165673015,0,39.843242293015365
2025-05,Parts,SKU-0134,Covered,108.29,75.39,38.96,40,278.0,0.013568729395262125,0,40.542749175810485
2025-06,Fluids,SKU-0134,Short cover,93.88,56.08,40.93,34,229.3,0.011253610714697385,1,33.61737723570029
2025-07,Electrical,SKU-0134,Excess,78.7,58.79,24.87,29,316.5,0.10838139544377819,0,32.14306046786957
2025-08,Safety,SKU-0134,Covered,91.92,76.68,32.39,34,283.8,0.24982993477256238,0,42.49421778226712
2025-09,Parts,SKU-0208,Covered,71.65,51.29,24.14,26,296.8,0.08313028759648124,0,28.161387477508512
2025-10,Fluids,SKU-0208,Short cover,61.34,38.74,26.47,22,231.7,0.18055129486269503,1,25.97212848697929
2025-11,Electrical,SKU-0208,Excess,137.97,85.21,45.12,51,305.8,0.06557689642303703,0,47.65557828242511
2025-12,Safety,SKU-0208,Covered,110.06,74.24,38.84,40,283.3,0.12253219730914129,0,35.09871210763435
2026-01,Parts,SKU-0311,Covered,68.89,57.17,28.87,25,238.6,0.16327535673214214,0,20.918116081696446
2026-02,Fluids,SKU-0311,Short cover,90.36,55.91,38.79,33,233.0,0.07236183056357443,1,35.387940408597956
2026-03,Electrical,SKU-0311,Excess,87.68,48.13,27.57,32,318.0,0.16958090745043142,0,26.573410961586195
2026-04,Safety,SKU-0311,Covered,121.23,99.76,48.08,44,252.1,0.19512024675425624,0,35.414709142812725
2026-05,Parts,SKU-0102,Covered,126.27,61.43,50.53,46,249.9,0.2287117388742958,0,35.479260011782394
2026-06,Fluids,SKU-0102,Short cover,90.11,55.09,40.05,33,225.0,0.08765061893665638,1,35.89247042490966
2026-07,Electrical,SKU-0102,Excess,99.19,49.66,34.44,36,288.0,0.10355105146764584,0,39.72783785283525
2026-08,Safety,SKU-0102,Covered,102.88,50.7,32.9,38,312.7,0.17150126589485962,0,31.482951895995335
2026-09,Parts,SKU-0134,Covered,48.7,36.11,15.28,18,318.8,0.22425711825740238,0,22.036628128633243
2026-10,Fluids,SKU-0134,Short cover,103.2,90.28,41.97,38,245.9,0.12357354810501327,1,33.304205172009496
2026-11,Electrical,SKU-0134,Excess,152.89,78.04,55.26,56,276.7,0.11757747833080805,0,62.58433878652525
2026-12,Safety,SKU-0134,Covered,96.49,84.26,36.03,35,267.8,0.014471289123022554,0,34.49350488069421
2027-01,Parts,SKU-0208,Covered,54.46,41.32,20.19,20,269.8,0.007365092634672265,0,19.852698147306555
2027-02,Fluids,SKU-0208,Short cover,72.81,61.61,31.05,26,234.5,0.2115813791965951,1,31.501115859111472
2027-03,Electrical,SKU-0208,Excess,90.02,59.9,27.93,33,322.3,0.24552080666868864,0,41.102186620066725
2027-04,Safety,SKU-0208,Covered,67.29,31.89,23.36,24,288.0,0.17368562031993232,0,19.831545112321624
2027-05,Parts,SKU-0311,Covered,106.54,96.91,40.78,39,261.2,0.24754546446369247,0,48.654273114084006
2027-06,Fluids,SKU-0311,Short cover,95.74,74.41,38.1,35,251.3,0.03411216873805886,1,36.19392590583206
2027-07,Electrical,SKU-0311,Excess,100.98,84.62,35.98,37,280.7,0.02286129243551337,0,37.845867820113995
2027-08,Safety,SKU-0311,Covered,89.63,72.55,30.12,33,297.5,0.0009524673382116613,0,32.968568577839015
2027-09,Parts,SKU-0102,Covered,99.34,83.4,42.75,36,232.4,0.05671267257582516,0,38.041656212729706
2027-10,Fluids,SKU-0102,Short cover,84.07,55.7,25.97,31,323.7,0.02365937529634079,1,31.733440634186564
2027-11,Electrical,SKU-0102,Excess,117.81,87.21,47.53,43,247.9,0.08757820199973838,0,39.23413731401125
2027-12,Safety,SKU-0102,Covered,92.52,49.28,35.29,34,262.2,0.20348823073339287,0,27.081400155064642
2028-01,Parts,SKU-0134,Covered,60.71,39.81,18.33,22,331.2,0.03437562441909508,0,21.24373626277991
2028-02,Fluids,SKU-0134,Short cover,90.74,47.82,34.78,33,260.9,0.1057406858141808,1,36.489442631867966
2028-03,Electrical,SKU-0134,Excess,68.48,54.59,26.63,25,257.2,0.21129745884309473,0,19.717563528922632
2028-04,Safety,SKU-0134,Covered,61.52,52.82,19.01,22,323.6,0.10386242779977567,0,19.715026588404935
2028-05,Parts,SKU-0208,Covered,74.43,41.16,25.67,27,290.0,0.16469038663480037,0,22.55335956086039
2028-06,Fluids,SKU-0208,Short cover,104.24,60.19,35.69,38,292.1,0.1836667902796528,1,44.979338030626806
2028-07,Electrical,SKU-0208,Excess,146.94,78.48,54.03,54,271.9,0.1878612934238537,0,43.8554901551119
2028-08,Safety,SKU-0208,Covered,81.79,62.31,31.76,30,257.5,0.04161315439103923,0,31.248394631731177
2028-09,Parts,SKU-0311,Covered,95.43,47.77,36.11,35,264.2,0.0024216551124443494,0,34.91524207106445
2028-10,Fluids,SKU-0311,Short cover,63.03,38.15,25.11,23,251.0,0.001494493622391957,1,23.034373353315015
2028-11,Electrical,SKU-0311,Excess,93.87,51.57,34.04,34,275.8,0.2456658931668241,0,25.64735963232798
2028-12,Safety,SKU-0311,Covered,113.68,59.35,45.03,42,252.5,0.17522152031520105,0,49.359303853238444
