AccountID,Customer,Region,Segment,Salesperson
A001,Demo Customer 01,North,Mid-market,Advisor 2
A002,Demo Customer 02,Central,Enterprise,Advisor 3
A003,Demo Customer 03,South,SMB,Advisor 4
A004,Demo Customer 04,North,Mid-market,Advisor 5
A005,Demo Customer 05,Central,Enterprise,Advisor 1
A006,Demo Customer 06,South,SMB,Advisor 2
A007,Demo Customer 07,North,Mid-market,Advisor 3
A008,Demo Customer 08,Central,Enterprise,Advisor 4
A009,Demo Customer 09,South,SMB,Advisor 5
A010,Demo Customer 10,North,Mid-market,Advisor 1
A011,Demo Customer 11,Central,Enterprise,Advisor 2
A012,Demo Customer 12,South,SMB,Advisor 3
A013,Demo Customer 13,North,Mid-market,Advisor 4
A014,Demo Customer 14,Central,Enterprise,Advisor 5
A015,Demo Customer 15,South,SMB,Advisor 1
A016,Demo Customer 16,North,Mid-market,Advisor 2
A017,Demo Customer 17,Central,Enterprise,Advisor 3
A018,Demo Customer 18,South,SMB,Advisor 4
A019,Demo Customer 19,North,Mid-market,Advisor 5
A020,Demo Customer 20,Central,Enterprise,Advisor 1
A021,Demo Customer 21,South,SMB,Advisor 2
A022,Demo Customer 22,North,Mid-market,Advisor 3
A023,Demo Customer 23,Central,Enterprise,Advisor 4
A024,Demo Customer 24,South,SMB,Advisor 5
A025,Demo Customer 25,North,Mid-market,Advisor 1
A026,Demo Customer 26,Central,Enterprise,Advisor 2
A027,Demo Customer 27,South,SMB,Advisor 3
A028,Demo Customer 28,North,Mid-market,Advisor 4
A029,Demo Customer 29,Central,Enterprise,Advisor 5
A030,Demo Customer 30,South,SMB,Advisor 1
