SalesID,AccountID,Date,Units,Revenue,Cost
S1,A009,2026-09-30,17,153000,123525.91
S2,A025,2026-09-30,11,176000,139157.84
S3,A030,2026-09-29,17,272000,218739.41
S4,A011,2026-09-28,8,128000,82741.4
S5,A012,2026-09-28,5,20000,13923.89
S6,A028,2026-09-28,6,96000,75300.18
S7,A010,2026-09-27,4,76000,44793.51
S8,A023,2026-09-27,11,88000,62828.27
S9,A005,2026-09-26,18,180000,159405.8
S10,A006,2026-09-26,17,323000,240547.52
S11,A015,2026-09-26,4,28000,22758.55
S12,A019,2026-09-26,6,96000,60459.14
S13,A029,2026-09-26,11,165000,118876.51
S14,A001,2026-09-25,2,36000,32321.31
S15,A002,2026-09-25,15,60000,53887.73
S16,A007,2026-09-25,16,256000,146182.64
S17,A020,2026-09-25,7,91000,70605.61
S18,A021,2026-09-25,18,216000,140696.4
S19,A024,2026-09-25,6,66000,41786.49
S20,A028,2026-09-25,7,126000,95583.49
S21,A007,2026-09-24,10,60000,52840.41
S22,A018,2026-09-24,4,52000,28806.86
S23,A022,2026-09-24,6,60000,37321.96
S24,A028,2026-09-24,17,221000,184915.84
S25,A004,2026-09-23,1,19000,12756.81
S26,A016,2026-09-23,12,108000,89894.34
S27,A008,2026-09-21,11,176000,115470.65
S28,A021,2026-09-21,13,195000,130606.83
S29,A001,2026-09-20,4,16000,13965.99
S30,A007,2026-09-20,7,77000,67738.6
S31,A024,2026-09-20,14,252000,208541.39
S32,A025,2026-09-20,16,224000,181674.71
S33,A001,2026-09-19,19,361000,276884.13
S34,A005,2026-09-19,17,272000,166827.12
S35,A008,2026-09-19,16,96000,80617.37
S36,A024,2026-09-19,6,66000,36430.48
S37,A014,2026-09-18,7,112000,90654.72
S38,A010,2026-09-17,13,234000,176101.75
S39,A015,2026-09-17,16,272000,206827.18
S40,A026,2026-09-17,18,216000,169699.95
S41,A027,2026-09-17,13,117000,69548.67
S42,A010,2026-09-16,1,7000,5247.94
S43,A022,2026-09-15,20,240000,186578.99
S44,A026,2026-09-15,13,52000,28762.42
S45,A028,2026-09-15,1,13000,10738.97
S46,A030,2026-09-15,12,108000,78977.96
S47,A010,2026-09-14,18,270000,220259.28
S48,A014,2026-09-14,15,120000,95016.56
S49,A020,2026-09-14,19,152000,127043.82
S50,A030,2026-09-14,10,130000,85300.66
S51,A015,2026-09-13,5,95000,66723.91
S52,A022,2026-09-13,20,100000,87717.72
S53,A027,2026-09-13,3,57000,45277.08
S54,A002,2026-09-12,3,39000,31568.53
S55,A018,2026-09-12,14,112000,84662.85
S56,A020,2026-09-12,8,56000,39560.98
S57,A022,2026-09-12,1,18000,10745.42
S58,A024,2026-09-12,4,56000,40120.13
S59,A007,2026-09-09,14,126000,113365.19
S60,A009,2026-09-09,10,50000,29042.98
S61,A015,2026-09-09,2,12000,8666.51
S62,A020,2026-09-09,14,140000,78495.1
S63,A006,2026-09-08,17,153000,136979.09
S64,A009,2026-09-08,16,256000,145311.11
S65,A019,2026-09-08,13,91000,56376.63
S66,A002,2026-09-07,11,187000,135065.27
S67,A010,2026-09-07,9,126000,72265.03
S68,A012,2026-09-07,14,70000,57238.06
S69,A019,2026-09-07,18,180000,137286.22
S70,A021,2026-09-07,15,150000,111415.13
S71,A004,2026-09-06,4,48000,26527.67
S72,A006,2026-09-06,8,104000,60496.68
S73,A011,2026-09-06,17,255000,223763.03
S74,A015,2026-09-06,20,80000,59856.54
S75,A016,2026-09-06,12,216000,128779.01
S76,A019,2026-09-06,1,6000,4150.78
S77,A021,2026-09-06,4,56000,46983.4
S78,A026,2026-09-06,14,168000,127548.5
S79,A003,2026-09-05,15,195000,173257.26
S80,A021,2026-09-05,6,90000,70080.36
S81,A024,2026-09-05,1,11000,7974.88
S82,A024,2026-09-04,15,210000,132175.18
S83,A026,2026-09-04,14,56000,38987.95
S84,A003,2026-09-03,9,162000,108677.68
S85,A008,2026-09-03,5,85000,74275.17
S86,A012,2026-09-03,18,288000,230346.22
S87,A001,2026-09-02,5,85000,75873.63
S88,A002,2026-09-02,8,48000,38130.0
S89,A008,2026-09-02,3,48000,39911.94
S90,A013,2026-09-02,10,110000,89151.53
S91,A018,2026-09-02,9,63000,35209.34
S92,A023,2026-09-02,7,42000,33963.88
S93,A028,2026-09-02,15,165000,148043.31
S94,A026,2026-09-01,13,182000,147374.1
S95,A004,2026-08-31,20,140000,96406.91
S96,A008,2026-08-31,11,176000,149743.04
S97,A013,2026-08-31,6,60000,48424.85
S98,A023,2026-08-31,12,168000,149307.8
S99,A011,2026-08-30,8,56000,31129.53
S100,A015,2026-08-30,11,99000,85984.15
S101,A022,2026-08-30,16,160000,99808.38
S102,A006,2026-08-29,3,30000,22468.06
S103,A007,2026-08-29,17,306000,244503.02
S104,A008,2026-08-29,10,130000,97635.66
S105,A019,2026-08-29,12,228000,146080.41
S106,A005,2026-08-28,5,60000,39903.73
S107,A014,2026-08-28,9,99000,71802.98
S108,A022,2026-08-28,12,96000,72951.46
S109,A008,2026-08-27,12,96000,83770.35
S110,A010,2026-08-27,2,38000,30186.9
S111,A012,2026-08-27,14,154000,127910.01
S112,A014,2026-08-27,8,136000,78613.57
S113,A016,2026-08-27,16,224000,195245.83
S114,A028,2026-08-27,4,72000,52012.65
S115,A002,2026-08-26,10,120000,70710.97
S116,A011,2026-08-26,3,33000,25778.18
S117,A001,2026-08-25,12,132000,107419.61
S118,A012,2026-08-25,9,108000,94673.37
S119,A023,2026-08-25,2,20000,17749.0
S120,A002,2026-08-24,10,190000,162943.12
S121,A004,2026-08-24,1,7000,4083.52
S122,A011,2026-08-24,1,15000,8819.09
S123,A013,2026-08-24,10,170000,133384.84
S124,A015,2026-08-24,7,98000,69519.16
S125,A022,2026-08-24,2,22000,14595.09
S126,A025,2026-08-24,19,228000,184138.45
S127,A027,2026-08-24,17,153000,112990.04
S128,A008,2026-08-23,19,171000,146577.82
S129,A010,2026-08-23,12,72000,43318.7
S130,A011,2026-08-23,9,36000,25241.21
S131,A017,2026-08-23,4,52000,33807.32
S132,A027,2026-08-23,1,16000,11509.14
S133,A030,2026-08-23,12,48000,30281.55
S134,A002,2026-08-22,17,323000,184861.38
S135,A005,2026-08-22,2,34000,27586.62
S136,A010,2026-08-22,2,12000,9997.03
S137,A011,2026-08-22,4,40000,34291.07
S138,A001,2026-08-21,5,45000,35628.87
S139,A007,2026-08-21,3,45000,34599.45
S140,A010,2026-08-21,8,48000,40602.28
S141,A029,2026-08-21,10,110000,72021.33
S142,A011,2026-08-20,7,56000,31963.73
S143,A014,2026-08-19,14,182000,126972.14
S144,A024,2026-08-19,12,120000,84568.59
S145,A029,2026-08-19,19,95000,60063.94
S146,A024,2026-08-18,6,78000,57398.9
S147,A002,2026-08-17,20,260000,213064.82
S148,A025,2026-08-17,1,19000,15485.88
S149,A028,2026-08-17,17,204000,124835.69
S150,A003,2026-08-16,13,182000,130801.31
S151,A004,2026-08-15,12,144000,79532.85
S152,A012,2026-08-15,11,209000,130453.07
S153,A021,2026-08-15,19,76000,47922.6
S154,A026,2026-08-15,17,306000,212316.12
S155,A016,2026-08-14,15,180000,141233.66
S156,A019,2026-08-14,2,16000,10285.02
S157,A003,2026-08-13,9,36000,30587.97
S158,A008,2026-08-13,3,39000,32619.92
S159,A011,2026-08-13,20,240000,132294.08
S160,A018,2026-08-13,9,171000,142084.13
S161,A022,2026-08-13,19,190000,142950.61
S162,A024,2026-08-13,1,12000,8170.77
S163,A003,2026-08-12,12,84000,47079.71
S164,A006,2026-08-12,6,78000,46526.1
S165,A009,2026-08-12,12,72000,41740.04
S166,A011,2026-08-12,17,255000,177664.88
S167,A013,2026-08-12,18,198000,125793.82
S168,A002,2026-08-11,5,85000,46818.76
S169,A020,2026-08-11,12,72000,41287.16
S170,A017,2026-08-10,16,64000,41318.05
S171,A022,2026-08-10,6,48000,36735.0
S172,A020,2026-08-09,12,168000,112020.09
S173,A002,2026-08-08,12,72000,47308.03
S174,A006,2026-08-08,8,88000,62093.61
S175,A011,2026-08-08,15,210000,164313.12
S176,A012,2026-08-08,11,88000,69682.2
S177,A018,2026-08-08,2,34000,26821.25
S178,A026,2026-08-08,17,204000,176562.1
S179,A028,2026-08-08,9,171000,141648.43
S180,A029,2026-08-08,4,32000,27596.64
S181,A006,2026-08-07,17,238000,185358.46
S182,A013,2026-08-07,18,144000,110857.95
S183,A014,2026-08-07,18,306000,198162.76
S184,A027,2026-08-07,17,170000,115258.21
S185,A030,2026-08-07,11,66000,41393.87
S186,A022,2026-08-06,14,154000,103238.14
S187,A024,2026-08-06,13,156000,135033.41
S188,A026,2026-08-06,14,56000,32190.26
S189,A028,2026-08-06,4,72000,45366.14
S190,A001,2026-08-05,9,45000,38328.85
S191,A009,2026-08-05,19,114000,87926.12
S192,A012,2026-08-05,17,323000,278741.3
S193,A014,2026-08-05,5,85000,50195.47
S194,A020,2026-08-05,3,24000,18745.65
S195,A025,2026-08-05,3,33000,25764.59
S196,A026,2026-08-05,10,180000,156756.8
S197,A002,2026-08-04,17,170000,98810.01
S198,A006,2026-08-04,13,117000,74382.86
S199,A011,2026-08-04,10,160000,90332.07
S200,A012,2026-08-04,6,84000,72666.23
S201,A019,2026-08-04,16,272000,154299.71
S202,A021,2026-08-04,3,27000,18642.84
S203,A026,2026-08-04,20,200000,118527.86
S204,A005,2026-08-03,18,108000,87624.92
S205,A002,2026-08-02,9,90000,71150.76
S206,A008,2026-08-02,6,72000,60090.89
S207,A017,2026-08-02,8,64000,39668.55
S208,A020,2026-08-02,9,45000,30522.84
S209,A030,2026-08-02,8,112000,81909.49
S210,A002,2026-08-01,14,140000,91391.28
S211,A006,2026-08-01,1,10000,8743.95
S212,A010,2026-08-01,11,99000,80818.9
S213,A017,2026-08-01,20,100000,85450.85
S214,A019,2026-08-01,13,130000,99188.39
S215,A020,2026-08-01,17,85000,59096.7
S216,A028,2026-08-01,11,132000,99623.71
S217,A029,2026-08-01,12,168000,137927.17
S218,A003,2026-07-31,13,208000,168141.2
S219,A006,2026-07-31,20,260000,188360.64
S220,A007,2026-07-31,1,10000,6893.34
S221,A008,2026-07-30,8,80000,58079.21
S222,A028,2026-07-30,18,144000,129091.32
S223,A009,2026-07-29,2,20000,15889.96
S224,A011,2026-07-29,16,272000,222390.72
S225,A017,2026-07-29,16,176000,133980.47
S226,A016,2026-07-28,17,323000,234031.78
S227,A029,2026-07-28,6,30000,18078.85
S228,A004,2026-07-27,11,209000,130328.01
S229,A002,2026-07-26,18,252000,176062.65
S230,A014,2026-07-26,19,152000,127529.36
S231,A021,2026-07-26,16,128000,100049.8
S232,A026,2026-07-26,8,56000,49930.12
S233,A030,2026-07-26,6,36000,29002.62
S234,A014,2026-07-25,2,34000,24032.39
S235,A022,2026-07-25,12,96000,80563.69
S236,A002,2026-07-24,19,266000,227078.81
S237,A005,2026-07-24,13,156000,139495.12
S238,A008,2026-07-23,15,135000,105754.63
S239,A015,2026-07-23,20,160000,109512.97
S240,A016,2026-07-23,4,76000,51146.79
S241,A023,2026-07-23,20,240000,182289.94
S242,A026,2026-07-23,17,170000,120878.66
S243,A011,2026-07-22,5,95000,76085.28
S244,A014,2026-07-22,6,114000,93647.88
S245,A015,2026-07-22,11,143000,122693.71
S246,A007,2026-07-21,14,182000,112823.69
S247,A017,2026-07-21,11,176000,121835.27
S248,A019,2026-07-21,3,21000,14235.61
S249,A025,2026-07-21,6,78000,44341.4
S250,A021,2026-07-20,6,108000,92033.19
S251,A025,2026-07-20,14,112000,65054.37
S252,A011,2026-07-19,6,72000,62932.47
S253,A019,2026-07-19,2,30000,25145.91
S254,A028,2026-07-19,14,224000,177870.42
S255,A008,2026-07-18,6,108000,59792.64
S256,A014,2026-07-18,6,24000,16799.28
S257,A015,2026-07-18,12,108000,83568.12
S258,A017,2026-07-18,15,240000,203639.88
S259,A022,2026-07-18,17,170000,145060.43
S260,A016,2026-07-17,1,13000,11591.02
S261,A008,2026-07-16,3,27000,23538.16
S262,A009,2026-07-16,12,120000,100625.33
S263,A015,2026-07-16,16,160000,120867.23
S264,A018,2026-07-16,18,342000,305919.5
S265,A021,2026-07-16,2,34000,20647.05
S266,A027,2026-07-16,19,285000,229260.35
S267,A028,2026-07-16,10,180000,138176.71
S268,A004,2026-07-15,12,168000,126361.61
S269,A013,2026-07-15,16,96000,75149.4
S270,A020,2026-07-15,14,98000,74452.68
S271,A029,2026-07-15,16,272000,206200.15
S272,A030,2026-07-15,3,21000,17573.35
S273,A003,2026-07-14,19,133000,88392.58
S274,A007,2026-07-14,16,256000,205590.83
S275,A014,2026-07-14,4,20000,14574.37
S276,A021,2026-07-14,15,210000,173115.06
S277,A003,2026-07-13,14,168000,135561.04
S278,A017,2026-07-13,10,170000,144224.15
S279,A025,2026-07-13,2,22000,17222.19
S280,A029,2026-07-13,15,180000,146542.39
S281,A002,2026-07-12,2,28000,22448.13
S282,A013,2026-07-12,10,170000,117655.05
S283,A016,2026-07-12,11,209000,143195.21
S284,A022,2026-07-12,12,132000,73419.47
S285,A023,2026-07-12,14,224000,176966.91
S286,A002,2026-07-11,11,198000,156454.91
S287,A006,2026-07-11,3,15000,12134.77
S288,A010,2026-07-11,3,42000,26584.98
S289,A012,2026-07-11,12,144000,82146.08
S290,A015,2026-07-11,6,42000,27112.62
S291,A029,2026-07-11,12,60000,42793.46
S292,A003,2026-07-10,18,234000,189748.77
S293,A016,2026-07-10,16,64000,56332.01
S294,A019,2026-07-10,19,304000,239229.02
S295,A029,2026-07-10,20,240000,201360.94
S296,A007,2026-07-09,15,195000,119886.27
S297,A027,2026-07-09,16,240000,163910.07
S298,A030,2026-07-09,10,190000,121836.41
S299,A008,2026-07-08,1,9000,7653.83
S300,A011,2026-07-08,1,16000,14005.74
S301,A025,2026-07-08,2,26000,21414.59
S302,A005,2026-07-07,8,32000,18565.35
S303,A007,2026-07-07,11,198000,168992.46
S304,A021,2026-07-07,18,342000,303852.58
S305,A023,2026-07-07,1,13000,8486.75
S306,A017,2026-07-06,10,70000,51597.64
S307,A028,2026-07-06,16,96000,56527.32
S308,A002,2026-07-05,12,204000,139962.5
S309,A006,2026-07-05,16,128000,96501.24
S310,A008,2026-07-05,19,228000,181362.77
S311,A016,2026-07-05,8,88000,76024.18
S312,A019,2026-07-05,3,24000,20058.97
S313,A014,2026-07-04,6,114000,76346.12
S314,A023,2026-07-04,4,52000,34209.89
S315,A030,2026-07-04,11,165000,112537.61
S316,A002,2026-07-03,1,14000,9037.5
S317,A012,2026-07-03,16,224000,136806.21
S318,A018,2026-07-03,6,60000,36096.69
S319,A027,2026-07-03,2,32000,21996.67
S320,A008,2026-07-02,5,85000,47128.66
S321,A014,2026-07-02,3,51000,33440.61
S322,A018,2026-07-02,7,56000,43716.45
S323,A028,2026-07-02,18,198000,144306.97
S324,A024,2026-07-01,8,96000,58271.05
S325,A028,2026-07-01,20,120000,97579.05
S326,A001,2026-06-30,5,35000,19297.8
S327,A005,2026-06-30,3,33000,25008.63
S328,A010,2026-06-30,10,110000,73933.56
S329,A016,2026-06-30,9,135000,85489.14
S330,A025,2026-06-30,19,190000,129393.21
S331,A007,2026-06-29,6,90000,51932.4
S332,A009,2026-06-29,9,90000,64714.01
S333,A027,2026-06-29,20,120000,91773.15
S334,A008,2026-06-28,13,234000,142606.87
S335,A015,2026-06-28,16,128000,76657.6
S336,A018,2026-06-28,16,80000,60788.88
S337,A020,2026-06-28,5,75000,45847.59
S338,A010,2026-06-27,6,90000,55601.83
S339,A014,2026-06-27,2,16000,10734.26
S340,A025,2026-06-27,20,240000,179046.6
S341,A026,2026-06-27,15,195000,115025.86
S342,A027,2026-06-27,1,5000,3165.59
S343,A003,2026-06-26,9,36000,21905.97
S344,A020,2026-06-26,16,144000,114599.55
S345,A021,2026-06-26,14,112000,79761.65
S346,A029,2026-06-26,12,48000,29221.54
S347,A001,2026-06-25,3,48000,27460.31
S348,A015,2026-06-25,12,168000,103636.96
S349,A022,2026-06-25,8,144000,83419.55
S350,A024,2026-06-25,10,100000,89787.75
S351,A026,2026-06-25,18,288000,209114.37
S352,A005,2026-06-24,12,60000,37916.1
S353,A010,2026-06-24,10,50000,32698.28
S354,A029,2026-06-24,19,171000,141243.5
S355,A004,2026-06-23,4,20000,13593.19
S356,A008,2026-06-23,2,16000,12723.87
S357,A011,2026-06-23,7,98000,79135.36
S358,A013,2026-06-23,9,72000,55593.3
S359,A014,2026-06-23,10,60000,38320.77
S360,A017,2026-06-23,12,228000,158808.41
S361,A006,2026-06-22,8,144000,126128.86
S362,A009,2026-06-22,6,108000,64173.66
S363,A018,2026-06-22,13,91000,52844.07
S364,A021,2026-06-22,5,80000,65344.62
S365,A022,2026-06-22,20,180000,117666.64
S366,A005,2026-06-21,13,130000,73299.32
S367,A009,2026-06-21,19,76000,48633.28
S368,A016,2026-06-21,8,32000,26968.77
S369,A027,2026-06-21,15,180000,135823.29
S370,A028,2026-06-21,9,72000,47098.68
S371,A030,2026-06-21,15,150000,115608.08
S372,A004,2026-06-20,14,56000,49135.6
S373,A028,2026-06-20,17,238000,185988.95
S374,A029,2026-06-20,15,285000,255384.81
S375,A005,2026-06-19,11,77000,44126.75
S376,A010,2026-06-19,3,30000,16866.22
S377,A026,2026-06-19,7,49000,41074.81
S378,A029,2026-06-19,9,72000,48531.59
S379,A014,2026-06-18,17,272000,174060.63
S380,A019,2026-06-18,12,84000,54391.94
S381,A024,2026-06-18,8,104000,63517.59
S382,A008,2026-06-17,8,144000,79253.99
S383,A004,2026-06-16,14,140000,100918.1
S384,A013,2026-06-16,1,6000,5246.34
S385,A002,2026-06-15,14,70000,47641.72
S386,A004,2026-06-15,10,150000,99248.85
S387,A027,2026-06-15,6,24000,21526.9
S388,A003,2026-06-14,15,180000,130622.15
S389,A005,2026-06-14,7,133000,101700.12
S390,A015,2026-06-14,18,252000,176249.31
S391,A007,2026-06-13,18,306000,251853.96
S392,A017,2026-06-13,3,36000,25618.25
S393,A027,2026-06-13,8,96000,66985.19
S394,A012,2026-06-12,7,105000,91699.15
S395,A018,2026-06-12,16,192000,115865.04
S396,A008,2026-06-11,1,10000,6032.71
S397,A023,2026-06-11,11,66000,50666.98
S398,A005,2026-06-10,10,130000,83679.22
S399,A011,2026-06-10,10,140000,82790.81
S400,A012,2026-06-10,8,80000,54714.72
S401,A023,2026-06-10,1,6000,4055.31
S402,A002,2026-06-09,12,216000,190951.0
S403,A019,2026-06-09,2,10000,7432.13
S404,A021,2026-06-09,14,70000,59206.73
S405,A025,2026-06-09,4,76000,42720.81
S406,A002,2026-06-08,9,72000,53322.64
S407,A022,2026-06-08,11,187000,111861.62
S408,A006,2026-06-07,1,4000,3324.33
S409,A009,2026-06-07,15,165000,139216.08
S410,A011,2026-06-07,7,105000,65384.25
S411,A015,2026-06-07,9,63000,44368.45
S412,A019,2026-06-06,20,360000,250442.26
S413,A023,2026-06-06,18,288000,203156.46
S414,A002,2026-06-05,7,28000,18234.52
S415,A004,2026-06-05,18,126000,80459.94
S416,A005,2026-06-05,4,44000,33793.13
S417,A010,2026-06-05,5,20000,16856.75
S418,A022,2026-06-05,5,35000,25500.04
S419,A004,2026-06-04,15,180000,141333.8
S420,A011,2026-06-04,20,120000,86717.93
S421,A018,2026-06-04,18,144000,109297.88
S422,A030,2026-06-04,7,42000,37592.6
S423,A012,2026-06-03,11,110000,78065.06
S424,A005,2026-06-02,14,196000,165705.48
S425,A006,2026-06-01,8,104000,65240.52
S426,A013,2026-06-01,9,54000,40281.5
S427,A021,2026-06-01,11,121000,70792.48
S428,A005,2026-05-31,14,98000,54296.36
S429,A022,2026-05-31,15,75000,62766.96
S430,A023,2026-05-31,20,340000,249281.81
S431,A011,2026-05-30,13,117000,93224.9
S432,A014,2026-05-30,20,200000,160166.79
S433,A030,2026-05-30,14,56000,48933.73
S434,A008,2026-05-29,5,85000,50950.06
S435,A011,2026-05-29,14,84000,49653.08
S436,A030,2026-05-29,1,13000,9859.29
S437,A007,2026-05-28,20,140000,125496.79
S438,A011,2026-05-28,7,42000,31266.1
S439,A019,2026-05-28,18,342000,199021.01
S440,A022,2026-05-28,6,36000,31494.46
S441,A022,2026-05-27,10,120000,74411.89
S442,A028,2026-05-27,13,234000,149667.44
S443,A001,2026-05-26,20,240000,163098.16
S444,A010,2026-05-26,2,34000,22100.34
S445,A001,2026-05-25,18,270000,167523.3
S446,A008,2026-05-25,5,75000,48024.02
S447,A021,2026-05-25,12,72000,46298.39
S448,A029,2026-05-25,15,75000,53367.51
S449,A011,2026-05-24,17,204000,155015.15
S450,A017,2026-05-24,6,114000,90639.12
S451,A002,2026-05-23,11,132000,102869.31
S452,A009,2026-05-23,10,100000,56716.47
S453,A012,2026-05-23,11,132000,111621.86
S454,A018,2026-05-23,18,306000,199006.23
S455,A027,2026-05-23,10,190000,146737.2
S456,A001,2026-05-22,13,130000,95423.88
S457,A006,2026-05-22,19,323000,239811.37
S458,A007,2026-05-22,12,192000,117977.4
S459,A022,2026-05-22,7,35000,19958.13
S460,A030,2026-05-22,9,135000,113474.37
S461,A010,2026-05-21,17,102000,76943.08
S462,A012,2026-05-21,11,44000,35172.92
S463,A017,2026-05-21,12,192000,117467.93
S464,A027,2026-05-21,3,57000,36582.97
S465,A001,2026-05-20,9,162000,107093.41
S466,A005,2026-05-20,17,204000,112776.1
S467,A012,2026-05-20,10,120000,66474.28
S468,A016,2026-05-19,18,108000,74367.27
S469,A023,2026-05-19,11,176000,125416.43
S470,A025,2026-05-19,13,91000,58419.5
S471,A009,2026-05-18,19,95000,60031.0
S472,A016,2026-05-18,10,50000,35930.45
S473,A022,2026-05-18,13,91000,81897.03
S474,A024,2026-05-18,13,143000,85588.08
S475,A026,2026-05-18,3,48000,26667.0
S476,A027,2026-05-18,8,120000,86163.55
S477,A006,2026-05-17,13,65000,55841.93
S478,A012,2026-05-17,5,65000,37207.7
S479,A022,2026-05-17,19,304000,209244.88
S480,A009,2026-05-16,10,120000,95204.15
S481,A019,2026-05-16,1,18000,12888.48
S482,A020,2026-05-16,10,50000,42292.14
S483,A030,2026-05-16,14,154000,123293.36
S484,A009,2026-05-15,20,140000,105199.21
S485,A010,2026-05-15,17,221000,138013.21
S486,A003,2026-05-14,13,130000,94277.99
S487,A010,2026-05-14,12,216000,126056.4
S488,A017,2026-05-14,14,154000,115510.01
S489,A026,2026-05-14,2,10000,6177.86
S490,A008,2026-05-13,8,120000,104643.21
S491,A015,2026-05-13,11,88000,65947.79
S492,A016,2026-05-13,4,60000,33712.63
S493,A001,2026-05-12,12,228000,153270.41
S494,A005,2026-05-12,20,320000,240329.68
S495,A011,2026-05-11,4,32000,23620.75
S496,A017,2026-05-11,13,195000,115791.21
S497,A026,2026-05-11,18,234000,210399.97
S498,A010,2026-05-10,17,289000,250820.47
S499,A017,2026-05-10,11,187000,146262.04
S500,A005,2026-05-08,7,126000,83709.68
S501,A029,2026-05-08,5,60000,36429.2
S502,A021,2026-05-07,8,152000,121124.14
S503,A029,2026-05-07,12,108000,62531.19
S504,A003,2026-05-06,10,190000,113021.9
S505,A006,2026-05-06,16,208000,184449.28
S506,A024,2026-05-06,6,48000,33578.02
S507,A028,2026-05-06,2,34000,28440.29
S508,A012,2026-05-04,19,323000,179440.61
S509,A019,2026-05-04,10,170000,109196.27
S510,A026,2026-05-04,6,36000,24465.31
S511,A007,2026-05-03,7,56000,31281.08
S512,A011,2026-05-03,2,28000,16578.92
S513,A013,2026-05-03,7,63000,56077.83
S514,A007,2026-05-02,3,33000,21078.29
S515,A011,2026-05-02,1,14000,10521.34
S516,A012,2026-05-02,12,180000,145477.63
S517,A016,2026-05-02,6,54000,33445.87
S518,A018,2026-05-02,15,270000,239942.99
S519,A024,2026-05-02,20,280000,157176.17
S520,A030,2026-05-02,19,342000,269177.37
S521,A001,2026-05-01,5,65000,44689.95
S522,A006,2026-05-01,6,60000,43054.08
S523,A010,2026-05-01,16,208000,119337.28
S524,A024,2026-05-01,9,171000,149856.75
S525,A029,2026-04-30,9,153000,134022.64
S526,A006,2026-04-29,3,30000,19221.62
S527,A011,2026-04-29,10,90000,65731.5
S528,A017,2026-04-29,5,35000,29779.18
S529,A027,2026-04-29,18,162000,123744.6
S530,A002,2026-04-28,11,110000,78619.5
S531,A007,2026-04-28,17,102000,77105.13
S532,A003,2026-04-27,3,51000,43124.99
S533,A023,2026-04-27,13,221000,187766.94
S534,A001,2026-04-26,6,30000,17350.65
S535,A005,2026-04-26,9,36000,28914.91
S536,A014,2026-04-26,17,68000,59110.76
S537,A015,2026-04-26,4,40000,26725.82
S538,A027,2026-04-26,2,14000,8463.26
S539,A006,2026-04-25,6,84000,58434.04
S540,A023,2026-04-25,9,108000,70011.36
S541,A025,2026-04-25,16,304000,211186.76
S542,A028,2026-04-25,12,228000,191441.37
S543,A030,2026-04-25,15,135000,99934.03
S544,A005,2026-04-24,20,120000,80750.68
S545,A005,2026-04-23,2,28000,16015.67
S546,A010,2026-04-23,16,240000,193608.03
S547,A022,2026-04-23,12,144000,115139.06
S548,A001,2026-04-22,3,42000,29648.6
S549,A022,2026-04-22,3,12000,8259.79
S550,A030,2026-04-22,12,204000,161633.14
S551,A009,2026-04-21,16,192000,164029.31
S552,A023,2026-04-20,8,136000,108947.64
S553,A003,2026-04-19,7,28000,16816.98
S554,A011,2026-04-19,7,133000,84391.8
S555,A002,2026-04-18,2,16000,13153.3
S556,A008,2026-04-18,10,150000,94308.63
S557,A009,2026-04-18,20,260000,198191.33
S558,A005,2026-04-17,10,70000,48271.8
S559,A024,2026-04-17,18,252000,147873.8
S560,A011,2026-04-16,11,110000,97959.82
S561,A026,2026-04-16,17,170000,147261.14
S562,A029,2026-04-16,4,16000,12540.33
S563,A020,2026-04-15,3,12000,10201.39
S564,A022,2026-04-15,16,288000,218161.0
S565,A025,2026-04-15,2,14000,9648.31
S566,A004,2026-04-14,12,216000,168998.39
S567,A007,2026-04-14,16,160000,116725.55
S568,A002,2026-04-12,11,165000,116754.31
S569,A008,2026-04-12,1,5000,4201.61
S570,A009,2026-04-12,3,24000,14302.82
S571,A010,2026-04-12,3,54000,34521.04
S572,A018,2026-04-12,17,102000,65206.57
S573,A003,2026-04-11,16,80000,53809.0
S574,A004,2026-04-11,2,28000,17623.11
S575,A021,2026-04-11,18,180000,135015.49
S576,A028,2026-04-11,1,15000,10836.87
S577,A013,2026-04-10,4,44000,35877.64
S578,A006,2026-04-09,9,54000,33780.3
S579,A008,2026-04-09,8,128000,95130.26
S580,A024,2026-04-09,13,104000,61684.06
S581,A005,2026-04-08,4,16000,14390.37
S582,A016,2026-04-08,1,5000,3692.66
S583,A020,2026-04-08,16,304000,237673.03
S584,A025,2026-04-08,20,80000,58119.68
S585,A010,2026-04-07,11,121000,97926.43
S586,A014,2026-04-07,14,266000,167970.84
S587,A020,2026-04-07,13,182000,136992.89
S588,A009,2026-04-06,9,81000,52372.65
S589,A018,2026-04-06,10,90000,64617.47
S590,A022,2026-04-06,14,112000,77557.01
S591,A023,2026-04-05,11,165000,138202.02
S592,A005,2026-04-04,5,75000,49183.51
S593,A006,2026-04-04,6,54000,40274.9
S594,A010,2026-04-04,13,52000,37335.97
S595,A016,2026-04-04,10,130000,110199.95
S596,A017,2026-04-04,12,228000,184622.33
S597,A001,2026-04-03,3,27000,20784.56
S598,A004,2026-04-03,11,143000,122808.7
S599,A014,2026-04-03,19,266000,195580.84
S600,A027,2026-04-03,12,168000,125357.89
S601,A007,2026-04-02,11,132000,109515.64
S602,A011,2026-04-02,8,112000,83987.42
S603,A021,2026-04-02,10,150000,121032.66
S604,A023,2026-04-02,6,30000,22927.74
S605,A027,2026-04-02,7,35000,23038.13
S606,A005,2026-04-01,16,224000,178006.77
S607,A015,2026-04-01,11,187000,152907.85
S608,A025,2026-04-01,11,77000,54988.59
S609,A028,2026-04-01,7,126000,107642.76
S610,A007,2026-03-31,1,13000,11081.86
S611,A013,2026-03-31,5,40000,26271.46
S612,A003,2026-03-30,18,288000,166539.02
S613,A005,2026-03-30,8,136000,100860.71
S614,A014,2026-03-30,11,66000,54835.33
S615,A020,2026-03-30,15,210000,160223.23
S616,A004,2026-03-29,4,40000,23469.86
S617,A007,2026-03-29,8,40000,27364.53
S618,A014,2026-03-29,7,98000,85935.85
S619,A018,2026-03-29,2,24000,18175.82
S620,A019,2026-03-29,5,55000,44999.13
S621,A024,2026-03-29,8,48000,43150.36
S622,A009,2026-03-28,14,238000,155111.82
S623,A028,2026-03-28,11,44000,36753.7
S624,A003,2026-03-27,14,112000,62369.5
S625,A018,2026-03-27,5,20000,17776.46
S626,A005,2026-03-26,11,143000,112447.9
S627,A006,2026-03-26,6,96000,62463.09
S628,A007,2026-03-26,16,192000,130112.03
S629,A012,2026-03-26,3,12000,7392.24
S630,A017,2026-03-26,10,100000,83033.92
S631,A018,2026-03-26,12,108000,88155.01
S632,A003,2026-03-25,14,210000,158995.2
S633,A005,2026-03-25,20,380000,229717.98
S634,A016,2026-03-25,17,85000,54107.7
S635,A021,2026-03-25,11,121000,73584.66
S636,A003,2026-03-24,7,63000,53230.25
S637,A004,2026-03-24,1,19000,10755.59
S638,A017,2026-03-24,10,150000,94215.35
S639,A001,2026-03-23,17,68000,59176.63
S640,A005,2026-03-23,15,75000,45930.73
S641,A015,2026-03-23,11,55000,34287.98
S642,A017,2026-03-23,4,60000,51433.8
S643,A030,2026-03-23,19,304000,214932.84
S644,A008,2026-03-22,8,40000,29325.71
S645,A010,2026-03-22,10,70000,50696.5
S646,A014,2026-03-22,6,42000,26938.77
S647,A019,2026-03-22,1,6000,3508.52
S648,A020,2026-03-22,1,11000,9609.81
S649,A021,2026-03-22,3,54000,46018.86
S650,A022,2026-03-22,3,51000,33847.58
S651,A028,2026-03-22,7,77000,42477.0
S652,A030,2026-03-22,17,306000,243016.49
S653,A001,2026-03-21,20,100000,70179.33
S654,A004,2026-03-21,6,30000,17875.66
S655,A010,2026-03-21,20,300000,180314.08
S656,A017,2026-03-21,13,195000,144039.23
S657,A028,2026-03-21,15,240000,147820.34
S658,A030,2026-03-21,5,50000,41389.43
S659,A001,2026-03-20,1,13000,8341.59
S660,A007,2026-03-20,10,90000,59945.74
S661,A021,2026-03-20,11,88000,74798.54
S662,A024,2026-03-20,12,156000,105597.35
S663,A012,2026-03-19,20,360000,225341.35
S664,A013,2026-03-19,9,54000,38821.15
S665,A002,2026-03-18,15,225000,127386.77
S666,A006,2026-03-18,14,56000,39929.65
S667,A011,2026-03-18,4,68000,44893.7
S668,A013,2026-03-18,7,119000,87951.83
S669,A014,2026-03-18,3,48000,37652.33
S670,A016,2026-03-18,4,24000,17417.08
S671,A022,2026-03-18,7,119000,98889.14
S672,A026,2026-03-18,1,11000,8495.53
S673,A027,2026-03-18,17,187000,159970.53
S674,A002,2026-03-17,2,30000,18855.14
S675,A009,2026-03-17,7,49000,42445.75
S676,A011,2026-03-17,13,78000,56002.22
S677,A015,2026-03-17,7,98000,69900.21
S678,A018,2026-03-17,11,187000,159210.36
S679,A024,2026-03-17,8,128000,100674.63
S680,A029,2026-03-17,18,288000,228654.67
S681,A003,2026-03-16,3,39000,26813.97
S682,A024,2026-03-16,6,102000,66125.25
S683,A030,2026-03-16,7,70000,62959.35
S684,A030,2026-03-15,11,209000,175711.46
S685,A002,2026-03-14,15,225000,138945.3
S686,A004,2026-03-14,8,40000,22632.94
S687,A005,2026-03-14,16,176000,98779.24
S688,A011,2026-03-14,1,13000,10042.73
S689,A013,2026-03-13,10,90000,68127.26
S690,A024,2026-03-13,3,24000,18370.77
S691,A027,2026-03-13,15,75000,56912.1
S692,A001,2026-03-12,15,60000,46488.3
S693,A026,2026-03-12,16,256000,209239.86
S694,A028,2026-03-12,7,42000,25223.75
S695,A001,2026-03-11,5,65000,51201.0
S696,A023,2026-03-11,14,182000,120687.86
S697,A029,2026-03-11,14,168000,140731.07
S698,A021,2026-03-10,8,64000,48776.26
S699,A027,2026-03-10,19,266000,208506.22
S700,A028,2026-03-10,12,120000,101264.63
S701,A019,2026-03-09,8,40000,33150.23
S702,A021,2026-03-09,4,68000,42134.53
S703,A004,2026-03-08,14,238000,195778.3
S704,A006,2026-03-08,20,320000,183287.45
S705,A008,2026-03-08,5,95000,69981.0
S706,A020,2026-03-08,8,136000,107231.93
S707,A023,2026-03-08,19,152000,105069.25
S708,A027,2026-03-08,10,100000,68092.1
S709,A020,2026-03-07,3,33000,26420.19
S710,A001,2026-03-06,14,56000,40501.6
S711,A005,2026-03-06,9,81000,62310.06
S712,A017,2026-03-06,20,220000,139325.66
S713,A019,2026-03-06,7,42000,25912.47
S714,A005,2026-03-05,1,18000,12624.66
S715,A023,2026-03-05,9,171000,129937.87
S716,A010,2026-03-04,2,14000,8610.44
S717,A025,2026-03-04,16,288000,241851.75
S718,A029,2026-03-04,1,15000,11599.16
S719,A011,2026-03-03,1,4000,3123.19
S720,A016,2026-03-03,8,72000,56524.12
S721,A014,2026-03-02,12,168000,115661.06
S722,A029,2026-03-02,1,12000,7674.51
S723,A007,2026-03-01,2,12000,8240.1
S724,A024,2026-03-01,4,72000,56008.27
S725,A028,2026-03-01,13,169000,146039.58
S726,A001,2026-02-28,11,88000,78026.63
S727,A006,2026-02-28,10,90000,50495.48
S728,A010,2026-02-28,4,24000,17693.96
S729,A029,2026-02-28,11,88000,77486.59
S730,A007,2026-02-27,9,135000,99993.88
S731,A005,2026-02-26,8,96000,80353.01
S732,A010,2026-02-26,6,114000,81187.63
S733,A028,2026-02-26,14,168000,141402.04
S734,A005,2026-02-25,13,52000,30940.81
S735,A008,2026-02-25,1,7000,5502.1
S736,A009,2026-02-25,15,195000,128052.02
S737,A016,2026-02-25,14,168000,140584.73
S738,A026,2026-02-25,17,306000,250799.48
S739,A010,2026-02-24,20,320000,229958.43
S740,A012,2026-02-24,10,120000,103012.03
S741,A026,2026-02-24,15,240000,172336.47
S742,A029,2026-02-24,20,160000,132056.59
S743,A002,2026-02-23,4,40000,24090.55
S744,A020,2026-02-23,20,140000,81262.68
S745,A022,2026-02-23,20,340000,292926.49
S746,A023,2026-02-23,17,272000,219720.01
S747,A024,2026-02-23,7,49000,41751.05
S748,A011,2026-02-22,4,44000,24516.47
S749,A027,2026-02-22,6,60000,34857.16
S750,A028,2026-02-22,19,361000,279834.89
S751,A030,2026-02-22,6,108000,65284.65
S752,A015,2026-02-21,2,36000,24216.22
S753,A021,2026-02-21,14,154000,136998.38
S754,A024,2026-02-21,10,100000,87965.93
S755,A028,2026-02-21,1,4000,3140.04
S756,A006,2026-02-20,14,210000,162708.61
S757,A009,2026-02-20,13,208000,133067.2
S758,A012,2026-02-20,15,240000,188726.59
S759,A016,2026-02-20,9,81000,54606.33
S760,A028,2026-02-20,15,135000,106329.82
S761,A029,2026-02-20,8,96000,63669.61
S762,A007,2026-02-19,7,126000,96926.32
S763,A008,2026-02-19,19,228000,189030.44
S764,A028,2026-02-19,13,117000,91954.71
S765,A027,2026-02-18,9,135000,92436.11
S766,A001,2026-02-17,3,48000,28576.94
S767,A015,2026-02-17,11,154000,107784.41
S768,A018,2026-02-16,7,49000,31467.13
S769,A022,2026-02-16,13,182000,121175.85
S770,A023,2026-02-16,7,119000,93267.6
S771,A012,2026-02-15,2,26000,18816.07
S772,A015,2026-02-15,8,56000,39748.16
S773,A025,2026-02-15,18,234000,205305.84
S774,A027,2026-02-15,9,108000,67938.85
S775,A029,2026-02-15,7,56000,40080.71
S776,A006,2026-02-14,15,285000,249601.03
S777,A011,2026-02-14,9,144000,119561.81
S778,A021,2026-02-14,3,27000,21427.75
S779,A027,2026-02-14,20,160000,116036.79
S780,A030,2026-02-14,17,238000,192959.28
S781,A010,2026-02-13,2,8000,4985.06
S782,A012,2026-02-13,1,14000,10091.91
S783,A019,2026-02-13,8,72000,49155.59
S784,A021,2026-02-13,19,190000,112222.74
S785,A011,2026-02-12,2,20000,11544.05
S786,A013,2026-02-12,15,105000,86203.21
S787,A019,2026-02-12,6,24000,16966.93
S788,A021,2026-02-12,12,132000,101649.0
S789,A002,2026-02-11,6,84000,55535.56
S790,A004,2026-02-11,1,16000,10206.3
S791,A009,2026-02-11,18,108000,91513.62
S792,A017,2026-02-11,4,72000,53752.82
S793,A019,2026-02-11,8,152000,123864.59
S794,A027,2026-02-11,20,120000,77617.5
S795,A006,2026-02-10,1,9000,6413.99
S796,A011,2026-02-10,11,165000,121873.38
S797,A014,2026-02-10,17,255000,158630.18
S798,A005,2026-02-09,13,104000,75991.97
S799,A017,2026-02-09,19,266000,233349.63
S800,A001,2026-02-08,10,130000,79697.42
S801,A009,2026-02-08,2,28000,17128.82
S802,A011,2026-02-08,4,36000,25828.46
S803,A013,2026-02-08,7,42000,27643.61
S804,A021,2026-02-08,1,7000,6068.47
S805,A006,2026-02-07,1,16000,14173.86
S806,A008,2026-02-07,15,195000,153166.28
S807,A009,2026-02-07,20,320000,181263.01
S808,A014,2026-02-07,10,140000,120402.87
S809,A016,2026-02-07,6,72000,44177.2
S810,A023,2026-02-07,1,4000,3523.67
S811,A024,2026-02-07,10,120000,70528.4
S812,A021,2026-02-06,17,119000,85352.26
S813,A022,2026-02-06,10,150000,88378.42
S814,A027,2026-02-06,16,224000,162067.26
S815,A029,2026-02-05,7,70000,41012.04
S816,A001,2026-02-04,18,288000,224454.13
S817,A003,2026-02-04,11,88000,72603.85
S818,A005,2026-02-04,8,64000,42517.49
S819,A010,2026-02-04,12,204000,120921.46
S820,A016,2026-02-04,19,228000,150808.44
S821,A012,2026-02-03,6,102000,89951.14
S822,A013,2026-02-03,2,20000,13020.66
S823,A017,2026-02-03,12,180000,160137.18
S824,A004,2026-02-02,5,95000,57926.82
S825,A012,2026-02-02,3,33000,26333.8
S826,A020,2026-02-02,16,256000,208993.33
S827,A023,2026-02-02,10,90000,77010.11
S828,A006,2026-02-01,2,20000,17536.77
S829,A017,2026-02-01,16,176000,156015.83
S830,A022,2026-02-01,19,114000,101781.84
S831,A005,2026-01-31,5,40000,22185.8
S832,A023,2026-01-31,2,8000,5812.08
S833,A001,2026-01-30,3,57000,47177.11
S834,A011,2026-01-30,12,132000,118414.29
S835,A017,2026-01-30,14,168000,100614.04
S836,A024,2026-01-30,11,165000,113438.79
S837,A029,2026-01-30,7,42000,29590.84
S838,A012,2026-01-29,7,35000,29501.64
S839,A016,2026-01-29,17,238000,209730.18
S840,A028,2026-01-29,18,324000,231106.86
S841,A011,2026-01-28,11,176000,116197.57
S842,A012,2026-01-28,13,247000,197355.68
S843,A017,2026-01-28,11,165000,128747.94
S844,A005,2026-01-27,20,160000,102452.18
S845,A018,2026-01-27,2,28000,15762.98
S846,A026,2026-01-27,3,39000,26649.49
S847,A008,2026-01-26,17,119000,90708.89
S848,A015,2026-01-26,14,70000,61831.3
S849,A004,2026-01-25,3,39000,32403.04
S850,A007,2026-01-25,2,16000,9021.36
S851,A009,2026-01-25,9,90000,77241.43
S852,A011,2026-01-25,15,60000,38935.74
S853,A017,2026-01-25,16,192000,140963.82
S854,A005,2026-01-24,10,70000,39058.75
S855,A014,2026-01-24,1,4000,3419.77
S856,A022,2026-01-24,7,42000,25638.65
S857,A024,2026-01-24,4,36000,30034.53
S858,A002,2026-01-23,8,56000,38619.4
S859,A019,2026-01-23,12,84000,57338.76
S860,A015,2026-01-22,18,252000,162711.15
S861,A007,2026-01-21,13,156000,111523.39
S862,A015,2026-01-21,2,20000,11515.77
S863,A028,2026-01-21,20,180000,157218.82
S864,A029,2026-01-21,3,24000,17770.57
S865,A024,2026-01-20,5,25000,21143.24
S866,A025,2026-01-20,12,48000,31823.43
S867,A015,2026-01-19,18,234000,182056.63
S868,A021,2026-01-19,5,50000,38696.54
S869,A029,2026-01-19,11,198000,151984.08
S870,A003,2026-01-18,5,40000,31682.84
S871,A009,2026-01-18,8,152000,109835.6
S872,A020,2026-01-18,10,150000,118074.18
S873,A013,2026-01-17,6,24000,19728.86
S874,A015,2026-01-17,9,63000,55063.89
S875,A019,2026-01-17,9,63000,52035.93
S876,A003,2026-01-16,20,100000,65731.54
S877,A007,2026-01-16,16,304000,230202.46
S878,A008,2026-01-16,19,133000,85772.03
S879,A020,2026-01-16,7,56000,39807.44
S880,A023,2026-01-16,4,52000,32978.74
S881,A024,2026-01-16,11,132000,78579.74
S882,A017,2026-01-15,10,140000,125507.58
S883,A029,2026-01-15,18,288000,203339.27
S884,A006,2026-01-14,17,255000,151723.31
S885,A020,2026-01-14,20,240000,184680.37
S886,A026,2026-01-14,7,63000,43267.27
S887,A027,2026-01-14,9,99000,66518.76
S888,A029,2026-01-14,15,270000,208068.81
S889,A002,2026-01-13,11,143000,88819.03
S890,A007,2026-01-13,11,44000,35784.09
S891,A017,2026-01-13,1,15000,8748.04
S892,A020,2026-01-13,15,210000,125369.21
S893,A011,2026-01-12,16,64000,56143.98
S894,A013,2026-01-12,7,91000,71568.48
S895,A005,2026-01-11,11,176000,138193.93
S896,A025,2026-01-11,10,60000,51868.81
S897,A001,2026-01-10,16,208000,127446.57
S898,A023,2026-01-10,16,80000,45595.57
S899,A025,2026-01-10,16,192000,166280.59
S900,A001,2026-01-09,20,240000,178974.07
S901,A006,2026-01-09,3,36000,31233.15
S902,A010,2026-01-09,6,24000,20417.96
S903,A023,2026-01-09,9,126000,95899.27
S904,A030,2026-01-09,16,240000,148074.97
S905,A017,2026-01-08,2,8000,5101.03
S906,A020,2026-01-08,2,8000,5559.48
S907,A002,2026-01-07,7,56000,32470.13
S908,A004,2026-01-07,3,36000,28084.44
S909,A005,2026-01-07,2,34000,25281.9
S910,A006,2026-01-07,15,135000,119628.78
S911,A014,2026-01-07,17,68000,45862.98
S912,A017,2026-01-07,18,216000,180458.35
S913,A013,2026-01-06,6,102000,77999.87
S914,A016,2026-01-06,15,135000,101263.34
S915,A020,2026-01-06,3,30000,25325.35
S916,A023,2026-01-06,13,221000,151932.82
S917,A027,2026-01-06,4,28000,15843.62
S918,A013,2026-01-05,3,42000,32222.77
S919,A016,2026-01-05,20,360000,274185.53
S920,A028,2026-01-05,7,98000,75838.0
S921,A001,2026-01-04,12,144000,82326.56
S922,A007,2026-01-04,11,143000,99340.2
S923,A017,2026-01-04,5,45000,30120.93
S924,A024,2026-01-04,4,16000,10816.49
S925,A003,2026-01-03,6,102000,70708.43
S926,A021,2026-01-03,14,224000,184227.37
S927,A023,2026-01-03,10,180000,143037.06
S928,A024,2026-01-03,3,57000,39252.64
S929,A006,2026-01-02,17,85000,56890.9
S930,A007,2026-01-02,17,289000,241458.76
S931,A008,2026-01-02,18,180000,161109.31
S932,A009,2026-01-02,17,85000,75166.33
S933,A022,2026-01-02,2,20000,14015.58
S934,A008,2026-01-01,16,144000,83973.62
S935,A013,2026-01-01,3,45000,37111.21
S936,A024,2026-01-01,2,38000,33709.09
S937,A028,2026-01-01,1,18000,11130.76
S938,A011,2025-12-31,12,48000,31281.29
S939,A027,2025-12-30,10,190000,153096.19
S940,A003,2025-12-29,10,130000,97497.99
S941,A004,2025-12-29,8,72000,42800.84
S942,A014,2025-12-29,17,68000,53932.31
S943,A017,2025-12-29,10,50000,41907.94
S944,A021,2025-12-29,9,45000,31290.92
S945,A006,2025-12-28,20,120000,104271.66
S946,A026,2025-12-28,7,105000,62973.99
S947,A030,2025-12-28,15,255000,219199.0
S948,A021,2025-12-27,15,165000,93649.17
S949,A023,2025-12-27,14,252000,158456.66
S950,A003,2025-12-26,8,152000,110366.99
S951,A007,2025-12-26,5,65000,46809.99
S952,A012,2025-12-26,4,40000,24348.3
S953,A017,2025-12-26,6,42000,23926.23
S954,A025,2025-12-26,6,42000,26411.85
S955,A010,2025-12-25,18,126000,85191.04
S956,A019,2025-12-25,6,42000,30655.84
S957,A021,2025-12-25,18,180000,148542.61
S958,A007,2025-12-23,2,26000,17780.02
S959,A015,2025-12-23,6,96000,66441.22
S960,A027,2025-12-23,20,300000,238342.81
S961,A006,2025-12-22,14,112000,100191.94
S962,A009,2025-12-22,4,68000,49177.34
S963,A011,2025-12-22,18,288000,209955.19
S964,A021,2025-12-22,9,153000,111450.8
S965,A010,2025-12-21,7,126000,77690.31
S966,A021,2025-12-21,19,285000,160314.65
S967,A007,2025-12-20,19,133000,78437.22
S968,A010,2025-12-20,10,70000,58087.16
S969,A013,2025-12-20,13,208000,144143.26
S970,A016,2025-12-20,20,220000,143939.88
S971,A030,2025-12-20,10,130000,90163.9
S972,A002,2025-12-19,8,48000,35362.62
S973,A004,2025-12-19,12,192000,107031.74
S974,A008,2025-12-19,1,10000,5537.84
S975,A024,2025-12-19,15,135000,95282.07
S976,A025,2025-12-19,18,216000,163008.54
S977,A011,2025-12-18,6,30000,17574.81
S978,A012,2025-12-18,19,76000,65770.36
S979,A015,2025-12-18,17,289000,212709.49
S980,A013,2025-12-17,18,108000,65376.47
S981,A014,2025-12-17,13,208000,127290.36
S982,A015,2025-12-17,20,120000,103452.91
S983,A019,2025-12-17,6,78000,60005.18
S984,A026,2025-12-17,16,96000,54138.33
S985,A029,2025-12-17,5,45000,33506.87
S986,A018,2025-12-16,3,21000,14200.66
S987,A014,2025-12-15,17,272000,161084.43
S988,A017,2025-12-15,14,238000,149729.52
S989,A019,2025-12-15,14,140000,111445.9
S990,A022,2025-12-15,7,35000,28652.01
S991,A023,2025-12-15,4,28000,21476.45
S992,A027,2025-12-15,7,42000,30040.73
S993,A028,2025-12-15,20,340000,201210.42
S994,A001,2025-12-14,19,209000,142283.97
S995,A004,2025-12-14,7,49000,41994.33
S996,A006,2025-12-14,12,48000,30919.41
S997,A003,2025-12-13,9,135000,108661.26
S998,A004,2025-12-13,4,48000,28454.47
S999,A006,2025-12-13,17,323000,285176.05
S1000,A007,2025-12-13,9,144000,93054.26
S1001,A016,2025-12-12,12,156000,126965.4
S1002,A023,2025-12-12,13,143000,86058.29
S1003,A005,2025-12-11,18,90000,57268.62
S1004,A026,2025-12-11,6,84000,63748.9
S1005,A010,2025-12-10,6,90000,79044.4
S1006,A015,2025-12-10,3,15000,11263.73
S1007,A017,2025-12-10,11,187000,110698.48
S1008,A019,2025-12-10,18,270000,173864.37
S1009,A024,2025-12-10,5,60000,53427.46
S1010,A026,2025-12-10,3,36000,24671.22
S1011,A028,2025-12-10,7,91000,55417.47
S1012,A009,2025-12-09,16,224000,182348.9
S1013,A011,2025-12-09,5,65000,52702.47
S1014,A017,2025-12-09,7,112000,79083.74
S1015,A004,2025-12-08,6,36000,20031.91
S1016,A009,2025-12-08,1,5000,4030.07
S1017,A010,2025-12-08,4,76000,50798.18
S1018,A015,2025-12-08,10,110000,96900.53
S1019,A016,2025-12-08,3,39000,28421.27
S1020,A019,2025-12-08,7,105000,68363.09
S1021,A025,2025-12-08,15,75000,48003.77
S1022,A030,2025-12-08,4,48000,34371.37
S1023,A001,2025-12-07,6,114000,99301.91
S1024,A010,2025-12-07,3,12000,9009.27
S1025,A028,2025-12-07,13,195000,109277.24
S1026,A029,2025-12-07,12,84000,55086.23
S1027,A030,2025-12-07,10,170000,115036.75
S1028,A001,2025-12-06,20,360000,294412.15
S1029,A004,2025-12-06,12,120000,105647.61
S1030,A013,2025-12-06,12,156000,134433.2
S1031,A019,2025-12-06,6,66000,58235.25
S1032,A030,2025-12-06,6,96000,74522.41
S1033,A011,2025-12-05,3,24000,16392.12
S1034,A028,2025-12-05,16,256000,217643.87
S1035,A028,2025-12-03,20,80000,56426.98
S1036,A003,2025-12-02,9,171000,141319.94
S1037,A012,2025-12-02,6,66000,52020.5
S1038,A016,2025-12-02,10,110000,71136.67
S1039,A019,2025-12-02,13,91000,51555.09
S1040,A022,2025-12-02,15,105000,82482.96
S1041,A027,2025-12-02,1,15000,9897.08
S1042,A004,2025-12-01,11,110000,65753.02
S1043,A017,2025-12-01,9,153000,89894.45
S1044,A011,2025-11-30,20,180000,140983.48
S1045,A016,2025-11-30,18,90000,70291.42
S1046,A028,2025-11-30,18,324000,256387.22
S1047,A004,2025-11-29,3,21000,14574.67
S1048,A006,2025-11-29,6,42000,33036.48
S1049,A007,2025-11-29,8,80000,66365.66
S1050,A010,2025-11-29,19,114000,69208.67
S1051,A028,2025-11-29,15,225000,193716.92
S1052,A005,2025-11-28,13,208000,126207.24
S1053,A008,2025-11-28,17,255000,198497.42
S1054,A009,2025-11-27,11,77000,68566.63
S1055,A022,2025-11-27,15,105000,82579.93
S1056,A028,2025-11-27,15,240000,186985.26
S1057,A029,2025-11-27,13,143000,108707.53
S1058,A012,2025-11-26,14,84000,50124.74
S1059,A023,2025-11-26,16,288000,168539.83
S1060,A012,2025-11-25,10,70000,48241.33
S1061,A014,2025-11-25,3,54000,34728.19
S1062,A020,2025-11-25,19,95000,60569.78
S1063,A010,2025-11-24,15,120000,107900.1
S1064,A016,2025-11-24,4,68000,50297.75
S1065,A026,2025-11-24,19,152000,120295.05
S1066,A006,2025-11-23,8,104000,60047.71
S1067,A019,2025-11-23,7,84000,60268.58
S1068,A030,2025-11-23,14,238000,140668.42
S1069,A002,2025-11-22,10,150000,127351.17
S1070,A019,2025-11-22,4,20000,14447.77
S1071,A022,2025-11-22,15,180000,122021.77
S1072,A025,2025-11-22,7,112000,75684.94
S1073,A003,2025-11-20,7,77000,49426.17
S1074,A005,2025-11-19,5,85000,73856.84
S1075,A013,2025-11-19,9,162000,89825.99
S1076,A001,2025-11-18,20,120000,88795.19
S1077,A014,2025-11-18,2,12000,9824.43
S1078,A017,2025-11-18,11,143000,86513.53
S1079,A021,2025-11-18,8,136000,111727.39
S1080,A002,2025-11-17,7,56000,48444.53
S1081,A008,2025-11-17,6,78000,61715.63
S1082,A011,2025-11-17,12,228000,132716.4
S1083,A024,2025-11-17,12,228000,146545.84
S1084,A029,2025-11-17,12,132000,114062.19
S1085,A002,2025-11-16,6,78000,65281.23
S1086,A007,2025-11-16,3,51000,30542.5
S1087,A010,2025-11-16,10,140000,123461.24
S1088,A012,2025-11-16,9,54000,45100.2
S1089,A010,2025-11-15,11,187000,128765.73
S1090,A022,2025-11-15,18,90000,72159.49
S1091,A024,2025-11-15,3,48000,29592.42
S1092,A028,2025-11-15,11,187000,167453.95
S1093,A001,2025-11-14,12,72000,47038.14
S1094,A013,2025-11-14,2,20000,14823.18
S1095,A019,2025-11-14,7,56000,34593.67
S1096,A029,2025-11-14,10,150000,101272.86
S1097,A006,2025-11-13,6,66000,42805.38
S1098,A008,2025-11-13,15,255000,176368.08
S1099,A009,2025-11-13,12,132000,115186.62
S1100,A010,2025-11-13,9,99000,82558.04
S1101,A011,2025-11-13,5,55000,46300.41
S1102,A014,2025-11-13,16,224000,200721.64
S1103,A025,2025-11-13,12,60000,41421.18
S1104,A009,2025-11-12,8,40000,33090.73
S1105,A012,2025-11-12,12,108000,93391.68
S1106,A017,2025-11-12,15,135000,95789.7
S1107,A021,2025-11-12,8,112000,85670.6
S1108,A023,2025-11-12,17,85000,57217.82
S1109,A002,2025-11-11,5,30000,22267.5
S1110,A004,2025-11-11,13,221000,176006.45
S1111,A022,2025-11-11,20,140000,125984.46
S1112,A018,2025-11-10,14,182000,159018.1
S1113,A020,2025-11-10,6,30000,17707.61
S1114,A022,2025-11-10,1,5000,2781.69
S1115,A030,2025-11-10,3,33000,24643.87
S1116,A002,2025-11-09,15,270000,210493.15
S1117,A012,2025-11-09,12,180000,161960.74
S1118,A016,2025-11-09,18,288000,177285.76
S1119,A019,2025-11-09,4,68000,51152.23
S1120,A021,2025-11-09,9,45000,36125.51
S1121,A024,2025-11-08,14,210000,154097.82
S1122,A029,2025-11-08,7,98000,84151.15
S1123,A030,2025-11-08,5,55000,35287.19
S1124,A015,2025-11-07,15,75000,63993.0
S1125,A016,2025-11-07,14,238000,136311.73
S1126,A026,2025-11-07,2,18000,14922.23
S1127,A002,2025-11-06,2,10000,7074.03
S1128,A004,2025-11-06,17,136000,91924.74
S1129,A006,2025-11-06,14,154000,118021.18
S1130,A009,2025-11-06,15,105000,81947.15
S1131,A019,2025-11-06,15,60000,43062.91
S1132,A005,2025-11-05,20,80000,54858.61
S1133,A007,2025-11-05,2,28000,22242.31
S1134,A010,2025-11-05,20,180000,126765.72
S1135,A013,2025-11-05,14,266000,177906.74
S1136,A022,2025-11-05,15,195000,163352.91
S1137,A023,2025-11-05,7,42000,34188.41
S1138,A001,2025-11-04,13,221000,151194.96
S1139,A011,2025-11-04,8,144000,127848.42
S1140,A002,2025-11-03,12,48000,30879.65
S1141,A004,2025-11-03,19,190000,150410.75
S1142,A008,2025-11-03,2,36000,22138.32
S1143,A009,2025-11-03,18,90000,77620.56
S1144,A012,2025-11-03,10,80000,64629.32
S1145,A019,2025-11-03,12,60000,47193.59
S1146,A023,2025-11-03,1,9000,6871.19
S1147,A024,2025-11-03,19,133000,91199.79
S1148,A005,2025-11-02,16,304000,263510.16
S1149,A023,2025-11-02,15,165000,118661.09
S1150,A026,2025-11-02,8,56000,37111.27
S1151,A001,2025-11-01,1,6000,3743.61
S1152,A008,2025-11-01,20,340000,255934.18
S1153,A019,2025-11-01,13,78000,44339.25
S1154,A022,2025-11-01,5,25000,22107.31
S1155,A006,2025-10-31,16,224000,151480.54
S1156,A009,2025-10-31,2,26000,22823.26
S1157,A011,2025-10-31,4,40000,27848.79
S1158,A017,2025-10-31,18,162000,96509.88
S1159,A021,2025-10-31,16,240000,188444.78
S1160,A007,2025-10-30,14,196000,116187.76
S1161,A012,2025-10-30,12,120000,66280.23
S1162,A026,2025-10-30,5,30000,16655.64
S1163,A008,2025-10-29,7,105000,59193.65
S1164,A011,2025-10-29,14,126000,101863.37
S1165,A012,2025-10-29,6,24000,20405.44
S1166,A015,2025-10-29,20,240000,185939.48
S1167,A023,2025-10-29,18,162000,127539.98
S1168,A011,2025-10-28,8,104000,57933.57
S1169,A014,2025-10-28,13,195000,125478.4
S1170,A028,2025-10-28,19,209000,179376.43
S1171,A030,2025-10-28,7,126000,106035.07
S1172,A003,2025-10-27,4,68000,39688.37
S1173,A011,2025-10-27,16,208000,164586.75
S1174,A023,2025-10-27,4,68000,51212.73
S1175,A024,2025-10-27,1,14000,11209.51
S1176,A025,2025-10-27,11,187000,107268.67
S1177,A028,2025-10-27,16,80000,64815.25
S1178,A004,2025-10-26,14,70000,54323.29
S1179,A013,2025-10-26,17,68000,60615.78
S1180,A021,2025-10-26,2,36000,30960.7
S1181,A024,2025-10-26,17,323000,259223.23
S1182,A005,2025-10-25,20,300000,266571.07
S1183,A016,2025-10-25,6,114000,63511.48
S1184,A004,2025-10-24,6,24000,13963.09
S1185,A006,2025-10-24,12,180000,141695.45
S1186,A009,2025-10-24,19,114000,74160.88
S1187,A010,2025-10-24,15,105000,90127.23
S1188,A012,2025-10-24,14,196000,122577.46
S1189,A014,2025-10-24,13,130000,87835.44
S1190,A029,2025-10-24,16,288000,221851.14
S1191,A006,2025-10-23,14,154000,97500.2
S1192,A003,2025-10-22,17,136000,106354.71
S1193,A014,2025-10-22,5,95000,79861.78
S1194,A026,2025-10-22,9,72000,47949.32
S1195,A029,2025-10-22,20,280000,173445.09
S1196,A009,2025-10-21,20,300000,205595.5
S1197,A014,2025-10-21,1,7000,5038.1
S1198,A006,2025-10-20,6,108000,64911.01
S1199,A001,2025-10-19,11,165000,137824.48
S1200,A012,2025-10-19,10,170000,140682.76
S1201,A015,2025-10-19,3,51000,35858.77
S1202,A028,2025-10-19,14,112000,73159.67
S1203,A006,2025-10-18,20,320000,277933.46
S1204,A009,2025-10-18,20,80000,66497.39
S1205,A012,2025-10-18,16,176000,141566.59
S1206,A019,2025-10-18,10,80000,44280.04
S1207,A021,2025-10-18,5,85000,64136.6
S1208,A028,2025-10-18,15,240000,145706.54
S1209,A004,2025-10-17,18,180000,121239.47
S1210,A023,2025-10-17,17,323000,257135.7
S1211,A008,2025-10-16,11,99000,83541.14
S1212,A011,2025-10-16,18,306000,197373.81
S1213,A012,2025-10-16,18,162000,134373.42
S1214,A023,2025-10-16,5,35000,31165.3
S1215,A030,2025-10-16,2,26000,18722.83
S1216,A006,2025-10-15,7,63000,48934.83
S1217,A010,2025-10-15,9,45000,29325.68
S1218,A011,2025-10-15,13,65000,45645.3
S1219,A016,2025-10-15,6,96000,81428.17
S1220,A025,2025-10-15,1,7000,6024.12
S1221,A002,2025-10-14,9,45000,33410.05
S1222,A003,2025-10-14,10,190000,112319.71
S1223,A009,2025-10-14,9,54000,48414.14
S1224,A021,2025-10-14,16,240000,192327.65
S1225,A022,2025-10-14,3,15000,12996.1
S1226,A023,2025-10-14,12,60000,33160.05
S1227,A029,2025-10-14,14,182000,121743.83
S1228,A003,2025-10-13,5,20000,17298.6
S1229,A006,2025-10-13,2,8000,6357.89
S1230,A008,2025-10-13,1,12000,9662.2
S1231,A027,2025-10-13,11,132000,103721.02
S1232,A005,2025-10-11,5,40000,34783.91
S1233,A009,2025-10-11,2,30000,17294.33
S1234,A030,2025-10-11,2,16000,9524.01
S1235,A014,2025-10-10,7,49000,35392.93
S1236,A024,2025-10-10,20,280000,188224.59
S1237,A008,2025-10-09,12,96000,57672.01
S1238,A011,2025-10-09,14,168000,101886.19
S1239,A029,2025-10-09,15,120000,72322.81
S1240,A008,2025-10-08,17,289000,240080.6
S1241,A025,2025-10-08,12,96000,60534.16
S1242,A026,2025-10-08,3,15000,12155.95
S1243,A012,2025-10-07,14,238000,155280.03
S1244,A027,2025-10-07,6,42000,28276.6
S1245,A001,2025-10-06,19,95000,74105.04
S1246,A010,2025-10-06,16,224000,144999.12
S1247,A018,2025-10-06,6,48000,27234.08
S1248,A024,2025-10-06,9,36000,29182.03
S1249,A029,2025-10-06,6,24000,18773.63
S1250,A001,2025-10-05,5,45000,28765.75
S1251,A012,2025-10-05,7,35000,24349.18
S1252,A020,2025-10-05,12,180000,137970.46
S1253,A029,2025-10-05,3,15000,12259.16
S1254,A013,2025-10-04,15,150000,111489.34
S1255,A023,2025-10-04,11,198000,176822.74
S1256,A028,2025-10-04,10,190000,121946.39
S1257,A030,2025-10-04,3,15000,8297.39
S1258,A009,2025-10-03,6,96000,83739.77
S1259,A010,2025-10-03,2,12000,8421.62
S1260,A013,2025-10-03,18,234000,133307.11
S1261,A021,2025-10-03,18,180000,109165.31
S1262,A022,2025-10-03,5,60000,39853.29
S1263,A004,2025-10-02,6,30000,17910.9
S1264,A009,2025-10-02,20,140000,80213.72
S1265,A025,2025-10-02,16,208000,163873.65
S1266,A002,2025-10-01,6,78000,54085.85
S1267,A011,2025-10-01,5,25000,16838.37
