period,group,item,status,actual,cost,target,units,extra,variance,variancepct
2025-01,Operations,FY26-M01,Over budget,534365.87,276820.88,504458.6,42,105.9,-29907.27,
2025-02,Sales,FY26-M01,Over budget,338250.48,231944.97,314092.28,26,107.7,-24158.2,
2025-03,People,FY26-M01,Within budget,322096.74,148006.89,344513.26,25,93.5,22416.52,
2025-04,Technology,FY26-M01,Within budget,441885.13,397407.71,448623.3,35,98.5,6738.17,
2025-05,Operations,FY26-M02,Over budget,527992.07,346819.32,378716.81,41,139.4,-149275.26,
2025-06,Sales,FY26-M02,Within budget,442804.73,221071.92,561665.21,35,78.8,118860.48,
2025-07,People,FY26-M02,Within budget,209574.53,137057.03,309146.51,16,67.8,99571.98,
2025-08,Technology,FY26-M02,Within budget,369694.24,280145.87,421203.47,29,87.8,51509.23,
2025-09,Operations,FY26-M03,Within budget,408737.63,260430.23,511509.85,32,79.9,102772.22,
2025-10,Sales,FY26-M03,Within budget,379491.56,295074.76,387078.06,30,98.0,7586.5,
2025-11,People,FY26-M03,Within budget,289777.52,192851.99,329114.69,22,88.0,39337.17,
2025-12,Technology,FY26-M03,Over budget,596546.55,538980.76,466548.76,47,127.9,-129997.79,
2026-01,Operations,FY26-M04,Within budget,268480.3,143737.66,404367.62,21,66.4,135887.32,
2026-02,Sales,FY26-M04,Within budget,279199.96,208879.16,346415.86,22,80.6,67215.9,
2026-03,People,FY26-M04,Within budget,409740.11,341288.65,414687.93,32,98.8,4947.82,
2026-04,Technology,FY26-M04,Over budget,541570.85,432755.05,407102.16,42,133.0,-134468.69,
2026-05,Operations,FY26-M01,Over budget,631723.9,288538.79,485636.32,50,130.1,-146087.58,
2026-06,Sales,FY26-M01,Within budget,348498.96,317347.03,471319.54,27,73.9,122820.58,
2026-07,People,FY26-M01,Over budget,504630.18,417016.45,493743.54,40,102.2,-10886.64,
2026-08,Technology,FY26-M01,Over budget,360770.62,227679.31,335411.61,28,107.6,-25359.01,
2026-09,Operations,FY26-M02,Within budget,286433.73,156226.31,376995.39,22,76.0,90561.66,
2026-10,Sales,FY26-M02,Within budget,507938.69,288595.33,559813.06,40,90.7,51874.37,
2026-11,People,FY26-M02,Over budget,321147.85,275699.16,316693.75,25,101.4,-4454.1,
2026-12,Technology,FY26-M02,Over budget,648271.24,582571.71,500481.83,51,129.5,-147789.41,
2027-01,Operations,FY26-M03,Over budget,450029.7,332435.07,381436.21,35,118.0,-68593.49,
2027-02,Sales,FY26-M03,Within budget,269913.7,149400.94,372847.32,21,72.4,102933.62,
2027-03,People,FY26-M03,Over budget,378402.44,240032.04,318911.23,30,118.7,-59491.21,
2027-04,Technology,FY26-M03,Within budget,259507.69,163616.61,337886.39,20,76.8,78378.7,
2027-05,Operations,FY26-M04,Within budget,263946.11,207509.58,366497.06,20,72.0,102550.95,
2027-06,Sales,FY26-M04,Within budget,329615.5,251476.9,448833.94,26,73.4,119218.44,
2027-07,People,FY26-M04,Over budget,525506.38,352014.15,503256.03,41,104.4,-22250.35,
2027-08,Technology,FY26-M04,Over budget,328363.84,176474.95,324449.18,26,101.2,-3914.66,
2027-09,Operations,FY26-M01,Over budget,376388.66,234335.2,330127.3,29,114.0,-46261.36,
2027-10,Sales,FY26-M01,Over budget,375837.17,224252.29,302446.39,29,124.3,-73390.78,
2027-11,People,FY26-M01,Over budget,491513.11,296971.22,388509.5,39,126.5,-103003.61,
2027-12,Technology,FY26-M01,Within budget,390597.4,229418.34,553548.19,30,70.6,162950.79,
2028-01,Operations,FY26-M02,Over budget,679050.88,543512.11,550683.79,53,123.3,-128367.09,
2028-02,Sales,FY26-M02,Over budget,615091.53,500084.63,481014.03,48,127.9,-134077.5,
2028-03,People,FY26-M02,Over budget,642863.7,587899.27,521455.41,51,123.3,-121408.29,
2028-04,Technology,FY26-M02,Over budget,498237.9,231158.44,475088.18,39,104.9,-23149.72,
2028-05,Operations,FY26-M03,Over budget,558076.5,298288.86,475243.12,44,117.4,-82833.38,
2028-06,Sales,FY26-M03,Within budget,238053.4,112127.85,299563.7,18,79.5,61510.3,
2028-07,People,FY26-M03,Over budget,627024.18,311505.34,494244.82,49,126.9,-132779.36,
2028-08,Technology,FY26-M03,Over budget,504479.84,344165.1,470679.94,40,107.2,-33799.9,
2028-09,Operations,FY26-M04,Over budget,644374.8,487293.82,511106.31,51,126.1,-133268.49,
2028-10,Sales,FY26-M04,Within budget,284911.26,145469.98,369968.91,22,77.0,85057.65,
2028-11,People,FY26-M04,Over budget,488991.56,362343.96,402245.72,38,121.6,-86745.84,
2028-12,Technology,FY26-M04,Over budget,421698.43,214478.09,359262.58,33,117.4,-62435.85,
