period,group,item,status,actual,cost,target,units,extra,variance
2025-01,Tower A,PRJ-014,On schedule,833339.88,392758.32,760983.39,31,109.5,72356.49
2025-02,Road Lot 3,PRJ-014,Behind plan,1052356.8,776662.27,863413.95,39,121.9,188942.85
2025-03,Warehouse,PRJ-014,Ahead,637861.53,493411.48,938007.72,24,68.0,-300146.19
2025-04,Utilities,PRJ-014,On schedule,812303.1,443981.18,782701.56,30,103.8,29601.54
2025-05,Tower A,PRJ-018,On schedule,965147.14,474541.23,1074509.44,36,89.8,-109362.3
2025-06,Road Lot 3,PRJ-018,Behind plan,1339937.1,843892.6,972850.21,50,137.7,367086.89
2025-07,Warehouse,PRJ-018,Ahead,1036004.56,683978.2,798870.67,39,129.7,237133.89
2025-08,Utilities,PRJ-018,On schedule,923423.35,441551.62,1177891.81,34,78.4,-254468.46
2025-09,Tower A,PRJ-021,On schedule,1051281.49,906892.34,1052926.01,39,99.8,-1644.52
2025-10,Road Lot 3,PRJ-021,Behind plan,906329.11,842162.24,1063356.86,34,85.2,-157027.75
2025-11,Warehouse,PRJ-021,Ahead,776219.43,632911.91,1092465.27,29,71.1,-316245.84
2025-12,Utilities,PRJ-021,On schedule,616301.24,347898.18,913872.52,23,67.4,-297571.28
2026-01,Tower A,PRJ-027,On schedule,1045914.38,698122.22,932177.7,39,112.2,113736.68
2026-02,Road Lot 3,PRJ-027,Behind plan,1145430.95,781233.78,922012.87,43,124.2,223418.08
2026-03,Warehouse,PRJ-027,Ahead,1299466.39,969937.26,1021847.49,49,127.2,277618.9
2026-04,Utilities,PRJ-027,On schedule,1035738.28,949805.95,743094.62,39,139.4,292643.66
2026-05,Tower A,PRJ-014,On schedule,664407.18,368343.1,634878.4,25,104.7,29528.78
2026-06,Road Lot 3,PRJ-014,Behind plan,1211023.07,1082581.71,984840.2,45,123.0,226182.87
2026-07,Warehouse,PRJ-014,Ahead,490260.57,288246.25,681261.42,18,72.0,-191000.85
2026-08,Utilities,PRJ-014,On schedule,982792.25,475364.74,718878.23,37,136.7,263914.02
2026-09,Tower A,PRJ-018,On schedule,998941.16,710374.92,940791.78,37,106.2,58149.38
2026-10,Road Lot 3,PRJ-018,Behind plan,922832.04,724963.67,1053798.0,34,87.6,-130965.96
2026-11,Warehouse,PRJ-018,Ahead,891462.67,518643.8,1109922.32,33,80.3,-218459.65
2026-12,Utilities,PRJ-018,On schedule,500041.85,335146.76,744772.03,18,67.1,-244730.18
2027-01,Tower A,PRJ-021,On schedule,804666.11,659076.08,632702.8,30,127.2,171963.31
2027-02,Road Lot 3,PRJ-021,Behind plan,1007704.92,910775.58,977438.28,38,103.1,30266.64
2027-03,Warehouse,PRJ-021,Ahead,888678.21,425260.63,741130.95,33,119.9,147547.26
2027-04,Utilities,PRJ-021,On schedule,769358.08,552616.26,721827.85,29,106.6,47530.23
2027-05,Tower A,PRJ-027,On schedule,953418.28,483941.89,696678.68,36,136.9,256739.6
2027-06,Road Lot 3,PRJ-027,Behind plan,963679.02,513470.71,707625.89,36,136.2,256053.13
2027-07,Warehouse,PRJ-027,Ahead,764086.41,587347.07,688333.4,28,111.0,75753.01
2027-08,Utilities,PRJ-027,On schedule,672862.99,347689.74,918733.26,25,73.2,-245870.27
2027-09,Tower A,PRJ-014,On schedule,1328995.59,884009.65,1061453.52,50,125.2,267542.07
2027-10,Road Lot 3,PRJ-014,Behind plan,865088.0,771127.46,1058917.34,32,81.7,-193829.34
2027-11,Warehouse,PRJ-014,Ahead,732172.44,404994.04,924750.95,27,79.2,-192578.51
2027-12,Utilities,PRJ-014,On schedule,593162.67,515256.14,813862.41,22,72.9,-220699.74
2028-01,Tower A,PRJ-018,On schedule,806394.09,512163.23,659342.26,30,122.3,147051.83
2028-02,Road Lot 3,PRJ-018,Behind plan,948583.49,499831.7,1054148.72,35,90.0,-105565.23
2028-03,Warehouse,PRJ-018,Ahead,1285816.8,1142773.68,957978.06,48,134.2,327838.74
2028-04,Utilities,PRJ-018,On schedule,637554.3,410467.79,909598.27,24,70.1,-272043.97
2028-05,Tower A,PRJ-021,On schedule,1006046.64,669999.79,1081012.91,38,93.1,-74966.27
2028-06,Road Lot 3,PRJ-021,Behind plan,607386.98,475336.2,781820.03,23,77.7,-174433.05
2028-07,Warehouse,PRJ-021,Ahead,491453.83,273720.65,662272.44,18,74.2,-170818.61
2028-08,Utilities,PRJ-021,On schedule,532171.96,303898.75,767237.71,20,69.4,-235065.75
2028-09,Tower A,PRJ-027,On schedule,665853.84,439540.16,690654.91,25,96.4,-24801.07
2028-10,Road Lot 3,PRJ-027,Behind plan,725750.69,533539.61,700757.96,27,103.6,24992.73
2028-11,Warehouse,PRJ-027,Ahead,1229041.08,992111.99,1153395.15,46,106.6,75645.93
2028-12,Utilities,PRJ-027,On schedule,473337.5,272186.62,718957.92,17,65.8,-245620.42
