SnapshotID,DepartmentID,Date,OpeningHeadcount,ClosingHeadcount,Hires,Leavers,ScheduledHours,AbsentHours,OvertimeHours,Payroll
H1,D1,2026-01-31,33,36,5,2,5280,193,100,2880000
H2,D2,2026-01-31,70,71,2,1,11200,184,206,12780000
H3,D3,2026-01-31,30,34,6,2,4800,97,57,3400000
H4,D4,2026-01-31,67,63,0,4,10720,432,104,9450000
H5,D5,2026-01-31,49,48,2,3,7840,218,321,8640000
H6,D1,2026-02-28,36,40,4,0,5760,381,288,5600000
H7,D2,2026-02-28,71,69,0,2,11360,826,339,11730000
H8,D3,2026-02-28,34,34,1,1,5440,261,250,3400000
H9,D4,2026-02-28,63,63,0,0,10080,495,577,5040000
H10,D5,2026-02-28,48,50,3,1,7680,347,120,9000000
H11,D1,2026-03-31,40,43,3,0,6400,180,397,3870000
H12,D2,2026-03-31,69,66,1,4,11040,371,564,5940000
H13,D3,2026-03-31,34,33,0,1,5440,405,299,6270000
H14,D4,2026-03-31,63,63,3,3,10080,195,110,9450000
H15,D5,2026-03-31,50,54,5,1,8000,60,375,8640000
H16,D1,2026-04-30,43,40,1,4,6880,139,174,4400000
H17,D2,2026-04-30,66,66,0,0,10560,790,660,7920000
H18,D3,2026-04-30,33,31,1,3,5280,378,23,4340000
H19,D4,2026-04-30,63,65,5,3,10080,321,282,11700000
H20,D5,2026-04-30,54,55,4,3,8640,71,299,8250000
H21,D1,2026-05-31,40,43,3,0,6400,198,239,3870000
H22,D2,2026-05-31,66,66,1,1,10560,198,573,11220000
H23,D3,2026-05-31,31,34,4,1,4960,206,121,2380000
H24,D4,2026-05-31,65,69,6,2,10400,76,301,12420000
H25,D5,2026-05-31,55,58,3,0,8800,461,72,8700000
H26,D1,2026-06-30,43,43,1,1,6880,34,52,6450000
H27,D2,2026-06-30,66,67,5,4,10560,108,68,8040000
H28,D3,2026-06-30,34,37,6,3,5440,218,221,4810000
H29,D4,2026-06-30,69,72,5,2,11040,103,619,12960000
H30,D5,2026-06-30,58,55,1,4,9280,638,444,3850000
H31,D1,2026-07-31,43,44,4,3,6880,154,337,5720000
H32,D2,2026-07-31,67,71,4,0,10720,563,490,12070000
H33,D3,2026-07-31,37,37,0,0,5920,340,252,6660000
H34,D4,2026-07-31,72,69,1,4,11520,77,420,8970000
H35,D5,2026-07-31,55,55,4,4,8800,643,121,7150000
H36,D1,2026-08-31,44,45,4,3,7040,176,417,6750000
H37,D2,2026-08-31,71,74,3,0,11360,162,75,9620000
H38,D3,2026-08-31,37,42,5,0,5920,20,286,3780000
H39,D4,2026-08-31,69,71,5,3,11040,164,61,12070000
H40,D5,2026-08-31,55,53,0,2,8800,8,51,8480000
H41,D1,2026-09-30,45,44,2,3,7200,56,302,4400000
H42,D2,2026-09-30,74,77,3,0,11840,594,710,14630000
H43,D3,2026-09-30,42,45,5,2,6720,456,233,4500000
H44,D4,2026-09-30,71,73,2,0,11360,840,227,9490000
H45,D5,2026-09-30,53,51,2,4,8480,419,342,5610000
