ProductID,Product,Category,Supplier
SKU001,Demo Product 01,Tools,Supplier 2
SKU002,Demo Product 02,Accessories,Supplier 3
SKU003,Demo Product 03,Consumables,Supplier 4
SKU004,Demo Product 04,Parts,Supplier 5
SKU005,Demo Product 05,Tools,Supplier 6
SKU006,Demo Product 06,Accessories,Supplier 1
SKU007,Demo Product 07,Consumables,Supplier 2
SKU008,Demo Product 08,Parts,Supplier 3
SKU009,Demo Product 09,Tools,Supplier 4
SKU010,Demo Product 10,Accessories,Supplier 5
SKU011,Demo Product 11,Consumables,Supplier 6
SKU012,Demo Product 12,Parts,Supplier 1
SKU013,Demo Product 13,Tools,Supplier 2
SKU014,Demo Product 14,Accessories,Supplier 3
SKU015,Demo Product 15,Consumables,Supplier 4
SKU016,Demo Product 16,Parts,Supplier 5
SKU017,Demo Product 17,Tools,Supplier 6
SKU018,Demo Product 18,Accessories,Supplier 1
SKU019,Demo Product 19,Consumables,Supplier 2
SKU020,Demo Product 20,Parts,Supplier 3
SKU021,Demo Product 21,Tools,Supplier 4
SKU022,Demo Product 22,Accessories,Supplier 5
SKU023,Demo Product 23,Consumables,Supplier 6
SKU024,Demo Product 24,Parts,Supplier 1
SKU025,Demo Product 25,Tools,Supplier 2
SKU026,Demo Product 26,Accessories,Supplier 3
SKU027,Demo Product 27,Consumables,Supplier 4
SKU028,Demo Product 28,Parts,Supplier 5
SKU029,Demo Product 29,Tools,Supplier 6
SKU030,Demo Product 30,Accessories,Supplier 1
SKU031,Demo Product 31,Consumables,Supplier 2
SKU032,Demo Product 32,Parts,Supplier 3
SKU033,Demo Product 33,Tools,Supplier 4
SKU034,Demo Product 34,Accessories,Supplier 5
SKU035,Demo Product 35,Consumables,Supplier 6
SKU036,Demo Product 36,Parts,Supplier 1
SKU037,Demo Product 37,Tools,Supplier 2
SKU038,Demo Product 38,Accessories,Supplier 3
SKU039,Demo Product 39,Consumables,Supplier 4
SKU040,Demo Product 40,Parts,Supplier 5
SKU041,Demo Product 41,Tools,Supplier 6
SKU042,Demo Product 42,Accessories,Supplier 1
SKU043,Demo Product 43,Consumables,Supplier 2
SKU044,Demo Product 44,Parts,Supplier 3
SKU045,Demo Product 45,Tools,Supplier 4
SKU046,Demo Product 46,Accessories,Supplier 5
SKU047,Demo Product 47,Consumables,Supplier 6
SKU048,Demo Product 48,Parts,Supplier 1
