LotID,ProductID,Warehouse,SnapshotDate,ReceiptDate,AgeDays,AgeBand,OnHand,Reserved,UnitCost
L0001,SKU001,Karachi,2026-09-30,2026-08-21,40,31–60,91,58,2900
L0002,SKU002,Lahore,2026-09-30,2026-03-18,196,90+,116,77,1700
L0003,SKU003,Islamabad,2026-09-30,2026-07-31,61,61–90,59,56,4500
L0004,SKU004,Karachi,2026-09-30,2026-06-08,114,90+,62,5,1800
L0005,SKU005,Lahore,2026-09-30,2026-06-06,116,90+,74,3,700
L0006,SKU006,Islamabad,2026-09-30,2026-05-02,151,90+,13,11,1800
L0007,SKU007,Karachi,2026-09-30,2026-03-01,213,90+,23,23,5400
L0008,SKU008,Lahore,2026-09-30,2026-08-16,45,31–60,29,25,3300
L0009,SKU009,Islamabad,2026-09-30,2026-01-29,244,90+,47,12,2900
L0010,SKU010,Karachi,2026-09-30,2026-06-11,111,90+,105,32,3800
L0011,SKU011,Lahore,2026-09-30,2026-06-23,99,90+,96,67,6000
L0012,SKU012,Islamabad,2026-09-30,2026-09-08,22,0–30,90,67,3900
L0013,SKU013,Karachi,2026-09-30,2026-07-24,68,61–90,61,53,2000
L0014,SKU014,Lahore,2026-09-30,2026-08-09,52,31–60,53,32,3400
L0015,SKU015,Islamabad,2026-09-30,2026-08-11,50,31–60,61,58,4600
L0016,SKU016,Karachi,2026-09-30,2026-04-26,157,90+,107,104,1300
L0017,SKU017,Lahore,2026-09-30,2026-08-12,49,31–60,62,42,1700
L0018,SKU018,Islamabad,2026-09-30,2026-09-19,11,0–30,90,49,3900
L0019,SKU019,Karachi,2026-09-30,2026-03-18,196,90+,70,61,5200
L0020,SKU020,Lahore,2026-09-30,2026-05-18,135,90+,104,93,5800
L0021,SKU021,Islamabad,2026-09-30,2026-02-14,228,90+,95,8,2400
L0022,SKU022,Karachi,2026-09-30,2026-05-01,152,90+,99,5,4300
L0023,SKU023,Lahore,2026-09-30,2026-05-31,122,90+,111,1,3200
L0024,SKU024,Islamabad,2026-09-30,2026-03-16,198,90+,79,28,3100
L0025,SKU025,Karachi,2026-09-30,2026-03-19,195,90+,19,18,1200
L0026,SKU026,Lahore,2026-09-30,2026-04-13,170,90+,3,3,6000
L0027,SKU027,Islamabad,2026-09-30,2026-09-11,19,0–30,11,8,2000
L0028,SKU028,Karachi,2026-09-30,2026-08-12,49,31–60,41,17,3100
L0029,SKU029,Lahore,2026-09-30,2026-06-29,93,90+,58,19,5200
L0030,SKU030,Islamabad,2026-09-30,2026-09-13,17,0–30,23,8,4800
L0031,SKU031,Karachi,2026-09-30,2026-04-06,177,90+,89,78,6400
L0032,SKU032,Lahore,2026-09-30,2026-09-15,15,0–30,17,10,1000
L0033,SKU033,Islamabad,2026-09-30,2026-03-03,211,90+,79,49,2200
L0034,SKU034,Karachi,2026-09-30,2026-05-06,147,90+,54,52,3900
L0035,SKU035,Lahore,2026-09-30,2026-03-01,213,90+,76,69,4200
L0036,SKU036,Islamabad,2026-09-30,2026-09-12,18,0–30,32,17,6800
L0037,SKU037,Karachi,2026-09-30,2026-04-14,169,90+,51,51,5900
L0038,SKU038,Lahore,2026-09-30,2026-07-19,73,61–90,102,101,5500
L0039,SKU039,Islamabad,2026-09-30,2026-09-25,5,0–30,17,14,5800
L0040,SKU040,Karachi,2026-09-30,2026-04-12,171,90+,15,15,400
L0041,SKU041,Lahore,2026-09-30,2026-03-21,193,90+,19,7,6100
L0042,SKU042,Islamabad,2026-09-30,2026-09-23,7,0–30,110,15,3500
L0043,SKU043,Karachi,2026-09-30,2026-09-03,27,0–30,83,76,1600
L0044,SKU044,Lahore,2026-09-30,2026-04-03,180,90+,17,4,6900
L0045,SKU045,Islamabad,2026-09-30,2026-05-23,130,90+,110,102,800
L0046,SKU046,Karachi,2026-09-30,2026-02-19,223,90+,88,31,3400
L0047,SKU047,Lahore,2026-09-30,2026-03-19,195,90+,98,11,3900
L0048,SKU048,Islamabad,2026-09-30,2026-06-22,100,90+,74,61,4000
L0049,SKU001,Karachi,2026-09-30,2026-02-02,240,90+,52,42,6700
L0050,SKU002,Lahore,2026-09-30,2026-04-13,170,90+,93,75,3100
L0051,SKU003,Islamabad,2026-09-30,2026-05-07,146,90+,13,5,3800
L0052,SKU004,Karachi,2026-09-30,2026-03-09,205,90+,10,7,6000
L0053,SKU005,Lahore,2026-09-30,2026-05-10,143,90+,97,90,800
L0054,SKU006,Islamabad,2026-09-30,2026-07-01,91,90+,62,1,1900
L0055,SKU007,Karachi,2026-09-30,2026-04-16,167,90+,66,12,3200
L0056,SKU008,Lahore,2026-09-30,2026-04-14,169,90+,37,22,5000
L0057,SKU009,Islamabad,2026-09-30,2026-08-26,35,31–60,25,3,1500
L0058,SKU010,Karachi,2026-09-30,2026-05-12,141,90+,83,40,6000
L0059,SKU011,Lahore,2026-09-30,2026-04-17,166,90+,18,14,4300
L0060,SKU012,Islamabad,2026-09-30,2026-08-10,51,31–60,91,85,3700
L0061,SKU013,Karachi,2026-09-30,2026-04-29,154,90+,71,51,1600
L0062,SKU014,Lahore,2026-09-30,2026-01-25,248,90+,85,38,2200
L0063,SKU015,Islamabad,2026-09-30,2026-04-18,165,90+,42,42,6900
L0064,SKU016,Karachi,2026-09-30,2026-09-13,17,0–30,104,56,3600
L0065,SKU017,Lahore,2026-09-30,2026-07-09,83,61–90,89,18,6400
L0066,SKU018,Islamabad,2026-09-30,2026-04-03,180,90+,52,0,3600
L0067,SKU019,Karachi,2026-09-30,2026-05-16,137,90+,120,54,1500
L0068,SKU020,Lahore,2026-09-30,2026-09-07,23,0–30,45,7,3400
L0069,SKU021,Islamabad,2026-09-30,2026-06-23,99,90+,86,3,6000
L0070,SKU022,Karachi,2026-09-30,2026-04-12,171,90+,46,18,400
L0071,SKU023,Lahore,2026-09-30,2026-09-26,4,0–30,33,6,4900
L0072,SKU024,Islamabad,2026-09-30,2026-04-03,180,90+,104,78,3600
L0073,SKU025,Karachi,2026-09-30,2026-02-08,234,90+,85,19,2700
L0074,SKU026,Lahore,2026-09-30,2026-06-12,110,90+,38,26,2900
L0075,SKU027,Islamabad,2026-09-30,2026-02-04,238,90+,90,37,2900
L0076,SKU028,Karachi,2026-09-30,2026-04-29,154,90+,41,5,2300
L0077,SKU029,Lahore,2026-09-30,2026-06-27,95,90+,55,15,4500
L0078,SKU030,Islamabad,2026-09-30,2026-05-17,136,90+,57,42,4100
L0079,SKU031,Karachi,2026-09-30,2026-05-10,143,90+,96,95,2300
L0080,SKU032,Lahore,2026-09-30,2026-02-12,230,90+,29,19,1700
L0081,SKU033,Islamabad,2026-09-30,2026-04-19,164,90+,78,75,6200
L0082,SKU034,Karachi,2026-09-30,2026-07-29,63,61–90,11,3,800
L0083,SKU035,Lahore,2026-09-30,2026-03-09,205,90+,2,1,3300
L0084,SKU036,Islamabad,2026-09-30,2026-04-10,173,90+,18,10,2400
L0085,SKU037,Karachi,2026-09-30,2026-09-24,6,0–30,105,94,5900
L0086,SKU038,Lahore,2026-09-30,2026-03-15,199,90+,16,7,1200
L0087,SKU039,Islamabad,2026-09-30,2026-08-10,51,31–60,25,7,1500
L0088,SKU040,Karachi,2026-09-30,2026-03-26,188,90+,90,67,5600
L0089,SKU041,Lahore,2026-09-30,2026-09-16,14,0–30,79,60,1900
L0090,SKU042,Islamabad,2026-09-30,2026-03-20,194,90+,109,49,800
L0091,SKU043,Karachi,2026-09-30,2026-02-10,232,90+,83,81,1000
L0092,SKU044,Lahore,2026-09-30,2026-07-27,65,61–90,55,41,4900
L0093,SKU045,Islamabad,2026-09-30,2026-06-28,94,90+,80,62,5300
L0094,SKU046,Karachi,2026-09-30,2026-06-01,121,90+,102,56,3700
L0095,SKU047,Lahore,2026-09-30,2026-04-28,155,90+,93,89,200
L0096,SKU048,Islamabad,2026-09-30,2026-06-20,102,90+,18,3,4000
L0097,SKU001,Karachi,2026-09-30,2026-08-15,46,31–60,88,75,400
L0098,SKU002,Lahore,2026-09-30,2026-04-29,154,90+,101,87,6500
L0099,SKU003,Islamabad,2026-09-30,2026-09-05,25,0–30,2,2,4900
L0100,SKU004,Karachi,2026-09-30,2026-04-26,157,90+,73,52,5000
L0101,SKU005,Lahore,2026-09-30,2026-05-16,137,90+,2,1,6800
L0102,SKU006,Islamabad,2026-09-30,2026-06-28,94,90+,19,12,6400
L0103,SKU007,Karachi,2026-09-30,2026-06-30,92,90+,116,67,6600
L0104,SKU008,Lahore,2026-09-30,2026-07-24,68,61–90,11,3,5300
L0105,SKU009,Islamabad,2026-09-30,2026-09-10,20,0–30,29,11,6100
L0106,SKU010,Karachi,2026-09-30,2026-05-05,148,90+,58,44,900
L0107,SKU011,Lahore,2026-09-30,2026-07-13,79,61–90,111,43,1700
L0108,SKU012,Islamabad,2026-09-30,2026-03-07,207,90+,59,44,5700
L0109,SKU013,Karachi,2026-09-30,2026-09-06,24,0–30,87,55,2200
L0110,SKU014,Lahore,2026-09-30,2026-09-15,15,0–30,75,62,4200
L0111,SKU015,Islamabad,2026-09-30,2026-04-12,171,90+,74,50,3200
L0112,SKU016,Karachi,2026-09-30,2026-03-18,196,90+,2,2,6100
L0113,SKU017,Lahore,2026-09-30,2026-08-08,53,31–60,69,20,1700
L0114,SKU018,Islamabad,2026-09-30,2026-08-27,34,31–60,51,44,4900
L0115,SKU019,Karachi,2026-09-30,2026-08-10,51,31–60,112,76,4600
L0116,SKU020,Lahore,2026-09-30,2026-01-13,260,90+,48,10,4500
L0117,SKU021,Islamabad,2026-09-30,2026-07-01,91,90+,90,44,2500
L0118,SKU022,Karachi,2026-09-30,2026-03-16,198,90+,65,6,3400
L0119,SKU023,Lahore,2026-09-30,2026-08-08,53,31–60,65,59,700
L0120,SKU024,Islamabad,2026-09-30,2026-08-28,33,31–60,33,11,2300
L0121,SKU025,Karachi,2026-09-30,2026-02-25,217,90+,76,3,900
L0122,SKU026,Lahore,2026-09-30,2026-09-05,25,0–30,74,12,4900
L0123,SKU027,Islamabad,2026-09-30,2026-05-23,130,90+,81,57,2000
L0124,SKU028,Karachi,2026-09-30,2026-04-21,162,90+,119,15,4900
L0125,SKU029,Lahore,2026-09-30,2026-07-25,67,61–90,77,40,800
L0126,SKU030,Islamabad,2026-09-30,2026-06-14,108,90+,68,66,300
L0127,SKU031,Karachi,2026-09-30,2026-02-11,231,90+,112,87,4500
L0128,SKU032,Lahore,2026-09-30,2026-07-30,62,61–90,101,19,6300
L0129,SKU033,Islamabad,2026-09-30,2026-08-14,47,31–60,110,69,6600
L0130,SKU034,Karachi,2026-09-30,2026-02-18,224,90+,35,31,3100
L0131,SKU035,Lahore,2026-09-30,2026-08-25,36,31–60,73,44,6000
L0132,SKU036,Islamabad,2026-09-30,2026-02-04,238,90+,101,55,2700
L0133,SKU037,Karachi,2026-09-30,2026-02-27,215,90+,106,32,6100
L0134,SKU038,Lahore,2026-09-30,2026-01-16,257,90+,5,3,6100
L0135,SKU039,Islamabad,2026-09-30,2026-07-13,79,61–90,51,46,2400
L0136,SKU040,Karachi,2026-09-30,2026-01-29,244,90+,113,19,4900
L0137,SKU041,Lahore,2026-09-30,2026-03-13,201,90+,102,14,5900
L0138,SKU042,Islamabad,2026-09-30,2026-07-19,73,61–90,13,8,2900
L0139,SKU043,Karachi,2026-09-30,2026-03-04,210,90+,69,66,4800
L0140,SKU044,Lahore,2026-09-30,2026-08-22,39,31–60,80,41,5600
L0141,SKU045,Islamabad,2026-09-30,2026-03-28,186,90+,68,18,5900
L0142,SKU046,Karachi,2026-09-30,2026-06-29,93,90+,73,8,2200
L0143,SKU047,Lahore,2026-09-30,2026-06-08,114,90+,114,63,6500
L0144,SKU048,Islamabad,2026-09-30,2026-05-24,129,90+,15,9,4900
L0145,SKU001,Karachi,2026-09-30,2026-04-28,155,90+,82,76,5300
L0146,SKU002,Lahore,2026-09-30,2026-04-14,169,90+,67,3,600
L0147,SKU003,Islamabad,2026-09-30,2026-01-27,246,90+,113,97,1900
L0148,SKU004,Karachi,2026-09-30,2026-09-24,6,0–30,20,4,6600
L0149,SKU005,Lahore,2026-09-30,2026-07-11,81,61–90,22,11,6600
L0150,SKU006,Islamabad,2026-09-30,2026-05-05,148,90+,102,34,5400
L0151,SKU007,Karachi,2026-09-30,2026-03-09,205,90+,66,60,3700
L0152,SKU008,Lahore,2026-09-30,2026-07-17,75,61–90,27,3,2800
L0153,SKU009,Islamabad,2026-09-30,2026-05-04,149,90+,23,6,1500
L0154,SKU010,Karachi,2026-09-30,2026-02-08,234,90+,9,6,3100
L0155,SKU011,Lahore,2026-09-30,2026-08-02,59,31–60,100,17,2400
L0156,SKU012,Islamabad,2026-09-30,2026-02-16,226,90+,39,1,5300
L0157,SKU013,Karachi,2026-09-30,2026-05-16,137,90+,6,6,3200
L0158,SKU014,Lahore,2026-09-30,2026-04-15,168,90+,13,11,1900
L0159,SKU015,Islamabad,2026-09-30,2026-01-14,259,90+,108,102,3600
L0160,SKU016,Karachi,2026-09-30,2026-08-06,55,31–60,99,89,3300
L0161,SKU017,Lahore,2026-09-30,2026-05-18,135,90+,48,32,3700
L0162,SKU018,Islamabad,2026-09-30,2026-09-18,12,0–30,60,10,800
L0163,SKU019,Karachi,2026-09-30,2026-09-05,25,0–30,77,11,3600
L0164,SKU020,Lahore,2026-09-30,2026-08-09,52,31–60,6,2,4900
L0165,SKU021,Islamabad,2026-09-30,2026-02-08,234,90+,42,13,5600
L0166,SKU022,Karachi,2026-09-30,2026-09-07,23,0–30,79,26,4300
L0167,SKU023,Lahore,2026-09-30,2026-03-18,196,90+,87,17,2600
L0168,SKU024,Islamabad,2026-09-30,2026-03-23,191,90+,92,73,3400
L0169,SKU025,Karachi,2026-09-30,2026-07-11,81,61–90,72,58,5900
L0170,SKU026,Lahore,2026-09-30,2026-03-09,205,90+,35,24,3000
L0171,SKU027,Islamabad,2026-09-30,2026-09-14,16,0–30,46,16,1000
L0172,SKU028,Karachi,2026-09-30,2026-08-13,48,31–60,86,53,4500
L0173,SKU029,Lahore,2026-09-30,2026-08-21,40,31–60,16,14,5900
L0174,SKU030,Islamabad,2026-09-30,2026-04-25,158,90+,57,43,2400
L0175,SKU031,Karachi,2026-09-30,2026-03-15,199,90+,15,6,4500
L0176,SKU032,Lahore,2026-09-30,2026-08-29,32,31–60,72,58,1800
L0177,SKU033,Islamabad,2026-09-30,2026-09-25,5,0–30,86,3,4200
L0178,SKU034,Karachi,2026-09-30,2026-07-03,89,61–90,4,1,3300
L0179,SKU035,Lahore,2026-09-30,2026-02-11,231,90+,103,72,400
L0180,SKU036,Islamabad,2026-09-30,2026-08-27,34,31–60,25,6,3300
L0181,SKU037,Karachi,2026-09-30,2026-01-30,243,90+,90,90,1600
L0182,SKU038,Lahore,2026-09-30,2026-06-09,113,90+,77,38,3400
L0183,SKU039,Islamabad,2026-09-30,2026-09-21,9,0–30,1,0,5600
L0184,SKU040,Karachi,2026-09-30,2026-09-07,23,0–30,101,9,6200
L0185,SKU041,Lahore,2026-09-30,2026-08-19,42,31–60,77,75,3600
L0186,SKU042,Islamabad,2026-09-30,2026-05-19,134,90+,27,0,1500
L0187,SKU043,Karachi,2026-09-30,2026-04-08,175,90+,62,1,600
L0188,SKU044,Lahore,2026-09-30,2026-08-26,35,31–60,50,4,6000
L0189,SKU045,Islamabad,2026-09-30,2026-05-08,145,90+,36,8,3800
L0190,SKU046,Karachi,2026-09-30,2026-09-27,3,0–30,5,0,4300
L0191,SKU047,Lahore,2026-09-30,2026-08-28,33,31–60,119,18,1200
L0192,SKU048,Islamabad,2026-09-30,2026-07-01,91,90+,92,0,3000
L0193,SKU001,Karachi,2026-09-30,2026-09-29,1,0–30,21,3,1700
L0194,SKU002,Lahore,2026-09-30,2026-08-25,36,31–60,54,32,6500
L0195,SKU003,Islamabad,2026-09-30,2026-09-29,1,0–30,103,15,400
L0196,SKU004,Karachi,2026-09-30,2026-03-03,211,90+,91,87,2200
L0197,SKU005,Lahore,2026-09-30,2026-03-28,186,90+,88,72,2000
L0198,SKU006,Islamabad,2026-09-30,2026-07-22,70,61–90,79,76,3500
L0199,SKU007,Karachi,2026-09-30,2026-06-13,109,90+,57,33,3600
L0200,SKU008,Lahore,2026-09-30,2026-06-21,101,90+,26,12,5200
L0201,SKU009,Islamabad,2026-09-30,2026-06-01,121,90+,35,26,4600
L0202,SKU010,Karachi,2026-09-30,2026-01-16,257,90+,69,52,4700
L0203,SKU011,Lahore,2026-09-30,2026-04-13,170,90+,38,18,3700
L0204,SKU012,Islamabad,2026-09-30,2026-08-26,35,31–60,15,15,1300
L0205,SKU013,Karachi,2026-09-30,2026-01-25,248,90+,118,103,2800
L0206,SKU014,Lahore,2026-09-30,2026-01-27,246,90+,101,8,1700
L0207,SKU015,Islamabad,2026-09-30,2026-03-11,203,90+,79,16,3000
L0208,SKU016,Karachi,2026-09-30,2026-07-13,79,61–90,44,1,300
L0209,SKU017,Lahore,2026-09-30,2026-03-05,209,90+,4,0,4800
L0210,SKU018,Islamabad,2026-09-30,2026-08-31,30,0–30,107,14,1600
L0211,SKU019,Karachi,2026-09-30,2026-04-14,169,90+,113,4,1800
L0212,SKU020,Lahore,2026-09-30,2026-08-28,33,31–60,33,17,3100
L0213,SKU021,Islamabad,2026-09-30,2026-09-19,11,0–30,24,22,600
L0214,SKU022,Karachi,2026-09-30,2026-01-18,255,90+,30,20,2400
L0215,SKU023,Lahore,2026-09-30,2026-09-16,14,0–30,78,4,1900
L0216,SKU024,Islamabad,2026-09-30,2026-05-21,132,90+,24,14,1600
L0217,SKU025,Karachi,2026-09-30,2026-02-17,225,90+,70,47,1400
L0218,SKU026,Lahore,2026-09-30,2026-02-08,234,90+,103,92,4300
L0219,SKU027,Islamabad,2026-09-30,2026-03-18,196,90+,114,10,3300
L0220,SKU028,Karachi,2026-09-30,2026-06-06,116,90+,19,10,4600
L0221,SKU029,Lahore,2026-09-30,2026-09-28,2,0–30,23,19,4200
L0222,SKU030,Islamabad,2026-09-30,2026-09-20,10,0–30,19,10,2100
L0223,SKU031,Karachi,2026-09-30,2026-04-16,167,90+,90,37,1900
L0224,SKU032,Lahore,2026-09-30,2026-03-21,193,90+,50,31,6300
L0225,SKU033,Islamabad,2026-09-30,2026-08-29,32,31–60,0,0,5900
L0226,SKU034,Karachi,2026-09-30,2026-03-30,184,90+,57,57,5400
L0227,SKU035,Lahore,2026-09-30,2026-05-09,144,90+,58,46,3600
L0228,SKU036,Islamabad,2026-09-30,2026-06-01,121,90+,84,8,400
L0229,SKU037,Karachi,2026-09-30,2026-07-20,72,61–90,87,35,800
L0230,SKU038,Lahore,2026-09-30,2026-01-19,254,90+,45,40,5300
L0231,SKU039,Islamabad,2026-09-30,2026-05-29,124,90+,72,72,1800
L0232,SKU040,Karachi,2026-09-30,2026-07-19,73,61–90,9,2,600
L0233,SKU041,Lahore,2026-09-30,2026-08-13,48,31–60,90,75,900
L0234,SKU042,Islamabad,2026-09-30,2026-02-15,227,90+,106,103,400
L0235,SKU043,Karachi,2026-09-30,2026-03-27,187,90+,69,64,5300
L0236,SKU044,Lahore,2026-09-30,2026-09-05,25,0–30,85,57,2100
L0237,SKU045,Islamabad,2026-09-30,2026-09-27,3,0–30,97,10,4000
L0238,SKU046,Karachi,2026-09-30,2026-07-31,61,61–90,41,30,4400
L0239,SKU047,Lahore,2026-09-30,2026-04-06,177,90+,84,69,1200
L0240,SKU048,Islamabad,2026-09-30,2026-07-05,87,61–90,117,55,4200
