OpportunityID,OwnerID,Source,Stage,CreatedDate,ClosedDate,LastActivityDate,Amount,Probability,CycleDays,IsOpen
OP0001,R1,YouTube,Won,2026-07-28,2026-09-20,2026-07-31,440000,1.0,54,0
OP0002,R2,Referral,Negotiation,2026-08-25,,2026-09-23,370000,0.75,0,1
OP0003,R3,Website,Won,2026-07-16,2026-07-20,2026-08-26,450000,1.0,4,0
OP0004,R4,Outbound,Qualified,2026-08-12,,2026-09-18,240000,0.25,0,1
OP0005,R5,YouTube,Qualified,2026-05-16,,2026-06-27,190000,0.25,0,1
OP0006,R6,Referral,Qualified,2026-09-10,,2026-09-15,290000,0.25,0,1
OP0007,R7,Website,Negotiation,2026-08-21,,2026-09-25,360000,0.75,0,1
OP0008,R8,Outbound,Negotiation,2026-07-22,,2026-08-31,140000,0.75,0,1
OP0009,R9,YouTube,Proposal,2026-04-26,,2026-07-18,430000,0.5,0,1
OP0010,R1,Referral,Negotiation,2026-09-18,,2026-09-19,430000,0.75,0,1
OP0011,R2,Website,Qualified,2026-08-18,,2026-08-25,170000,0.25,0,1
OP0012,R3,Outbound,Negotiation,2026-04-27,,2026-08-06,920000,0.75,0,1
OP0013,R4,YouTube,Negotiation,2026-07-16,,2026-07-22,700000,0.75,0,1
OP0014,R5,Referral,Proposal,2026-06-09,,2026-08-13,830000,0.5,0,1
OP0015,R6,Website,New,2026-05-08,,2026-06-23,990000,0.1,0,1
OP0016,R7,Outbound,Lost,2026-08-31,2026-09-16,2026-09-01,480000,0.0,16,0
OP0017,R8,YouTube,New,2026-07-27,,2026-08-10,950000,0.1,0,1
OP0018,R9,Referral,Won,2026-05-15,2026-07-26,2026-07-27,530000,1.0,72,0
OP0019,R1,Website,Lost,2026-06-23,2026-09-16,2026-08-14,910000,0.0,85,0
OP0020,R2,Outbound,Won,2026-05-07,2026-07-07,2026-06-19,600000,1.0,61,0
OP0021,R3,YouTube,Qualified,2026-06-16,,2026-07-02,620000,0.25,0,1
OP0022,R4,Referral,Won,2026-06-16,2026-09-09,2026-08-07,150000,1.0,85,0
OP0023,R5,Website,Qualified,2026-07-17,,2026-09-22,870000,0.25,0,1
OP0024,R6,Outbound,New,2026-08-22,,2026-09-15,440000,0.1,0,1
OP0025,R7,YouTube,Qualified,2026-07-08,,2026-09-19,80000,0.25,0,1
OP0026,R8,Referral,Won,2026-04-05,2026-08-30,2026-05-16,480000,1.0,147,0
OP0027,R9,Website,Negotiation,2026-07-30,,2026-09-12,470000,0.75,0,1
OP0028,R1,Outbound,Qualified,2026-09-03,,2026-09-03,610000,0.25,0,1
OP0029,R2,YouTube,Qualified,2026-05-07,,2026-08-09,120000,0.25,0,1
OP0030,R3,Referral,New,2026-08-29,,2026-09-20,880000,0.1,0,1
OP0031,R4,Website,Lost,2026-06-05,2026-07-29,2026-06-30,60000,0.0,54,0
OP0032,R5,Outbound,Qualified,2026-04-18,,2026-07-01,370000,0.25,0,1
OP0033,R6,YouTube,Lost,2026-07-08,2026-08-16,2026-09-29,80000,0.0,39,0
OP0034,R7,Referral,Qualified,2026-06-04,,2026-06-18,240000,0.25,0,1
OP0035,R8,Website,Qualified,2026-04-03,,2026-05-24,560000,0.25,0,1
OP0036,R9,Outbound,New,2026-04-20,,2026-07-01,210000,0.1,0,1
OP0037,R1,YouTube,Lost,2026-04-29,2026-05-14,2026-05-22,840000,0.0,15,0
OP0038,R2,Referral,Negotiation,2026-04-11,,2026-06-08,790000,0.75,0,1
OP0039,R3,Website,Proposal,2026-07-08,,2026-09-11,320000,0.5,0,1
OP0040,R4,Outbound,Qualified,2026-08-11,,2026-09-06,340000,0.25,0,1
OP0041,R5,YouTube,Negotiation,2026-09-15,,2026-09-27,120000,0.75,0,1
OP0042,R6,Referral,New,2026-09-19,,2026-09-23,320000,0.1,0,1
OP0043,R7,Website,Lost,2026-04-17,2026-06-26,2026-08-07,870000,0.0,70,0
OP0044,R8,Outbound,Proposal,2026-09-04,,2026-09-08,990000,0.5,0,1
OP0045,R9,YouTube,Proposal,2026-06-05,,2026-06-25,180000,0.5,0,1
OP0046,R1,Referral,Negotiation,2026-06-01,,2026-09-13,290000,0.75,0,1
OP0047,R2,Website,Negotiation,2026-08-04,,2026-09-09,120000,0.75,0,1
OP0048,R3,Outbound,Lost,2026-09-19,2026-09-24,2026-09-23,240000,0.0,5,0
OP0049,R4,YouTube,Proposal,2026-07-14,,2026-08-09,400000,0.5,0,1
OP0050,R5,Referral,Negotiation,2026-05-22,,2026-09-12,300000,0.75,0,1
OP0051,R6,Website,Negotiation,2026-06-15,,2026-07-01,570000,0.75,0,1
OP0052,R7,Outbound,Negotiation,2026-05-21,,2026-08-24,330000,0.75,0,1
OP0053,R8,YouTube,Proposal,2026-07-14,,2026-09-26,140000,0.5,0,1
OP0054,R9,Referral,Won,2026-08-30,2026-08-30,2026-09-28,500000,1.0,0,0
OP0055,R1,Website,Negotiation,2026-08-31,,2026-09-08,820000,0.75,0,1
OP0056,R2,Outbound,Qualified,2026-09-25,,2026-09-27,380000,0.25,0,1
OP0057,R3,YouTube,Negotiation,2026-08-15,,2026-09-28,240000,0.75,0,1
OP0058,R4,Referral,Proposal,2026-06-20,,2026-08-09,400000,0.5,0,1
OP0059,R5,Website,Negotiation,2026-09-03,,2026-09-06,100000,0.75,0,1
OP0060,R6,Outbound,Negotiation,2026-06-10,,2026-07-27,260000,0.75,0,1
OP0061,R7,YouTube,Lost,2026-08-07,2026-09-01,2026-08-08,920000,0.0,25,0
OP0062,R8,Referral,Lost,2026-08-28,2026-09-17,2026-09-02,850000,0.0,20,0
OP0063,R9,Website,Negotiation,2026-06-03,,2026-08-01,100000,0.75,0,1
OP0064,R1,Outbound,New,2026-09-07,,2026-09-07,250000,0.1,0,1
OP0065,R2,YouTube,Qualified,2026-09-24,,2026-09-28,470000,0.25,0,1
OP0066,R3,Referral,Lost,2026-06-15,2026-08-18,2026-07-23,970000,0.0,64,0
OP0067,R4,Website,Negotiation,2026-07-18,,2026-08-26,840000,0.75,0,1
OP0068,R5,Outbound,Proposal,2026-06-01,,2026-07-19,560000,0.5,0,1
OP0069,R6,YouTube,Negotiation,2026-09-11,,2026-09-22,240000,0.75,0,1
OP0070,R7,Referral,Qualified,2026-05-26,,2026-06-15,210000,0.25,0,1
OP0071,R8,Website,New,2026-08-20,,2026-09-25,710000,0.1,0,1
OP0072,R9,Outbound,Qualified,2026-04-14,,2026-07-03,250000,0.25,0,1
OP0073,R1,YouTube,Qualified,2026-04-23,,2026-07-16,180000,0.25,0,1
OP0074,R2,Referral,New,2026-04-18,,2026-08-16,480000,0.1,0,1
OP0075,R3,Website,Negotiation,2026-07-05,,2026-07-14,490000,0.75,0,1
OP0076,R4,Outbound,New,2026-06-30,,2026-07-07,420000,0.1,0,1
OP0077,R5,YouTube,Won,2026-06-18,2026-06-30,2026-09-02,250000,1.0,12,0
OP0078,R6,Referral,Won,2026-05-02,2026-08-23,2026-08-27,830000,1.0,113,0
OP0079,R7,Website,New,2026-08-02,,2026-08-15,380000,0.1,0,1
OP0080,R8,Outbound,New,2026-08-03,,2026-09-21,650000,0.1,0,1
OP0081,R9,YouTube,Lost,2026-05-11,2026-07-19,2026-06-12,460000,0.0,69,0
OP0082,R1,Referral,Negotiation,2026-08-28,,2026-09-04,480000,0.75,0,1
OP0083,R2,Website,Proposal,2026-06-20,,2026-07-29,320000,0.5,0,1
OP0084,R3,Outbound,Proposal,2026-06-24,,2026-08-12,760000,0.5,0,1
OP0085,R4,YouTube,Lost,2026-09-19,2026-09-22,2026-09-26,520000,0.0,3,0
OP0086,R5,Referral,Qualified,2026-08-21,,2026-08-26,430000,0.25,0,1
OP0087,R6,Website,Proposal,2026-04-05,,2026-04-07,70000,0.5,0,1
OP0088,R7,Outbound,New,2026-04-23,,2026-08-14,290000,0.1,0,1
OP0089,R8,YouTube,Qualified,2026-04-25,,2026-07-14,610000,0.25,0,1
OP0090,R9,Referral,Won,2026-05-28,2026-06-22,2026-09-28,630000,1.0,25,0
OP0091,R1,Website,Negotiation,2026-04-08,,2026-05-04,160000,0.75,0,1
OP0092,R2,Outbound,Won,2026-07-22,2026-08-10,2026-08-12,500000,1.0,19,0
OP0093,R3,YouTube,Won,2026-05-09,2026-05-12,2026-06-11,610000,1.0,3,0
OP0094,R4,Referral,New,2026-06-16,,2026-09-14,230000,0.1,0,1
OP0095,R5,Website,Proposal,2026-09-16,,2026-09-30,320000,0.5,0,1
OP0096,R6,Outbound,Negotiation,2026-07-31,,2026-08-08,670000,0.75,0,1
OP0097,R7,YouTube,Negotiation,2026-09-16,,2026-09-27,760000,0.75,0,1
OP0098,R8,Referral,Negotiation,2026-09-28,,2026-09-30,240000,0.75,0,1
OP0099,R9,Website,Negotiation,2026-05-27,,2026-09-17,660000,0.75,0,1
OP0100,R1,Outbound,Proposal,2026-08-04,,2026-09-18,960000,0.5,0,1
OP0101,R2,YouTube,Won,2026-06-21,2026-09-09,2026-07-07,740000,1.0,80,0
OP0102,R3,Referral,Won,2026-09-01,2026-09-04,2026-09-17,190000,1.0,3,0
OP0103,R4,Website,Qualified,2026-09-14,,2026-09-16,210000,0.25,0,1
OP0104,R5,Outbound,Negotiation,2026-09-14,,2026-09-18,340000,0.75,0,1
OP0105,R6,YouTube,Negotiation,2026-04-07,,2026-07-15,400000,0.75,0,1
OP0106,R7,Referral,Lost,2026-09-17,2026-09-27,2026-09-22,520000,0.0,10,0
OP0107,R8,Website,Qualified,2026-07-04,,2026-09-06,470000,0.25,0,1
OP0108,R9,Outbound,New,2026-08-24,,2026-09-30,610000,0.1,0,1
OP0109,R1,YouTube,New,2026-08-11,,2026-09-30,50000,0.1,0,1
OP0110,R2,Referral,Negotiation,2026-05-12,,2026-09-23,320000,0.75,0,1
OP0111,R3,Website,Qualified,2026-05-04,,2026-06-29,740000,0.25,0,1
OP0112,R4,Outbound,Negotiation,2026-05-20,,2026-09-07,340000,0.75,0,1
OP0113,R5,YouTube,New,2026-08-28,,2026-09-03,540000,0.1,0,1
OP0114,R6,Referral,Won,2026-06-29,2026-09-30,2026-08-12,430000,1.0,93,0
OP0115,R7,Website,Proposal,2026-09-26,,2026-09-29,270000,0.5,0,1
OP0116,R8,Outbound,Negotiation,2026-09-14,,2026-09-28,420000,0.75,0,1
OP0117,R9,YouTube,Proposal,2026-07-29,,2026-08-02,670000,0.5,0,1
OP0118,R1,Referral,Qualified,2026-04-08,,2026-06-07,90000,0.25,0,1
OP0119,R2,Website,Qualified,2026-05-23,,2026-06-23,170000,0.25,0,1
OP0120,R3,Outbound,Won,2026-06-18,2026-07-09,2026-09-13,90000,1.0,21,0
OP0121,R4,YouTube,Negotiation,2026-07-25,,2026-08-30,60000,0.75,0,1
OP0122,R5,Referral,New,2026-09-25,,2026-09-28,700000,0.1,0,1
OP0123,R6,Website,Won,2026-07-04,2026-09-07,2026-09-24,880000,1.0,65,0
OP0124,R7,Outbound,Qualified,2026-07-29,,2026-09-18,780000,0.25,0,1
OP0125,R8,YouTube,Qualified,2026-09-04,,2026-09-05,330000,0.25,0,1
OP0126,R9,Referral,Won,2026-06-02,2026-08-27,2026-07-01,860000,1.0,86,0
OP0127,R1,Website,Won,2026-07-20,2026-08-01,2026-08-10,170000,1.0,12,0
OP0128,R2,Outbound,Won,2026-09-01,2026-09-26,2026-09-27,740000,1.0,25,0
OP0129,R3,YouTube,Qualified,2026-07-22,,2026-09-07,210000,0.25,0,1
OP0130,R4,Referral,Lost,2026-07-07,2026-09-29,2026-08-29,250000,0.0,84,0
OP0131,R5,Website,Qualified,2026-04-13,,2026-07-27,930000,0.25,0,1
OP0132,R6,Outbound,Negotiation,2026-09-06,,2026-09-26,50000,0.75,0,1
OP0133,R7,YouTube,Won,2026-06-02,2026-08-18,2026-09-14,670000,1.0,77,0
OP0134,R8,Referral,Lost,2026-05-26,2026-09-15,2026-09-15,190000,0.0,112,0
OP0135,R9,Website,Negotiation,2026-04-05,,2026-04-12,840000,0.75,0,1
OP0136,R1,Outbound,Proposal,2026-08-20,,2026-09-09,180000,0.5,0,1
OP0137,R2,YouTube,Proposal,2026-07-01,,2026-09-21,60000,0.5,0,1
OP0138,R3,Referral,Won,2026-06-25,2026-08-25,2026-07-09,990000,1.0,61,0
OP0139,R4,Website,Proposal,2026-05-27,,2026-08-17,480000,0.5,0,1
OP0140,R5,Outbound,New,2026-06-14,,2026-08-03,370000,0.1,0,1
OP0141,R6,YouTube,Lost,2026-06-23,2026-06-23,2026-08-19,860000,0.0,0,0
OP0142,R7,Referral,Proposal,2026-04-30,,2026-06-27,790000,0.5,0,1
OP0143,R8,Website,New,2026-05-20,,2026-08-18,120000,0.1,0,1
OP0144,R9,Outbound,Proposal,2026-04-20,,2026-09-17,740000,0.5,0,1
OP0145,R1,YouTube,New,2026-08-26,,2026-08-27,510000,0.1,0,1
OP0146,R2,Referral,Proposal,2026-07-15,,2026-08-10,140000,0.5,0,1
OP0147,R3,Website,Negotiation,2026-09-19,,2026-09-29,780000,0.75,0,1
OP0148,R4,Outbound,Proposal,2026-05-26,,2026-06-17,780000,0.5,0,1
OP0149,R5,YouTube,Qualified,2026-06-30,,2026-08-06,760000,0.25,0,1
OP0150,R6,Referral,New,2026-07-10,,2026-09-30,560000,0.1,0,1
OP0151,R7,Website,Lost,2026-07-07,2026-07-22,2026-08-07,530000,0.0,15,0
OP0152,R8,Outbound,Lost,2026-06-19,2026-07-20,2026-06-22,140000,0.0,31,0
OP0153,R9,YouTube,Negotiation,2026-06-05,,2026-08-26,150000,0.75,0,1
OP0154,R1,Referral,Lost,2026-09-01,2026-09-13,2026-09-16,880000,0.0,12,0
OP0155,R2,Website,Proposal,2026-09-08,,2026-09-08,580000,0.5,0,1
OP0156,R3,Outbound,Qualified,2026-06-13,,2026-07-26,490000,0.25,0,1
OP0157,R4,YouTube,New,2026-06-04,,2026-09-07,190000,0.1,0,1
OP0158,R5,Referral,New,2026-05-17,,2026-09-28,440000,0.1,0,1
OP0159,R6,Website,Negotiation,2026-06-13,,2026-07-03,510000,0.75,0,1
OP0160,R7,Outbound,Lost,2026-04-23,2026-08-28,2026-08-10,340000,0.0,127,0
OP0161,R8,YouTube,Negotiation,2026-07-28,,2026-09-28,280000,0.75,0,1
OP0162,R9,Referral,Proposal,2026-06-11,,2026-08-20,920000,0.5,0,1
OP0163,R1,Website,Qualified,2026-07-14,,2026-09-04,840000,0.25,0,1
OP0164,R2,Outbound,Proposal,2026-06-21,,2026-06-25,350000,0.5,0,1
OP0165,R3,YouTube,Proposal,2026-04-17,,2026-05-07,760000,0.5,0,1
OP0166,R4,Referral,New,2026-05-10,,2026-06-02,880000,0.1,0,1
OP0167,R5,Website,Lost,2026-05-18,2026-07-09,2026-08-22,370000,0.0,52,0
OP0168,R6,Outbound,Lost,2026-07-21,2026-08-07,2026-08-21,460000,0.0,17,0
OP0169,R7,YouTube,Negotiation,2026-06-09,,2026-09-04,870000,0.75,0,1
OP0170,R8,Referral,Qualified,2026-09-04,,2026-09-10,130000,0.25,0,1
OP0171,R9,Website,Qualified,2026-08-22,,2026-09-15,960000,0.25,0,1
OP0172,R1,Outbound,Negotiation,2026-07-25,,2026-09-18,410000,0.75,0,1
OP0173,R2,YouTube,Negotiation,2026-05-20,,2026-09-12,450000,0.75,0,1
OP0174,R3,Referral,New,2026-07-14,,2026-08-21,500000,0.1,0,1
OP0175,R4,Website,Proposal,2026-08-25,,2026-09-07,990000,0.5,0,1
OP0176,R5,Outbound,Negotiation,2026-08-14,,2026-08-15,540000,0.75,0,1
OP0177,R6,YouTube,Lost,2026-09-14,2026-09-15,2026-09-17,200000,0.0,1,0
OP0178,R7,Referral,Won,2026-06-14,2026-07-28,2026-09-17,90000,1.0,44,0
OP0179,R8,Website,New,2026-05-07,,2026-08-20,690000,0.1,0,1
OP0180,R9,Outbound,Proposal,2026-09-07,,2026-09-09,440000,0.5,0,1
OP0181,R1,YouTube,Lost,2026-09-16,2026-09-21,2026-09-20,770000,0.0,5,0
OP0182,R2,Referral,Won,2026-06-28,2026-09-07,2026-08-31,130000,1.0,71,0
OP0183,R3,Website,Lost,2026-09-01,2026-09-17,2026-09-16,870000,0.0,16,0
OP0184,R4,Outbound,Lost,2026-07-08,2026-09-21,2026-07-16,560000,0.0,75,0
OP0185,R5,YouTube,Negotiation,2026-08-04,,2026-09-29,970000,0.75,0,1
OP0186,R6,Referral,Negotiation,2026-05-06,,2026-06-13,210000,0.75,0,1
OP0187,R7,Website,Qualified,2026-09-27,,2026-09-27,980000,0.25,0,1
OP0188,R8,Outbound,Lost,2026-04-05,2026-04-26,2026-04-19,730000,0.0,21,0
OP0189,R9,YouTube,Proposal,2026-06-22,,2026-08-23,650000,0.5,0,1
OP0190,R1,Referral,New,2026-09-26,,2026-09-29,620000,0.1,0,1
OP0191,R2,Website,Negotiation,2026-05-22,,2026-07-18,110000,0.75,0,1
OP0192,R3,Outbound,Won,2026-06-04,2026-07-30,2026-06-10,890000,1.0,56,0
OP0193,R4,YouTube,Proposal,2026-07-14,,2026-09-09,420000,0.5,0,1
OP0194,R5,Referral,Qualified,2026-04-07,,2026-09-25,690000,0.25,0,1
OP0195,R6,Website,Qualified,2026-05-14,,2026-06-13,880000,0.25,0,1
OP0196,R7,Outbound,Negotiation,2026-04-08,,2026-07-04,120000,0.75,0,1
OP0197,R8,YouTube,Qualified,2026-06-21,,2026-07-29,910000,0.25,0,1
OP0198,R9,Referral,Won,2026-05-07,2026-07-24,2026-05-07,930000,1.0,78,0
OP0199,R1,Website,Qualified,2026-05-26,,2026-09-14,430000,0.25,0,1
OP0200,R2,Outbound,Proposal,2026-08-08,,2026-08-23,190000,0.5,0,1
OP0201,R3,YouTube,Negotiation,2026-05-06,,2026-08-02,270000,0.75,0,1
OP0202,R4,Referral,Won,2026-07-16,2026-09-03,2026-08-07,950000,1.0,49,0
OP0203,R5,Website,Proposal,2026-05-06,,2026-08-08,850000,0.5,0,1
OP0204,R6,Outbound,Negotiation,2026-06-24,,2026-08-05,320000,0.75,0,1
OP0205,R7,YouTube,New,2026-04-11,,2026-08-11,240000,0.1,0,1
OP0206,R8,Referral,Qualified,2026-09-10,,2026-09-28,540000,0.25,0,1
OP0207,R9,Website,Negotiation,2026-08-02,,2026-09-21,290000,0.75,0,1
OP0208,R1,Outbound,Proposal,2026-04-11,,2026-07-23,770000,0.5,0,1
OP0209,R2,YouTube,Qualified,2026-07-24,,2026-09-09,750000,0.25,0,1
OP0210,R3,Referral,Won,2026-08-31,2026-09-14,2026-09-26,760000,1.0,14,0
OP0211,R4,Website,Won,2026-09-21,2026-09-23,2026-09-25,260000,1.0,2,0
OP0212,R5,Outbound,Won,2026-04-12,2026-07-14,2026-04-23,370000,1.0,93,0
OP0213,R6,YouTube,Won,2026-04-20,2026-09-20,2026-09-20,110000,1.0,153,0
OP0214,R7,Referral,Qualified,2026-09-18,,2026-09-22,440000,0.25,0,1
OP0215,R8,Website,Proposal,2026-07-17,,2026-07-31,340000,0.5,0,1
OP0216,R9,Outbound,Qualified,2026-06-06,,2026-08-18,120000,0.25,0,1
OP0217,R1,YouTube,Qualified,2026-06-02,,2026-06-23,120000,0.25,0,1
OP0218,R2,Referral,Proposal,2026-08-27,,2026-09-05,370000,0.5,0,1
OP0219,R3,Website,Lost,2026-04-05,2026-08-01,2026-07-03,490000,0.0,118,0
OP0220,R4,Outbound,Proposal,2026-04-25,,2026-08-12,520000,0.5,0,1
OP0221,R5,YouTube,Proposal,2026-06-24,,2026-09-17,630000,0.5,0,1
OP0222,R6,Referral,Qualified,2026-08-19,,2026-09-11,200000,0.25,0,1
OP0223,R7,Website,Negotiation,2026-08-26,,2026-09-17,510000,0.75,0,1
OP0224,R8,Outbound,New,2026-04-08,,2026-06-01,80000,0.1,0,1
OP0225,R9,YouTube,Lost,2026-09-04,2026-09-30,2026-09-11,910000,0.0,26,0
OP0226,R1,Referral,Lost,2026-09-22,2026-09-26,2026-09-29,590000,0.0,4,0
OP0227,R2,Website,Won,2026-06-20,2026-07-06,2026-08-07,990000,1.0,16,0
OP0228,R3,Outbound,Proposal,2026-08-16,,2026-09-09,530000,0.5,0,1
OP0229,R4,YouTube,New,2026-09-27,,2026-09-28,110000,0.1,0,1
OP0230,R5,Referral,Lost,2026-09-27,2026-09-27,2026-09-29,650000,0.0,0,0
OP0231,R6,Website,Proposal,2026-08-18,,2026-09-17,280000,0.5,0,1
OP0232,R7,Outbound,Lost,2026-07-21,2026-08-16,2026-08-10,560000,0.0,26,0
OP0233,R8,YouTube,Qualified,2026-06-10,,2026-07-28,700000,0.25,0,1
OP0234,R9,Referral,Won,2026-04-12,2026-05-24,2026-06-11,520000,1.0,42,0
OP0235,R1,Website,Won,2026-04-07,2026-08-10,2026-09-03,170000,1.0,125,0
OP0236,R2,Outbound,Negotiation,2026-09-10,,2026-09-23,800000,0.75,0,1
OP0237,R3,YouTube,Lost,2026-05-14,2026-05-26,2026-06-04,190000,0.0,12,0
OP0238,R4,Referral,Qualified,2026-06-12,,2026-09-10,530000,0.25,0,1
OP0239,R5,Website,Qualified,2026-06-23,,2026-09-06,580000,0.25,0,1
OP0240,R6,Outbound,Qualified,2026-07-24,,2026-08-27,150000,0.25,0,1
OP0241,R7,YouTube,Negotiation,2026-07-02,,2026-07-12,950000,0.75,0,1
OP0242,R8,Referral,Qualified,2026-05-17,,2026-09-04,610000,0.25,0,1
OP0243,R9,Website,Lost,2026-04-03,2026-06-23,2026-07-01,750000,0.0,81,0
OP0244,R1,Outbound,New,2026-05-03,,2026-05-29,800000,0.1,0,1
OP0245,R2,YouTube,New,2026-07-26,,2026-09-11,440000,0.1,0,1
OP0246,R3,Referral,Won,2026-07-31,2026-09-29,2026-08-10,460000,1.0,60,0
OP0247,R4,Website,Negotiation,2026-07-21,,2026-09-07,360000,0.75,0,1
OP0248,R5,Outbound,New,2026-04-18,,2026-07-13,680000,0.1,0,1
OP0249,R6,YouTube,Negotiation,2026-06-25,,2026-07-04,430000,0.75,0,1
OP0250,R7,Referral,New,2026-04-05,,2026-06-06,160000,0.1,0,1
OP0251,R8,Website,Proposal,2026-04-16,,2026-08-02,180000,0.5,0,1
OP0252,R9,Outbound,Lost,2026-09-13,2026-09-13,2026-09-30,110000,0.0,0,0
OP0253,R1,YouTube,Won,2026-09-08,2026-09-10,2026-09-24,570000,1.0,2,0
OP0254,R2,Referral,Won,2026-09-17,2026-09-18,2026-09-17,480000,1.0,1,0
OP0255,R3,Website,Won,2026-07-10,2026-08-29,2026-07-10,380000,1.0,50,0
OP0256,R4,Outbound,New,2026-04-15,,2026-05-22,560000,0.1,0,1
OP0257,R5,YouTube,Qualified,2026-06-11,,2026-08-05,580000,0.25,0,1
OP0258,R6,Referral,New,2026-09-20,,2026-09-22,440000,0.1,0,1
OP0259,R7,Website,New,2026-06-04,,2026-07-03,580000,0.1,0,1
OP0260,R8,Outbound,New,2026-07-31,,2026-09-19,790000,0.1,0,1
OP0261,R9,YouTube,Proposal,2026-04-25,,2026-06-14,290000,0.5,0,1
OP0262,R1,Referral,Qualified,2026-04-18,,2026-05-09,410000,0.25,0,1
OP0263,R2,Website,Lost,2026-09-16,2026-09-26,2026-09-30,730000,0.0,10,0
OP0264,R3,Outbound,Lost,2026-07-25,2026-08-03,2026-09-12,560000,0.0,9,0
OP0265,R4,YouTube,Won,2026-08-08,2026-08-25,2026-09-28,920000,1.0,17,0
OP0266,R5,Referral,Negotiation,2026-09-03,,2026-09-18,570000,0.75,0,1
OP0267,R6,Website,Proposal,2026-09-19,,2026-09-29,940000,0.5,0,1
OP0268,R7,Outbound,New,2026-08-22,,2026-09-27,320000,0.1,0,1
OP0269,R8,YouTube,New,2026-06-18,,2026-08-02,770000,0.1,0,1
OP0270,R9,Referral,New,2026-05-13,,2026-09-18,350000,0.1,0,1
OP0271,R1,Website,New,2026-04-18,,2026-08-23,300000,0.1,0,1
OP0272,R2,Outbound,Won,2026-09-23,2026-09-24,2026-09-30,880000,1.0,1,0
OP0273,R3,YouTube,New,2026-05-28,,2026-06-08,410000,0.1,0,1
OP0274,R4,Referral,Negotiation,2026-08-21,,2026-09-17,540000,0.75,0,1
OP0275,R5,Website,Lost,2026-04-30,2026-09-21,2026-08-29,180000,0.0,144,0
OP0276,R6,Outbound,Won,2026-08-29,2026-09-17,2026-09-22,470000,1.0,19,0
OP0277,R7,YouTube,Proposal,2026-07-08,,2026-09-28,680000,0.5,0,1
OP0278,R8,Referral,Won,2026-07-22,2026-09-26,2026-09-03,130000,1.0,66,0
OP0279,R9,Website,Proposal,2026-09-08,,2026-09-18,660000,0.5,0,1
OP0280,R1,Outbound,Negotiation,2026-04-22,,2026-07-12,730000,0.75,0,1
OP0281,R2,YouTube,New,2026-08-06,,2026-09-11,800000,0.1,0,1
OP0282,R3,Referral,New,2026-05-19,,2026-09-12,300000,0.1,0,1
OP0283,R4,Website,Qualified,2026-04-24,,2026-05-27,600000,0.25,0,1
OP0284,R5,Outbound,Won,2026-07-20,2026-07-27,2026-08-23,270000,1.0,7,0
OP0285,R6,YouTube,Negotiation,2026-06-12,,2026-09-13,600000,0.75,0,1
OP0286,R7,Referral,Won,2026-07-19,2026-09-28,2026-07-25,290000,1.0,71,0
OP0287,R8,Website,Lost,2026-09-14,2026-09-29,2026-09-27,400000,0.0,15,0
OP0288,R9,Outbound,Lost,2026-07-24,2026-08-17,2026-08-30,160000,0.0,24,0
OP0289,R1,YouTube,Lost,2026-05-12,2026-07-20,2026-06-04,100000,0.0,69,0
OP0290,R2,Referral,Won,2026-05-24,2026-05-24,2026-08-04,860000,1.0,0,0
OP0291,R3,Website,Proposal,2026-08-24,,2026-09-15,830000,0.5,0,1
OP0292,R4,Outbound,Proposal,2026-08-27,,2026-09-24,380000,0.5,0,1
OP0293,R5,YouTube,Proposal,2026-07-22,,2026-07-27,430000,0.5,0,1
OP0294,R6,Referral,Lost,2026-07-29,2026-08-21,2026-08-27,870000,0.0,23,0
OP0295,R7,Website,Won,2026-07-25,2026-08-21,2026-08-10,310000,1.0,27,0
OP0296,R8,Outbound,New,2026-07-02,,2026-09-27,60000,0.1,0,1
OP0297,R9,YouTube,Negotiation,2026-09-17,,2026-09-19,820000,0.75,0,1
OP0298,R1,Referral,Lost,2026-04-27,2026-09-30,2026-08-12,180000,0.0,156,0
OP0299,R2,Website,Qualified,2026-08-30,,2026-09-25,430000,0.25,0,1
OP0300,R3,Outbound,New,2026-09-14,,2026-09-23,570000,0.1,0,1
OP0301,R4,YouTube,Proposal,2026-07-14,,2026-09-05,460000,0.5,0,1
OP0302,R5,Referral,Won,2026-05-05,2026-08-28,2026-09-12,670000,1.0,115,0
OP0303,R6,Website,Won,2026-04-17,2026-09-09,2026-08-27,260000,1.0,145,0
OP0304,R7,Outbound,Negotiation,2026-08-06,,2026-08-23,670000,0.75,0,1
OP0305,R8,YouTube,Won,2026-06-26,2026-09-05,2026-09-13,290000,1.0,71,0
OP0306,R9,Referral,Qualified,2026-05-23,,2026-07-27,960000,0.25,0,1
OP0307,R1,Website,Lost,2026-07-10,2026-09-18,2026-09-30,110000,0.0,70,0
OP0308,R2,Outbound,Won,2026-06-06,2026-09-30,2026-08-02,810000,1.0,116,0
OP0309,R3,YouTube,Qualified,2026-06-01,,2026-08-20,470000,0.25,0,1
OP0310,R4,Referral,Proposal,2026-06-22,,2026-07-02,780000,0.5,0,1
OP0311,R5,Website,Lost,2026-04-05,2026-09-24,2026-09-09,920000,0.0,172,0
OP0312,R6,Outbound,Won,2026-06-26,2026-07-04,2026-07-27,360000,1.0,8,0
OP0313,R7,YouTube,New,2026-05-20,,2026-05-25,390000,0.1,0,1
OP0314,R8,Referral,Proposal,2026-09-16,,2026-09-29,800000,0.5,0,1
OP0315,R9,Website,Negotiation,2026-04-23,,2026-08-19,820000,0.75,0,1
OP0316,R1,Outbound,Qualified,2026-06-17,,2026-07-31,460000,0.25,0,1
OP0317,R2,YouTube,Qualified,2026-09-15,,2026-09-27,570000,0.25,0,1
OP0318,R3,Referral,Negotiation,2026-06-23,,2026-09-09,130000,0.75,0,1
OP0319,R4,Website,Lost,2026-09-11,2026-09-26,2026-09-26,930000,0.0,15,0
OP0320,R5,Outbound,New,2026-05-30,,2026-06-14,850000,0.1,0,1
OP0321,R6,YouTube,Proposal,2026-05-24,,2026-07-06,320000,0.5,0,1
OP0322,R7,Referral,New,2026-09-12,,2026-09-20,950000,0.1,0,1
OP0323,R8,Website,Won,2026-07-13,2026-09-19,2026-09-28,670000,1.0,68,0
OP0324,R9,Outbound,Proposal,2026-08-05,,2026-08-26,720000,0.5,0,1
OP0325,R1,YouTube,Negotiation,2026-04-17,,2026-04-24,360000,0.75,0,1
OP0326,R2,Referral,Won,2026-09-12,2026-09-17,2026-09-16,530000,1.0,5,0
OP0327,R3,Website,Lost,2026-07-14,2026-09-05,2026-08-16,800000,0.0,53,0
OP0328,R4,Outbound,New,2026-04-08,,2026-06-07,490000,0.1,0,1
OP0329,R5,YouTube,Negotiation,2026-06-24,,2026-09-10,170000,0.75,0,1
OP0330,R6,Referral,Qualified,2026-04-16,,2026-05-07,250000,0.25,0,1
OP0331,R7,Website,Proposal,2026-07-07,,2026-07-29,290000,0.5,0,1
OP0332,R8,Outbound,Lost,2026-09-29,2026-09-29,2026-09-29,500000,0.0,0,0
OP0333,R9,YouTube,Negotiation,2026-08-22,,2026-08-29,210000,0.75,0,1
OP0334,R1,Referral,Qualified,2026-04-25,,2026-07-19,500000,0.25,0,1
OP0335,R2,Website,Lost,2026-06-26,2026-08-18,2026-08-18,580000,0.0,53,0
OP0336,R3,Outbound,Lost,2026-07-24,2026-09-02,2026-09-01,430000,0.0,40,0
OP0337,R4,YouTube,Won,2026-04-30,2026-07-24,2026-08-15,410000,1.0,85,0
OP0338,R5,Referral,Proposal,2026-05-18,,2026-09-24,900000,0.5,0,1
OP0339,R6,Website,Lost,2026-08-11,2026-08-19,2026-09-14,340000,0.0,8,0
OP0340,R7,Outbound,Proposal,2026-06-08,,2026-09-17,550000,0.5,0,1
OP0341,R8,YouTube,Won,2026-05-27,2026-06-18,2026-09-28,860000,1.0,22,0
OP0342,R9,Referral,Won,2026-06-18,2026-08-03,2026-09-08,530000,1.0,46,0
OP0343,R1,Website,Won,2026-07-21,2026-08-04,2026-08-15,310000,1.0,14,0
OP0344,R2,Outbound,Lost,2026-08-01,2026-09-17,2026-08-06,140000,0.0,47,0
OP0345,R3,YouTube,Proposal,2026-06-30,,2026-08-19,400000,0.5,0,1
OP0346,R4,Referral,Negotiation,2026-07-03,,2026-07-14,950000,0.75,0,1
OP0347,R5,Website,Lost,2026-07-28,2026-09-22,2026-08-27,570000,0.0,56,0
OP0348,R6,Outbound,Negotiation,2026-06-30,,2026-09-19,430000,0.75,0,1
OP0349,R7,YouTube,Won,2026-07-31,2026-08-14,2026-08-25,600000,1.0,14,0
OP0350,R8,Referral,Won,2026-05-08,2026-05-30,2026-07-31,490000,1.0,22,0
OP0351,R9,Website,Proposal,2026-07-02,,2026-09-28,220000,0.5,0,1
OP0352,R1,Outbound,Lost,2026-09-03,2026-09-29,2026-09-14,970000,0.0,26,0
OP0353,R2,YouTube,Lost,2026-04-17,2026-08-29,2026-07-18,300000,0.0,134,0
OP0354,R3,Referral,New,2026-04-04,,2026-07-11,260000,0.1,0,1
OP0355,R4,Website,Proposal,2026-09-12,,2026-09-24,620000,0.5,0,1
OP0356,R5,Outbound,Proposal,2026-09-05,,2026-09-24,210000,0.5,0,1
OP0357,R6,YouTube,Lost,2026-08-22,2026-09-25,2026-09-22,80000,0.0,34,0
OP0358,R7,Referral,Negotiation,2026-07-02,,2026-07-05,860000,0.75,0,1
OP0359,R8,Website,Lost,2026-04-22,2026-07-12,2026-05-20,970000,0.0,81,0
OP0360,R9,Outbound,Negotiation,2026-05-20,,2026-05-29,80000,0.75,0,1
OP0361,R1,YouTube,Lost,2026-05-15,2026-09-20,2026-07-15,690000,0.0,128,0
OP0362,R2,Referral,Won,2026-05-06,2026-05-22,2026-05-27,420000,1.0,16,0
OP0363,R3,Website,Lost,2026-04-10,2026-08-25,2026-05-03,740000,0.0,137,0
OP0364,R4,Outbound,Qualified,2026-06-17,,2026-07-21,310000,0.25,0,1
OP0365,R5,YouTube,Lost,2026-09-21,2026-09-28,2026-09-22,430000,0.0,7,0
OP0366,R6,Referral,New,2026-04-25,,2026-05-09,840000,0.1,0,1
OP0367,R7,Website,Negotiation,2026-08-07,,2026-08-27,200000,0.75,0,1
OP0368,R8,Outbound,Lost,2026-06-03,2026-06-12,2026-09-08,100000,0.0,9,0
OP0369,R9,YouTube,Lost,2026-07-01,2026-08-10,2026-08-04,630000,0.0,40,0
OP0370,R1,Referral,Negotiation,2026-05-02,,2026-09-05,50000,0.75,0,1
OP0371,R2,Website,New,2026-05-19,,2026-06-27,710000,0.1,0,1
OP0372,R3,Outbound,Qualified,2026-08-12,,2026-08-24,730000,0.25,0,1
OP0373,R4,YouTube,Qualified,2026-06-23,,2026-09-17,750000,0.25,0,1
OP0374,R5,Referral,Proposal,2026-09-14,,2026-09-16,750000,0.5,0,1
OP0375,R6,Website,Proposal,2026-09-04,,2026-09-21,60000,0.5,0,1
OP0376,R7,Outbound,New,2026-09-28,,2026-09-28,970000,0.1,0,1
OP0377,R8,YouTube,Proposal,2026-08-10,,2026-09-11,620000,0.5,0,1
OP0378,R9,Referral,Won,2026-05-15,2026-09-15,2026-05-17,730000,1.0,123,0
OP0379,R1,Website,Won,2026-06-22,2026-09-01,2026-09-02,50000,1.0,71,0
OP0380,R2,Outbound,Lost,2026-05-08,2026-09-23,2026-06-08,980000,0.0,138,0
OP0381,R3,YouTube,Proposal,2026-04-12,,2026-06-22,910000,0.5,0,1
OP0382,R4,Referral,Proposal,2026-08-29,,2026-09-16,910000,0.5,0,1
OP0383,R5,Website,Proposal,2026-08-05,,2026-09-30,670000,0.5,0,1
OP0384,R6,Outbound,Proposal,2026-07-04,,2026-07-19,620000,0.5,0,1
OP0385,R7,YouTube,Negotiation,2026-08-18,,2026-09-23,980000,0.75,0,1
OP0386,R8,Referral,Won,2026-09-08,2026-09-17,2026-09-13,850000,1.0,9,0
OP0387,R9,Website,Negotiation,2026-09-18,,2026-09-23,820000,0.75,0,1
OP0388,R1,Outbound,Negotiation,2026-07-19,,2026-07-19,670000,0.75,0,1
OP0389,R2,YouTube,New,2026-05-21,,2026-09-14,550000,0.1,0,1
OP0390,R3,Referral,Qualified,2026-08-25,,2026-09-02,610000,0.25,0,1
OP0391,R4,Website,Won,2026-07-14,2026-08-05,2026-09-08,790000,1.0,22,0
OP0392,R5,Outbound,Lost,2026-08-01,2026-09-13,2026-09-08,600000,0.0,43,0
OP0393,R6,YouTube,Proposal,2026-06-20,,2026-07-01,340000,0.5,0,1
OP0394,R7,Referral,Won,2026-07-27,2026-08-23,2026-09-19,880000,1.0,27,0
OP0395,R8,Website,Lost,2026-09-05,2026-09-30,2026-09-24,410000,0.0,25,0
OP0396,R9,Outbound,Proposal,2026-04-10,,2026-06-10,830000,0.5,0,1
OP0397,R1,YouTube,Lost,2026-09-06,2026-09-19,2026-09-21,450000,0.0,13,0
OP0398,R2,Referral,Won,2026-07-14,2026-08-14,2026-09-21,700000,1.0,31,0
OP0399,R3,Website,Won,2026-06-21,2026-07-31,2026-06-25,450000,1.0,40,0
OP0400,R4,Outbound,Qualified,2026-08-13,,2026-09-01,430000,0.25,0,1
OP0401,R5,YouTube,Proposal,2026-08-16,,2026-08-16,260000,0.5,0,1
OP0402,R6,Referral,Qualified,2026-08-28,,2026-09-14,620000,0.25,0,1
OP0403,R7,Website,Lost,2026-09-11,2026-09-24,2026-09-29,400000,0.0,13,0
OP0404,R8,Outbound,New,2026-09-21,,2026-09-28,850000,0.1,0,1
OP0405,R9,YouTube,Proposal,2026-06-20,,2026-07-30,70000,0.5,0,1
OP0406,R1,Referral,New,2026-04-26,,2026-06-02,590000,0.1,0,1
OP0407,R2,Website,Negotiation,2026-07-31,,2026-08-06,290000,0.75,0,1
OP0408,R3,Outbound,Won,2026-07-16,2026-08-02,2026-08-07,450000,1.0,17,0
OP0409,R4,YouTube,New,2026-06-17,,2026-07-22,470000,0.1,0,1
OP0410,R5,Referral,Proposal,2026-06-12,,2026-09-29,140000,0.5,0,1
OP0411,R6,Website,Proposal,2026-06-16,,2026-07-21,790000,0.5,0,1
OP0412,R7,Outbound,Proposal,2026-04-26,,2026-07-14,100000,0.5,0,1
OP0413,R8,YouTube,New,2026-05-21,,2026-06-18,550000,0.1,0,1
OP0414,R9,Referral,New,2026-05-16,,2026-07-04,620000,0.1,0,1
OP0415,R1,Website,Proposal,2026-08-25,,2026-08-26,370000,0.5,0,1
OP0416,R2,Outbound,Lost,2026-04-13,2026-06-04,2026-05-16,620000,0.0,52,0
OP0417,R3,YouTube,Proposal,2026-08-21,,2026-09-06,510000,0.5,0,1
OP0418,R4,Referral,Lost,2026-09-16,2026-09-18,2026-09-21,230000,0.0,2,0
OP0419,R5,Website,Negotiation,2026-09-28,,2026-09-29,150000,0.75,0,1
OP0420,R6,Outbound,New,2026-07-28,,2026-08-13,800000,0.1,0,1
