period,group,item,status,actual,cost,target,units,extra,profit,profitpct
2025-01,Install,JOB-024,Complete,403848.17,359022.05,310790.86,51,129.9,44826.12,
2025-02,Consulting,JOB-024,In progress,210055.82,99228.28,207082.36,26,101.4,110827.54,
2025-03,Maintenance,JOB-024,At risk,169333.65,142538.81,208248.56,21,81.3,26794.84,
2025-04,Fabrication,JOB-024,Complete,299750.1,220268.29,284392.85,38,105.4,79481.81,
2025-05,Install,JOB-028,Complete,400880.35,272191.31,313173.96,51,128.0,128689.04,
2025-06,Consulting,JOB-028,In progress,241833.16,155118.45,321011.72,31,75.3,86714.71,
2025-07,Maintenance,JOB-028,At risk,240439.99,161082.85,248076.6,30,96.9,79357.14,
2025-08,Fabrication,JOB-028,Complete,329045.38,295412.49,306160.17,42,107.5,33632.89,
2025-09,Install,JOB-031,Complete,244321.72,119965.68,193774.16,31,126.1,124356.04,
2025-10,Consulting,JOB-031,In progress,367047.79,301598.92,287008.77,47,127.9,65448.87,
2025-11,Maintenance,JOB-031,At risk,302445.64,253579.0,286635.99,38,105.5,48866.64,
2025-12,Fabrication,JOB-031,Complete,199150.05,119388.39,266674.85,25,74.7,79761.66,
2026-01,Install,JOB-036,Complete,172040.21,146547.35,250843.01,22,68.6,25492.86,
2026-02,Consulting,JOB-036,In progress,245283.69,213413.4,292574.82,31,83.8,31870.29,
2026-03,Maintenance,JOB-036,At risk,444462.14,322274.11,324033.8,56,137.2,122188.03,
2026-04,Fabrication,JOB-036,Complete,318121.75,235829.76,286729.74,40,110.9,82291.99,
2026-05,Install,JOB-024,Complete,270353.58,129050.04,232384.91,34,116.3,141303.54,
2026-06,Consulting,JOB-024,In progress,251044.69,211574.68,217091.69,32,115.6,39470.01,
2026-07,Maintenance,JOB-024,At risk,382409.18,314966.62,341831.84,49,111.9,67442.56,
2026-08,Fabrication,JOB-024,Complete,334147.12,150911.5,331838.0,42,100.7,183235.62,
2026-09,Install,JOB-028,Complete,262772.91,152121.38,251674.69,33,104.4,110651.53,
2026-10,Consulting,JOB-028,In progress,280268.94,227414.84,350847.22,35,79.9,52854.1,
2026-11,Maintenance,JOB-028,At risk,301260.26,268700.31,255069.2,38,118.1,32559.95,
2026-12,Fabrication,JOB-028,Complete,212465.78,139824.76,201047.34,27,105.7,72641.02,
2027-01,Install,JOB-031,Complete,309697.97,160147.0,300649.19,39,103.0,149550.97,
2027-02,Consulting,JOB-031,In progress,224141.2,187550.9,298494.44,28,75.1,36590.3,
2027-03,Maintenance,JOB-031,At risk,382516.48,303001.71,328111.14,49,116.6,79514.77,
2027-04,Fabrication,JOB-031,Complete,406762.22,366582.12,322262.77,52,126.2,40180.1,
2027-05,Install,JOB-036,Complete,437943.73,343888.07,337849.94,56,129.6,94055.66,
2027-06,Consulting,JOB-036,In progress,292537.92,132481.71,299395.35,37,97.7,160056.21,
2027-07,Maintenance,JOB-036,At risk,188346.29,165928.34,190576.85,24,98.8,22417.95,
2027-08,Fabrication,JOB-036,Complete,437710.57,231219.53,337697.82,56,129.6,206491.04,
2027-09,Install,JOB-024,Complete,215428.79,119837.25,288416.78,27,74.7,95591.54,
2027-10,Consulting,JOB-024,In progress,198643.06,112166.1,184801.64,25,107.5,86476.96,
2027-11,Maintenance,JOB-024,At risk,120443.29,103971.97,182813.01,15,65.9,16471.32,
2027-12,Fabrication,JOB-024,Complete,380099.07,270667.55,347996.74,48,109.2,109431.52,
2028-01,Install,JOB-028,Complete,281276.24,161265.26,345648.37,36,81.4,120010.98,
2028-02,Consulting,JOB-028,In progress,257959.74,227248.46,205398.58,33,125.6,30711.28,
2028-03,Maintenance,JOB-028,At risk,377786.88,266598.7,280108.94,48,134.9,111188.18,
2028-04,Fabrication,JOB-028,Complete,250427.76,129826.24,320991.4,32,78.0,120601.52,
2028-05,Install,JOB-031,Complete,190994.5,173769.31,227358.05,24,84.0,17225.19,
2028-06,Consulting,JOB-031,In progress,295637.48,155601.83,249484.48,37,118.5,140035.65,
2028-07,Maintenance,JOB-031,At risk,326277.93,148559.57,344336.44,41,94.8,177718.36,
2028-08,Fabrication,JOB-031,Complete,323127.38,256515.3,258216.35,41,125.1,66612.08,
2028-09,Install,JOB-036,Complete,221357.34,170557.47,311915.64,28,71.0,50799.87,
2028-10,Consulting,JOB-036,In progress,249464.63,206235.97,193307.82,31,129.1,43228.66,
2028-11,Maintenance,JOB-036,At risk,201419.54,123834.42,226787.81,25,88.8,77585.12,
2028-12,Fabrication,JOB-036,Complete,233187.52,171528.13,220645.57,29,105.7,61659.39,
