JobID,TeamID,Service,Priority,CreatedDate,DueDate,CompletedDate,Status,CycleDays,OnTime,Rework,Cost
J00001,T1,Delivery,Standard,2026-06-23,2026-06-28,,Open,0,0,0,27000
J00002,T2,Installation,High,2026-05-30,2026-06-05,2026-08-19,Completed,81,0,0,35000
J00003,T3,Maintenance,Urgent,2026-04-07,2026-04-10,2026-08-24,Completed,139,0,0,27000
J00004,T4,Delivery,Standard,2026-05-25,2026-06-01,2026-06-04,Completed,10,0,0,8000
J00005,T5,Installation,High,2026-05-22,2026-05-25,2026-06-29,Completed,38,0,0,29000
J00006,T6,Maintenance,Urgent,2026-04-22,2026-04-24,,Open,0,0,0,34000
J00007,T1,Delivery,Standard,2026-06-14,2026-06-19,2026-07-19,Completed,35,0,0,19000
J00008,T2,Installation,High,2026-06-30,2026-07-07,2026-09-02,Completed,64,0,0,7000
J00009,T3,Maintenance,Urgent,2026-06-18,2026-06-28,2026-09-25,Completed,99,0,0,30000
J00010,T4,Delivery,Standard,2026-07-22,2026-07-26,2026-08-15,Completed,24,0,0,17000
J00011,T5,Installation,High,2026-06-17,2026-06-26,,Open,0,0,0,15000
J00012,T6,Maintenance,Urgent,2026-08-16,2026-08-25,2026-08-30,Completed,14,0,1,6000
J00013,T1,Delivery,Standard,2026-05-27,2026-06-03,2026-07-08,Completed,42,0,0,16000
J00014,T2,Installation,High,2026-08-19,2026-08-25,2026-08-27,Completed,8,0,0,13000
J00015,T3,Maintenance,Urgent,2026-07-23,2026-07-27,2026-07-23,Completed,0,1,0,39000
J00016,T4,Delivery,Standard,2026-07-24,2026-07-28,,Open,0,0,0,1000
J00017,T5,Installation,High,2026-06-04,2026-06-12,2026-06-29,Completed,25,0,0,14000
J00018,T6,Maintenance,Urgent,2026-05-29,2026-06-08,2026-07-25,Completed,57,0,0,21000
J00019,T1,Delivery,Standard,2026-04-22,2026-05-02,2026-08-28,Completed,128,0,0,24000
J00020,T2,Installation,High,2026-09-19,2026-09-25,2026-09-25,Completed,6,1,0,28000
J00021,T3,Maintenance,Urgent,2026-05-20,2026-05-22,,Open,0,0,0,21000
J00022,T4,Delivery,Standard,2026-06-13,2026-06-16,2026-06-23,Completed,10,0,0,6000
J00023,T5,Installation,High,2026-05-27,2026-06-06,2026-06-17,Completed,21,0,1,12000
J00024,T6,Maintenance,Urgent,2026-05-15,2026-05-18,2026-05-23,Completed,8,0,0,2000
J00025,T1,Delivery,Standard,2026-08-28,2026-09-01,2026-09-06,Completed,9,0,0,8000
J00026,T2,Installation,High,2026-04-28,2026-05-08,,Open,0,0,0,19000
J00027,T3,Maintenance,Urgent,2026-09-15,2026-09-25,2026-09-17,Completed,2,1,0,16000
J00028,T4,Delivery,Standard,2026-05-24,2026-05-27,2026-05-27,Completed,3,1,0,3000
J00029,T5,Installation,High,2026-08-10,2026-08-12,2026-09-21,Completed,42,0,0,4000
J00030,T6,Maintenance,Urgent,2026-07-11,2026-07-15,2026-09-19,Completed,70,0,0,8000
J00031,T1,Delivery,Standard,2026-09-09,2026-09-16,,Open,0,0,0,1000
J00032,T2,Installation,High,2026-04-13,2026-04-16,2026-04-14,Completed,1,1,0,32000
J00033,T3,Maintenance,Urgent,2026-09-12,2026-09-19,2026-09-18,Completed,6,1,0,30000
J00034,T4,Delivery,Standard,2026-06-06,2026-06-14,2026-08-13,Completed,68,0,1,18000
J00035,T5,Installation,High,2026-04-21,2026-04-30,2026-06-23,Completed,63,0,0,18000
J00036,T6,Maintenance,Urgent,2026-08-18,2026-08-28,,Open,0,0,0,15000
J00037,T1,Delivery,Standard,2026-04-23,2026-05-02,2026-09-30,Completed,160,0,0,36000
J00038,T2,Installation,High,2026-05-26,2026-06-01,2026-07-17,Completed,52,0,0,16000
J00039,T3,Maintenance,Urgent,2026-06-22,2026-07-02,2026-07-16,Completed,24,0,0,30000
J00040,T4,Delivery,Standard,2026-08-15,2026-08-18,2026-08-17,Completed,2,1,0,12000
J00041,T5,Installation,High,2026-08-27,2026-08-29,,Open,0,0,0,26000
J00042,T6,Maintenance,Urgent,2026-08-27,2026-09-06,2026-09-23,Completed,27,0,0,4000
J00043,T1,Delivery,Standard,2026-07-17,2026-07-23,2026-08-17,Completed,31,0,0,11000
J00044,T2,Installation,High,2026-06-22,2026-07-01,2026-07-16,Completed,24,0,0,39000
J00045,T3,Maintenance,Urgent,2026-08-06,2026-08-14,2026-08-14,Completed,8,1,1,4000
J00046,T4,Delivery,Standard,2026-09-14,2026-09-18,,Open,0,0,0,5000
J00047,T5,Installation,High,2026-08-26,2026-09-03,2026-08-31,Completed,5,1,0,7000
J00048,T6,Maintenance,Urgent,2026-09-03,2026-09-10,2026-09-27,Completed,24,0,0,15000
J00049,T1,Delivery,Standard,2026-06-22,2026-07-02,2026-09-04,Completed,74,0,0,15000
J00050,T2,Installation,High,2026-07-31,2026-08-08,2026-09-12,Completed,43,0,0,13000
J00051,T3,Maintenance,Urgent,2026-04-23,2026-05-03,,Open,0,0,0,36000
J00052,T4,Delivery,Standard,2026-08-25,2026-09-02,2026-09-16,Completed,22,0,0,27000
J00053,T5,Installation,High,2026-04-06,2026-04-10,2026-09-09,Completed,156,0,0,11000
J00054,T6,Maintenance,Urgent,2026-08-28,2026-09-04,2026-09-08,Completed,11,0,0,37000
J00055,T1,Delivery,Standard,2026-07-22,2026-07-27,2026-09-12,Completed,52,0,0,17000
J00056,T2,Installation,High,2026-05-10,2026-05-16,,Open,0,0,0,1000
J00057,T3,Maintenance,Urgent,2026-06-05,2026-06-12,2026-08-15,Completed,71,0,0,34000
J00058,T4,Delivery,Standard,2026-06-28,2026-07-04,2026-07-31,Completed,33,0,0,21000
J00059,T5,Installation,High,2026-06-26,2026-06-28,2026-08-22,Completed,57,0,0,11000
J00060,T6,Maintenance,Urgent,2026-05-15,2026-05-20,2026-08-22,Completed,99,0,0,18000
J00061,T1,Delivery,Standard,2026-07-26,2026-08-04,,Open,0,0,0,35000
J00062,T2,Installation,High,2026-09-24,2026-10-02,2026-09-28,Completed,4,1,0,3000
J00063,T3,Maintenance,Urgent,2026-09-05,2026-09-12,2026-09-17,Completed,12,0,0,9000
J00064,T4,Delivery,Standard,2026-08-02,2026-08-04,2026-08-25,Completed,23,0,0,7000
J00065,T5,Installation,High,2026-05-31,2026-06-08,2026-08-26,Completed,87,0,0,2000
J00066,T6,Maintenance,Urgent,2026-09-20,2026-09-24,,Open,0,0,0,38000
J00067,T1,Delivery,Standard,2026-06-25,2026-06-29,2026-08-20,Completed,56,0,1,14000
J00068,T2,Installation,High,2026-09-08,2026-09-17,2026-09-22,Completed,14,0,0,13000
J00069,T3,Maintenance,Urgent,2026-09-06,2026-09-10,2026-09-10,Completed,4,1,0,26000
J00070,T4,Delivery,Standard,2026-07-05,2026-07-14,2026-09-06,Completed,63,0,0,21000
J00071,T5,Installation,High,2026-09-01,2026-09-07,,Open,0,0,0,4000
J00072,T6,Maintenance,Urgent,2026-06-02,2026-06-11,2026-09-16,Completed,106,0,0,34000
J00073,T1,Delivery,Standard,2026-05-05,2026-05-08,2026-09-14,Completed,132,0,0,6000
J00074,T2,Installation,High,2026-04-19,2026-04-21,2026-07-18,Completed,90,0,0,33000
J00075,T3,Maintenance,Urgent,2026-09-21,2026-09-23,2026-09-25,Completed,4,0,0,2000
J00076,T4,Delivery,Standard,2026-09-21,2026-09-26,,Open,0,0,0,33000
J00077,T5,Installation,High,2026-07-11,2026-07-14,2026-08-30,Completed,50,0,0,15000
J00078,T6,Maintenance,Urgent,2026-07-15,2026-07-23,2026-08-19,Completed,35,0,1,38000
J00079,T1,Delivery,Standard,2026-07-08,2026-07-16,2026-09-10,Completed,64,0,0,38000
J00080,T2,Installation,High,2026-05-04,2026-05-13,2026-08-12,Completed,100,0,0,21000
J00081,T3,Maintenance,Urgent,2026-08-02,2026-08-06,,Open,0,0,0,33000
J00082,T4,Delivery,Standard,2026-09-01,2026-09-06,2026-09-01,Completed,0,1,0,1000
J00083,T5,Installation,High,2026-08-16,2026-08-24,2026-09-15,Completed,30,0,0,3000
J00084,T6,Maintenance,Urgent,2026-08-06,2026-08-09,2026-08-15,Completed,9,0,0,4000
J00085,T1,Delivery,Standard,2026-08-06,2026-08-15,2026-08-09,Completed,3,1,0,10000
J00086,T2,Installation,High,2026-06-17,2026-06-25,,Open,0,0,0,14000
J00087,T3,Maintenance,Urgent,2026-06-25,2026-06-27,2026-08-12,Completed,48,0,0,31000
J00088,T4,Delivery,Standard,2026-04-07,2026-04-09,2026-09-15,Completed,161,0,0,11000
J00089,T5,Installation,High,2026-08-26,2026-08-30,2026-09-04,Completed,9,0,1,24000
J00090,T6,Maintenance,Urgent,2026-09-10,2026-09-13,2026-09-25,Completed,15,0,0,9000
J00091,T1,Delivery,Standard,2026-05-04,2026-05-10,,Open,0,0,0,1000
J00092,T2,Installation,High,2026-07-07,2026-07-10,2026-07-15,Completed,8,0,0,32000
J00093,T3,Maintenance,Urgent,2026-06-06,2026-06-08,2026-09-09,Completed,95,0,0,2000
J00094,T4,Delivery,Standard,2026-08-14,2026-08-16,2026-09-12,Completed,29,0,0,12000
J00095,T5,Installation,High,2026-07-01,2026-07-04,2026-07-28,Completed,27,0,0,38000
J00096,T6,Maintenance,Urgent,2026-09-24,2026-10-01,,Open,0,0,0,2000
J00097,T1,Delivery,Standard,2026-06-09,2026-06-15,2026-08-19,Completed,71,0,0,27000
J00098,T2,Installation,High,2026-07-08,2026-07-15,2026-07-25,Completed,17,0,0,32000
J00099,T3,Maintenance,Urgent,2026-06-10,2026-06-20,2026-08-23,Completed,74,0,0,12000
J00100,T4,Delivery,Standard,2026-09-09,2026-09-15,2026-09-26,Completed,17,0,1,6000
J00101,T5,Installation,High,2026-04-19,2026-04-21,,Open,0,0,0,27000
J00102,T6,Maintenance,Urgent,2026-08-09,2026-08-13,2026-09-07,Completed,29,0,0,5000
J00103,T1,Delivery,Standard,2026-09-10,2026-09-20,2026-09-30,Completed,20,0,0,32000
J00104,T2,Installation,High,2026-08-25,2026-08-27,2026-09-03,Completed,9,0,0,27000
J00105,T3,Maintenance,Urgent,2026-07-29,2026-08-01,2026-08-20,Completed,22,0,0,1000
J00106,T4,Delivery,Standard,2026-06-26,2026-07-01,,Open,0,0,0,8000
J00107,T5,Installation,High,2026-08-19,2026-08-23,2026-09-14,Completed,26,0,0,25000
J00108,T6,Maintenance,Urgent,2026-08-05,2026-08-12,2026-08-10,Completed,5,1,0,8000
J00109,T1,Delivery,Standard,2026-06-12,2026-06-15,2026-07-14,Completed,32,0,0,7000
J00110,T2,Installation,High,2026-07-26,2026-07-28,2026-07-27,Completed,1,1,0,32000
J00111,T3,Maintenance,Urgent,2026-08-30,2026-09-04,,Open,0,0,0,17000
J00112,T4,Delivery,Standard,2026-06-10,2026-06-12,2026-06-23,Completed,13,0,0,27000
J00113,T5,Installation,High,2026-09-23,2026-09-26,2026-09-30,Completed,7,0,0,14000
J00114,T6,Maintenance,Urgent,2026-06-06,2026-06-15,2026-06-22,Completed,16,0,0,20000
J00115,T1,Delivery,Standard,2026-08-19,2026-08-28,2026-09-02,Completed,14,0,0,16000
J00116,T2,Installation,High,2026-05-24,2026-05-27,,Open,0,0,0,29000
J00117,T3,Maintenance,Urgent,2026-05-14,2026-05-23,2026-09-25,Completed,134,0,0,9000
J00118,T4,Delivery,Standard,2026-04-05,2026-04-11,2026-05-29,Completed,54,0,0,28000
J00119,T5,Installation,High,2026-04-08,2026-04-16,2026-04-21,Completed,13,0,0,15000
J00120,T6,Maintenance,Urgent,2026-04-18,2026-04-21,2026-08-20,Completed,124,0,0,35000
J00121,T1,Delivery,Standard,2026-06-13,2026-06-17,,Open,0,0,0,27000
J00122,T2,Installation,High,2026-08-01,2026-08-07,2026-08-29,Completed,28,0,1,5000
J00123,T3,Maintenance,Urgent,2026-04-23,2026-04-25,2026-07-13,Completed,81,0,0,13000
J00124,T4,Delivery,Standard,2026-08-22,2026-08-30,2026-09-16,Completed,25,0,0,16000
J00125,T5,Installation,High,2026-04-10,2026-04-16,2026-05-28,Completed,48,0,0,7000
J00126,T6,Maintenance,Urgent,2026-08-09,2026-08-19,,Open,0,0,0,39000
J00127,T1,Delivery,Standard,2026-05-14,2026-05-19,2026-08-09,Completed,87,0,0,24000
J00128,T2,Installation,High,2026-04-14,2026-04-20,2026-05-04,Completed,20,0,0,35000
J00129,T3,Maintenance,Urgent,2026-04-13,2026-04-21,2026-07-28,Completed,106,0,0,25000
J00130,T4,Delivery,Standard,2026-08-08,2026-08-18,2026-08-27,Completed,19,0,0,1000
J00131,T5,Installation,High,2026-06-15,2026-06-18,,Open,0,0,0,33000
J00132,T6,Maintenance,Urgent,2026-09-04,2026-09-08,2026-09-29,Completed,25,0,0,18000
J00133,T1,Delivery,Standard,2026-05-26,2026-06-05,2026-08-16,Completed,82,0,1,36000
J00134,T2,Installation,High,2026-05-03,2026-05-13,2026-09-21,Completed,141,0,0,2000
J00135,T3,Maintenance,Urgent,2026-05-28,2026-06-06,2026-08-09,Completed,73,0,0,34000
J00136,T4,Delivery,Standard,2026-05-05,2026-05-15,,Open,0,0,0,7000
J00137,T5,Installation,High,2026-04-04,2026-04-12,2026-06-05,Completed,62,0,0,25000
J00138,T6,Maintenance,Urgent,2026-09-07,2026-09-17,2026-09-21,Completed,14,0,0,39000
J00139,T1,Delivery,Standard,2026-06-03,2026-06-12,2026-08-05,Completed,63,0,0,17000
J00140,T2,Installation,High,2026-04-15,2026-04-19,2026-07-21,Completed,97,0,0,31000
J00141,T3,Maintenance,Urgent,2026-05-29,2026-05-31,,Open,0,0,0,1000
J00142,T4,Delivery,Standard,2026-09-08,2026-09-11,2026-09-26,Completed,18,0,0,28000
J00143,T5,Installation,High,2026-09-02,2026-09-11,2026-09-12,Completed,10,0,0,4000
J00144,T6,Maintenance,Urgent,2026-09-24,2026-09-28,2026-09-28,Completed,4,1,1,29000
J00145,T1,Delivery,Standard,2026-08-03,2026-08-13,2026-09-11,Completed,39,0,0,13000
J00146,T2,Installation,High,2026-08-01,2026-08-11,,Open,0,0,0,14000
J00147,T3,Maintenance,Urgent,2026-04-08,2026-04-12,2026-06-30,Completed,83,0,0,20000
J00148,T4,Delivery,Standard,2026-04-29,2026-05-08,2026-09-12,Completed,136,0,0,29000
J00149,T5,Installation,High,2026-04-16,2026-04-20,2026-04-26,Completed,10,0,0,33000
J00150,T6,Maintenance,Urgent,2026-08-14,2026-08-19,2026-09-08,Completed,25,0,0,27000
J00151,T1,Delivery,Standard,2026-09-21,2026-09-28,,Open,0,0,0,30000
J00152,T2,Installation,High,2026-06-13,2026-06-21,2026-06-22,Completed,9,0,0,36000
J00153,T3,Maintenance,Urgent,2026-07-23,2026-07-26,2026-09-21,Completed,60,0,0,6000
J00154,T4,Delivery,Standard,2026-09-11,2026-09-14,2026-09-30,Completed,19,0,0,39000
J00155,T5,Installation,High,2026-08-07,2026-08-13,2026-08-26,Completed,19,0,1,33000
J00156,T6,Maintenance,Urgent,2026-07-19,2026-07-26,,Open,0,0,0,8000
J00157,T1,Delivery,Standard,2026-09-16,2026-09-24,2026-09-27,Completed,11,0,0,34000
J00158,T2,Installation,High,2026-07-24,2026-08-02,2026-08-09,Completed,16,0,0,14000
J00159,T3,Maintenance,Urgent,2026-04-04,2026-04-06,2026-09-13,Completed,162,0,0,5000
J00160,T4,Delivery,Standard,2026-09-04,2026-09-08,2026-09-19,Completed,15,0,0,2000
J00161,T5,Installation,High,2026-04-13,2026-04-18,,Open,0,0,0,21000
J00162,T6,Maintenance,Urgent,2026-04-29,2026-05-06,2026-09-07,Completed,131,0,0,17000
J00163,T1,Delivery,Standard,2026-06-23,2026-06-27,2026-06-30,Completed,7,0,0,31000
J00164,T2,Installation,High,2026-06-16,2026-06-25,2026-09-26,Completed,102,0,0,10000
J00165,T3,Maintenance,Urgent,2026-09-15,2026-09-22,2026-09-22,Completed,7,1,0,14000
J00166,T4,Delivery,Standard,2026-06-02,2026-06-04,,Open,0,0,0,12000
J00167,T5,Installation,High,2026-07-01,2026-07-09,2026-09-18,Completed,79,0,0,31000
J00168,T6,Maintenance,Urgent,2026-06-12,2026-06-16,2026-07-08,Completed,26,0,0,8000
J00169,T1,Delivery,Standard,2026-09-30,2026-10-10,,Open,0,0,0,20000
J00170,T2,Installation,High,2026-09-27,2026-10-02,2026-09-30,Completed,3,1,0,24000
J00171,T3,Maintenance,Urgent,2026-05-24,2026-06-02,,Open,0,0,0,13000
J00172,T4,Delivery,Standard,2026-08-01,2026-08-03,2026-09-23,Completed,53,0,0,4000
J00173,T5,Installation,High,2026-08-06,2026-08-13,2026-08-21,Completed,15,0,0,34000
J00174,T6,Maintenance,Urgent,2026-08-02,2026-08-09,2026-09-16,Completed,45,0,0,28000
J00175,T1,Delivery,Standard,2026-06-09,2026-06-12,2026-08-28,Completed,80,0,0,11000
J00176,T2,Installation,High,2026-09-13,2026-09-18,,Open,0,0,0,14000
J00177,T3,Maintenance,Urgent,2026-08-14,2026-08-21,2026-09-24,Completed,41,0,1,10000
J00178,T4,Delivery,Standard,2026-08-07,2026-08-10,2026-09-16,Completed,40,0,0,32000
J00179,T5,Installation,High,2026-04-26,2026-05-04,2026-09-13,Completed,140,0,0,2000
J00180,T6,Maintenance,Urgent,2026-05-15,2026-05-22,2026-09-06,Completed,114,0,0,10000
J00181,T1,Delivery,Standard,2026-05-06,2026-05-11,,Open,0,0,0,32000
J00182,T2,Installation,High,2026-07-30,2026-08-01,2026-08-04,Completed,5,0,0,38000
J00183,T3,Maintenance,Urgent,2026-04-13,2026-04-19,2026-05-27,Completed,44,0,0,15000
J00184,T4,Delivery,Standard,2026-05-27,2026-06-01,2026-07-12,Completed,46,0,0,38000
J00185,T5,Installation,High,2026-09-09,2026-09-16,2026-09-24,Completed,15,0,0,3000
J00186,T6,Maintenance,Urgent,2026-07-31,2026-08-03,,Open,0,0,0,2000
J00187,T1,Delivery,Standard,2026-04-04,2026-04-08,2026-05-08,Completed,34,0,0,27000
J00188,T2,Installation,High,2026-07-23,2026-07-25,2026-08-11,Completed,19,0,1,7000
J00189,T3,Maintenance,Urgent,2026-04-11,2026-04-16,2026-09-04,Completed,146,0,0,4000
J00190,T4,Delivery,Standard,2026-09-16,2026-09-24,2026-09-27,Completed,11,0,0,30000
J00191,T5,Installation,High,2026-05-18,2026-05-23,,Open,0,0,0,32000
J00192,T6,Maintenance,Urgent,2026-08-01,2026-08-09,2026-09-06,Completed,36,0,0,32000
J00193,T1,Delivery,Standard,2026-06-20,2026-06-29,2026-06-20,Completed,0,1,0,6000
J00194,T2,Installation,High,2026-06-05,2026-06-12,2026-07-05,Completed,30,0,0,12000
J00195,T3,Maintenance,Urgent,2026-07-23,2026-08-02,2026-09-02,Completed,41,0,0,15000
J00196,T4,Delivery,Standard,2026-09-26,2026-10-01,,Open,0,0,0,34000
J00197,T5,Installation,High,2026-07-01,2026-07-09,2026-08-22,Completed,52,0,0,19000
J00198,T6,Maintenance,Urgent,2026-04-17,2026-04-27,2026-08-15,Completed,120,0,0,38000
J00199,T1,Delivery,Standard,2026-06-27,2026-07-04,2026-06-28,Completed,1,1,1,24000
J00200,T2,Installation,High,2026-08-03,2026-08-05,2026-08-16,Completed,13,0,0,36000
J00201,T3,Maintenance,Urgent,2026-07-31,2026-08-05,,Open,0,0,0,8000
J00202,T4,Delivery,Standard,2026-08-08,2026-08-17,2026-09-01,Completed,24,0,0,28000
J00203,T5,Installation,High,2026-07-24,2026-07-29,2026-08-08,Completed,15,0,0,30000
J00204,T6,Maintenance,Urgent,2026-05-21,2026-05-28,2026-09-07,Completed,109,0,0,8000
J00205,T1,Delivery,Standard,2026-07-17,2026-07-27,2026-08-22,Completed,36,0,0,33000
J00206,T2,Installation,High,2026-09-01,2026-09-06,,Open,0,0,0,17000
J00207,T3,Maintenance,Urgent,2026-05-18,2026-05-22,2026-07-06,Completed,49,0,0,38000
J00208,T4,Delivery,Standard,2026-04-10,2026-04-18,2026-08-16,Completed,128,0,0,1000
J00209,T5,Installation,High,2026-06-02,2026-06-04,2026-08-07,Completed,66,0,0,9000
J00210,T6,Maintenance,Urgent,2026-05-26,2026-05-28,2026-08-20,Completed,86,0,1,36000
J00211,T1,Delivery,Standard,2026-04-17,2026-04-26,,Open,0,0,0,3000
J00212,T2,Installation,High,2026-09-01,2026-09-06,2026-09-19,Completed,18,0,0,31000
J00213,T3,Maintenance,Urgent,2026-06-20,2026-06-25,2026-08-02,Completed,43,0,0,8000
J00214,T4,Delivery,Standard,2026-05-03,2026-05-13,2026-09-17,Completed,137,0,0,19000
J00215,T5,Installation,High,2026-08-03,2026-08-13,2026-09-30,Completed,58,0,0,31000
J00216,T6,Maintenance,Urgent,2026-04-07,2026-04-16,,Open,0,0,0,14000
J00217,T1,Delivery,Standard,2026-09-09,2026-09-13,2026-09-12,Completed,3,1,0,39000
J00218,T2,Installation,High,2026-05-27,2026-06-05,2026-07-06,Completed,40,0,0,32000
J00219,T3,Maintenance,Urgent,2026-04-08,2026-04-14,2026-05-17,Completed,39,0,0,25000
J00220,T4,Delivery,Standard,2026-06-01,2026-06-09,2026-06-22,Completed,21,0,0,5000
J00221,T5,Installation,High,2026-08-09,2026-08-12,,Open,0,0,0,25000
J00222,T6,Maintenance,Urgent,2026-06-06,2026-06-13,2026-08-15,Completed,70,0,0,32000
J00223,T1,Delivery,Standard,2026-05-24,2026-05-28,2026-08-15,Completed,83,0,0,15000
J00224,T2,Installation,High,2026-08-27,2026-09-01,2026-09-23,Completed,27,0,0,13000
J00225,T3,Maintenance,Urgent,2026-08-28,2026-09-01,2026-09-24,Completed,27,0,0,8000
J00226,T4,Delivery,Standard,2026-05-31,2026-06-05,,Open,0,0,0,28000
J00227,T5,Installation,High,2026-07-10,2026-07-18,2026-09-15,Completed,67,0,0,14000
J00228,T6,Maintenance,Urgent,2026-07-07,2026-07-12,2026-09-25,Completed,80,0,0,30000
J00229,T1,Delivery,Standard,2026-06-21,2026-06-28,2026-09-12,Completed,83,0,0,25000
J00230,T2,Installation,High,2026-06-26,2026-07-03,2026-07-02,Completed,6,1,0,20000
J00231,T3,Maintenance,Urgent,2026-09-23,2026-10-02,,Open,0,0,0,8000
J00232,T4,Delivery,Standard,2026-06-05,2026-06-10,2026-09-24,Completed,111,0,1,35000
J00233,T5,Installation,High,2026-08-15,2026-08-20,2026-09-16,Completed,32,0,0,24000
J00234,T6,Maintenance,Urgent,2026-06-06,2026-06-14,2026-09-11,Completed,97,0,0,27000
J00235,T1,Delivery,Standard,2026-09-10,2026-09-14,2026-09-27,Completed,17,0,0,32000
J00236,T2,Installation,High,2026-04-27,2026-04-30,,Open,0,0,0,20000
J00237,T3,Maintenance,Urgent,2026-09-25,2026-10-03,2026-09-26,Completed,1,1,0,3000
J00238,T4,Delivery,Standard,2026-07-07,2026-07-15,2026-08-10,Completed,34,0,0,12000
J00239,T5,Installation,High,2026-09-27,2026-09-29,2026-09-29,Completed,2,1,0,33000
J00240,T6,Maintenance,Urgent,2026-07-29,2026-08-01,2026-08-02,Completed,4,0,0,24000
J00241,T1,Delivery,Standard,2026-04-26,2026-05-06,,Open,0,0,0,16000
J00242,T2,Installation,High,2026-07-31,2026-08-03,2026-09-24,Completed,55,0,0,28000
J00243,T3,Maintenance,Urgent,2026-05-08,2026-05-18,2026-07-14,Completed,67,0,1,5000
J00244,T4,Delivery,Standard,2026-04-06,2026-04-11,2026-04-22,Completed,16,0,0,33000
J00245,T5,Installation,High,2026-07-14,2026-07-19,2026-08-26,Completed,43,0,0,35000
J00246,T6,Maintenance,Urgent,2026-08-21,2026-08-30,,Open,0,0,0,19000
J00247,T1,Delivery,Standard,2026-09-17,2026-09-22,2026-09-25,Completed,8,0,0,27000
J00248,T2,Installation,High,2026-04-17,2026-04-20,2026-08-09,Completed,114,0,0,18000
J00249,T3,Maintenance,Urgent,2026-08-30,2026-09-03,2026-09-11,Completed,12,0,0,16000
J00250,T4,Delivery,Standard,2026-08-25,2026-08-30,2026-08-30,Completed,5,1,0,5000
J00251,T5,Installation,High,2026-06-10,2026-06-18,,Open,0,0,0,5000
J00252,T6,Maintenance,Urgent,2026-05-21,2026-05-24,2026-05-23,Completed,2,1,0,27000
J00253,T1,Delivery,Standard,2026-05-15,2026-05-20,2026-08-11,Completed,88,0,0,39000
J00254,T2,Installation,High,2026-04-27,2026-05-05,2026-06-09,Completed,43,0,1,7000
J00255,T3,Maintenance,Urgent,2026-05-27,2026-06-01,2026-07-06,Completed,40,0,0,11000
J00256,T4,Delivery,Standard,2026-07-09,2026-07-17,,Open,0,0,0,4000
J00257,T5,Installation,High,2026-08-05,2026-08-15,2026-08-09,Completed,4,1,0,20000
J00258,T6,Maintenance,Urgent,2026-06-25,2026-07-01,2026-09-04,Completed,71,0,0,12000
J00259,T1,Delivery,Standard,2026-05-11,2026-05-17,2026-08-21,Completed,102,0,0,32000
J00260,T2,Installation,High,2026-04-24,2026-04-30,2026-08-27,Completed,125,0,0,20000
J00261,T3,Maintenance,Urgent,2026-06-12,2026-06-22,,Open,0,0,0,31000
J00262,T4,Delivery,Standard,2026-05-11,2026-05-16,2026-09-26,Completed,138,0,0,8000
J00263,T5,Installation,High,2026-07-30,2026-08-06,2026-09-21,Completed,53,0,0,29000
J00264,T6,Maintenance,Urgent,2026-04-29,2026-05-09,2026-08-08,Completed,101,0,0,15000
J00265,T1,Delivery,Standard,2026-06-06,2026-06-13,2026-06-25,Completed,19,0,1,28000
J00266,T2,Installation,High,2026-06-11,2026-06-18,,Open,0,0,0,19000
J00267,T3,Maintenance,Urgent,2026-08-28,2026-09-03,2026-09-30,Completed,33,0,0,7000
J00268,T4,Delivery,Standard,2026-04-04,2026-04-07,2026-05-26,Completed,52,0,0,34000
J00269,T5,Installation,High,2026-09-26,2026-10-03,2026-09-29,Completed,3,1,0,25000
J00270,T6,Maintenance,Urgent,2026-09-17,2026-09-19,2026-09-17,Completed,0,1,0,36000
J00271,T1,Delivery,Standard,2026-09-09,2026-09-15,,Open,0,0,0,33000
J00272,T2,Installation,High,2026-05-04,2026-05-06,2026-06-26,Completed,53,0,0,20000
J00273,T3,Maintenance,Urgent,2026-07-02,2026-07-05,2026-09-24,Completed,84,0,0,24000
J00274,T4,Delivery,Standard,2026-05-04,2026-05-06,2026-06-13,Completed,40,0,0,16000
J00275,T5,Installation,High,2026-04-03,2026-04-13,2026-04-19,Completed,16,0,0,11000
J00276,T6,Maintenance,Urgent,2026-08-24,2026-09-02,,Open,0,0,0,12000
J00277,T1,Delivery,Standard,2026-09-13,2026-09-22,2026-09-20,Completed,7,1,0,35000
J00278,T2,Installation,High,2026-06-18,2026-06-24,2026-07-03,Completed,15,0,0,1000
J00279,T3,Maintenance,Urgent,2026-09-19,2026-09-24,2026-09-21,Completed,2,1,0,18000
J00280,T4,Delivery,Standard,2026-09-22,2026-09-29,2026-09-25,Completed,3,1,0,12000
J00281,T5,Installation,High,2026-09-10,2026-09-16,,Open,0,0,0,6000
J00282,T6,Maintenance,Urgent,2026-07-01,2026-07-03,2026-08-05,Completed,35,0,0,26000
J00283,T1,Delivery,Standard,2026-08-09,2026-08-12,2026-08-31,Completed,22,0,0,25000
J00284,T2,Installation,High,2026-05-29,2026-06-02,2026-09-18,Completed,112,0,0,9000
J00285,T3,Maintenance,Urgent,2026-07-30,2026-08-09,2026-08-07,Completed,8,1,0,13000
J00286,T4,Delivery,Standard,2026-06-01,2026-06-09,,Open,0,0,0,39000
J00287,T5,Installation,High,2026-04-17,2026-04-25,2026-05-12,Completed,25,0,1,13000
J00288,T6,Maintenance,Urgent,2026-06-30,2026-07-07,2026-09-04,Completed,66,0,0,29000
J00289,T1,Delivery,Standard,2026-08-16,2026-08-22,2026-09-11,Completed,26,0,0,5000
J00290,T2,Installation,High,2026-05-24,2026-06-01,2026-08-12,Completed,80,0,0,2000
J00291,T3,Maintenance,Urgent,2026-06-22,2026-06-25,,Open,0,0,0,14000
J00292,T4,Delivery,Standard,2026-06-26,2026-07-04,2026-07-11,Completed,15,0,0,36000
J00293,T5,Installation,High,2026-09-23,2026-09-28,2026-09-24,Completed,1,1,0,38000
J00294,T6,Maintenance,Urgent,2026-05-26,2026-06-01,2026-06-07,Completed,12,0,0,27000
J00295,T1,Delivery,Standard,2026-08-04,2026-08-13,2026-09-18,Completed,45,0,0,34000
J00296,T2,Installation,High,2026-05-24,2026-06-02,,Open,0,0,0,8000
J00297,T3,Maintenance,Urgent,2026-05-06,2026-05-15,2026-06-30,Completed,55,0,0,21000
J00298,T4,Delivery,Standard,2026-08-27,2026-08-29,2026-09-21,Completed,25,0,1,22000
J00299,T5,Installation,High,2026-05-24,2026-05-30,2026-08-07,Completed,75,0,0,34000
J00300,T6,Maintenance,Urgent,2026-05-10,2026-05-14,2026-08-02,Completed,84,0,0,23000
J00301,T1,Delivery,Standard,2026-08-13,2026-08-18,,Open,0,0,0,22000
J00302,T2,Installation,High,2026-09-16,2026-09-22,2026-09-24,Completed,8,0,0,7000
J00303,T3,Maintenance,Urgent,2026-04-06,2026-04-08,2026-04-10,Completed,4,0,0,18000
J00304,T4,Delivery,Standard,2026-04-21,2026-04-25,2026-09-01,Completed,133,0,0,35000
J00305,T5,Installation,High,2026-09-15,2026-09-23,2026-09-19,Completed,4,1,0,25000
J00306,T6,Maintenance,Urgent,2026-09-07,2026-09-14,,Open,0,0,0,34000
J00307,T1,Delivery,Standard,2026-04-22,2026-04-28,2026-06-05,Completed,44,0,0,36000
J00308,T2,Installation,High,2026-07-13,2026-07-23,2026-08-22,Completed,40,0,0,13000
J00309,T3,Maintenance,Urgent,2026-06-15,2026-06-23,2026-07-01,Completed,16,0,1,7000
J00310,T4,Delivery,Standard,2026-06-13,2026-06-22,2026-09-23,Completed,102,0,0,35000
J00311,T5,Installation,High,2026-09-18,2026-09-24,,Open,0,0,0,18000
J00312,T6,Maintenance,Urgent,2026-05-14,2026-05-20,2026-05-17,Completed,3,1,0,19000
J00313,T1,Delivery,Standard,2026-09-24,2026-10-01,2026-09-24,Completed,0,1,0,2000
J00314,T2,Installation,High,2026-04-28,2026-05-08,2026-08-03,Completed,97,0,0,17000
J00315,T3,Maintenance,Urgent,2026-09-24,2026-10-01,2026-09-24,Completed,0,1,0,1000
J00316,T4,Delivery,Standard,2026-09-13,2026-09-18,,Open,0,0,0,24000
J00317,T5,Installation,High,2026-09-20,2026-09-29,2026-09-29,Completed,9,1,0,3000
J00318,T6,Maintenance,Urgent,2026-04-14,2026-04-24,2026-09-20,Completed,159,0,0,39000
J00319,T1,Delivery,Standard,2026-07-01,2026-07-03,2026-08-11,Completed,41,0,0,38000
J00320,T2,Installation,High,2026-08-23,2026-08-25,2026-09-27,Completed,35,0,1,38000
J00321,T3,Maintenance,Urgent,2026-09-02,2026-09-10,,Open,0,0,0,32000
J00322,T4,Delivery,Standard,2026-09-29,2026-10-03,2026-09-29,Completed,0,1,0,4000
J00323,T5,Installation,High,2026-06-01,2026-06-11,2026-09-09,Completed,100,0,0,25000
J00324,T6,Maintenance,Urgent,2026-05-14,2026-05-16,2026-06-20,Completed,37,0,0,25000
J00325,T1,Delivery,Standard,2026-07-31,2026-08-07,2026-09-28,Completed,59,0,0,2000
J00326,T2,Installation,High,2026-09-02,2026-09-10,,Open,0,0,0,26000
J00327,T3,Maintenance,Urgent,2026-05-28,2026-06-06,2026-07-31,Completed,64,0,0,25000
J00328,T4,Delivery,Standard,2026-08-15,2026-08-23,2026-09-12,Completed,28,0,0,19000
J00329,T5,Installation,High,2026-04-21,2026-04-24,2026-05-31,Completed,40,0,0,20000
J00330,T6,Maintenance,Urgent,2026-08-04,2026-08-10,2026-09-01,Completed,28,0,0,24000
J00331,T1,Delivery,Standard,2026-05-19,2026-05-21,,Open,0,0,0,5000
J00332,T2,Installation,High,2026-09-21,2026-09-30,2026-09-23,Completed,2,1,0,4000
J00333,T3,Maintenance,Urgent,2026-05-22,2026-06-01,2026-05-26,Completed,4,1,0,26000
J00334,T4,Delivery,Standard,2026-04-05,2026-04-14,2026-05-23,Completed,48,0,0,22000
J00335,T5,Installation,High,2026-07-08,2026-07-16,2026-08-15,Completed,38,0,0,33000
J00336,T6,Maintenance,Urgent,2026-08-13,2026-08-23,,Open,0,0,0,25000
J00337,T1,Delivery,Standard,2026-04-26,2026-04-29,2026-07-30,Completed,95,0,0,36000
J00338,T2,Installation,High,2026-06-12,2026-06-20,2026-06-18,Completed,6,1,0,9000
J00339,T3,Maintenance,Urgent,2026-05-29,2026-05-31,2026-09-14,Completed,108,0,0,24000
J00340,T4,Delivery,Standard,2026-09-03,2026-09-06,2026-09-07,Completed,4,0,0,12000
J00341,T5,Installation,High,2026-04-04,2026-04-07,,Open,0,0,0,23000
J00342,T6,Maintenance,Urgent,2026-06-25,2026-07-01,2026-06-28,Completed,3,1,1,13000
J00343,T1,Delivery,Standard,2026-07-13,2026-07-23,2026-07-17,Completed,4,1,0,17000
J00344,T2,Installation,High,2026-07-23,2026-07-31,2026-07-29,Completed,6,1,0,29000
J00345,T3,Maintenance,Urgent,2026-09-15,2026-09-19,2026-09-16,Completed,1,1,0,4000
J00346,T4,Delivery,Standard,2026-06-08,2026-06-15,,Open,0,0,0,27000
J00347,T5,Installation,High,2026-04-19,2026-04-25,2026-05-17,Completed,28,0,0,33000
J00348,T6,Maintenance,Urgent,2026-07-12,2026-07-14,2026-07-24,Completed,12,0,0,7000
J00349,T1,Delivery,Standard,2026-06-14,2026-06-19,2026-07-06,Completed,22,0,0,38000
J00350,T2,Installation,High,2026-09-02,2026-09-05,2026-09-28,Completed,26,0,0,2000
J00351,T3,Maintenance,Urgent,2026-09-20,2026-09-28,,Open,0,0,0,8000
J00352,T4,Delivery,Standard,2026-05-27,2026-06-01,2026-07-20,Completed,54,0,0,10000
J00353,T5,Installation,High,2026-06-06,2026-06-09,2026-08-30,Completed,85,0,1,24000
J00354,T6,Maintenance,Urgent,2026-05-08,2026-05-18,2026-08-25,Completed,109,0,0,5000
J00355,T1,Delivery,Standard,2026-08-29,2026-09-02,2026-09-16,Completed,18,0,0,39000
J00356,T2,Installation,High,2026-05-15,2026-05-17,,Open,0,0,0,29000
J00357,T3,Maintenance,Urgent,2026-08-17,2026-08-19,2026-08-17,Completed,0,1,0,21000
J00358,T4,Delivery,Standard,2026-07-13,2026-07-16,2026-09-16,Completed,65,0,0,38000
J00359,T5,Installation,High,2026-06-01,2026-06-05,2026-06-14,Completed,13,0,0,6000
J00360,T6,Maintenance,Urgent,2026-09-23,2026-10-03,2026-09-30,Completed,7,1,0,37000
J00361,T1,Delivery,Standard,2026-07-17,2026-07-20,,Open,0,0,0,14000
J00362,T2,Installation,High,2026-09-26,2026-09-28,2026-09-27,Completed,1,1,0,32000
J00363,T3,Maintenance,Urgent,2026-06-29,2026-07-04,2026-07-25,Completed,26,0,0,2000
J00364,T4,Delivery,Standard,2026-08-08,2026-08-10,2026-08-18,Completed,10,0,1,31000
J00365,T5,Installation,High,2026-05-05,2026-05-07,2026-07-12,Completed,68,0,0,9000
J00366,T6,Maintenance,Urgent,2026-06-02,2026-06-05,,Open,0,0,0,34000
J00367,T1,Delivery,Standard,2026-05-06,2026-05-10,2026-07-20,Completed,75,0,0,18000
J00368,T2,Installation,High,2026-08-12,2026-08-18,2026-09-17,Completed,36,0,0,6000
J00369,T3,Maintenance,Urgent,2026-04-08,2026-04-16,2026-09-25,Completed,170,0,0,23000
J00370,T4,Delivery,Standard,2026-07-22,2026-08-01,2026-08-31,Completed,40,0,0,22000
J00371,T5,Installation,High,2026-05-17,2026-05-21,,Open,0,0,0,29000
J00372,T6,Maintenance,Urgent,2026-06-17,2026-06-20,2026-07-17,Completed,30,0,0,7000
J00373,T1,Delivery,Standard,2026-06-18,2026-06-20,2026-06-28,Completed,10,0,0,35000
J00374,T2,Installation,High,2026-06-02,2026-06-09,2026-06-29,Completed,27,0,0,22000
J00375,T3,Maintenance,Urgent,2026-08-22,2026-08-24,2026-09-03,Completed,12,0,1,30000
J00376,T4,Delivery,Standard,2026-04-26,2026-05-03,,Open,0,0,0,26000
J00377,T5,Installation,High,2026-04-27,2026-04-30,2026-06-27,Completed,61,0,0,26000
J00378,T6,Maintenance,Urgent,2026-07-24,2026-08-01,2026-09-12,Completed,50,0,0,16000
J00379,T1,Delivery,Standard,2026-04-22,2026-04-25,2026-05-23,Completed,31,0,0,6000
J00380,T2,Installation,High,2026-06-23,2026-06-26,2026-07-09,Completed,16,0,0,30000
J00381,T3,Maintenance,Urgent,2026-09-07,2026-09-12,,Open,0,0,0,21000
J00382,T4,Delivery,Standard,2026-09-12,2026-09-14,2026-09-29,Completed,17,0,0,2000
J00383,T5,Installation,High,2026-06-13,2026-06-16,2026-09-08,Completed,87,0,0,28000
J00384,T6,Maintenance,Urgent,2026-04-10,2026-04-19,2026-07-12,Completed,93,0,0,38000
J00385,T1,Delivery,Standard,2026-07-18,2026-07-23,2026-09-09,Completed,53,0,0,38000
J00386,T2,Installation,High,2026-09-09,2026-09-17,,Open,0,0,0,14000
J00387,T3,Maintenance,Urgent,2026-09-24,2026-09-28,2026-09-25,Completed,1,1,0,3000
J00388,T4,Delivery,Standard,2026-07-21,2026-07-31,2026-09-15,Completed,56,0,0,17000
J00389,T5,Installation,High,2026-07-26,2026-08-03,2026-08-22,Completed,27,0,0,6000
J00390,T6,Maintenance,Urgent,2026-04-05,2026-04-14,2026-09-21,Completed,169,0,0,17000
J00391,T1,Delivery,Standard,2026-06-27,2026-07-03,,Open,0,0,0,6000
J00392,T2,Installation,High,2026-09-19,2026-09-28,2026-09-29,Completed,10,0,0,8000
J00393,T3,Maintenance,Urgent,2026-05-07,2026-05-16,2026-06-19,Completed,43,0,0,21000
J00394,T4,Delivery,Standard,2026-06-23,2026-07-01,2026-07-14,Completed,21,0,0,31000
J00395,T5,Installation,High,2026-07-23,2026-07-29,2026-07-26,Completed,3,1,0,15000
J00396,T6,Maintenance,Urgent,2026-08-17,2026-08-22,,Open,0,0,0,37000
J00397,T1,Delivery,Standard,2026-07-07,2026-07-09,2026-07-26,Completed,19,0,1,21000
J00398,T2,Installation,High,2026-04-24,2026-05-04,2026-07-08,Completed,75,0,0,8000
J00399,T3,Maintenance,Urgent,2026-08-19,2026-08-25,2026-08-29,Completed,10,0,0,36000
J00400,T4,Delivery,Standard,2026-08-12,2026-08-14,2026-09-18,Completed,37,0,0,36000
J00401,T5,Installation,High,2026-09-30,2026-10-04,,Open,0,0,0,7000
J00402,T6,Maintenance,Urgent,2026-05-25,2026-06-01,2026-06-29,Completed,35,0,0,33000
J00403,T1,Delivery,Standard,2026-07-15,2026-07-25,2026-08-18,Completed,34,0,0,34000
J00404,T2,Installation,High,2026-07-08,2026-07-14,2026-07-30,Completed,22,0,0,1000
J00405,T3,Maintenance,Urgent,2026-06-02,2026-06-04,2026-08-01,Completed,60,0,0,7000
J00406,T4,Delivery,Standard,2026-05-14,2026-05-16,,Open,0,0,0,15000
J00407,T5,Installation,High,2026-07-26,2026-07-30,2026-08-18,Completed,23,0,0,19000
J00408,T6,Maintenance,Urgent,2026-05-26,2026-06-05,2026-07-04,Completed,39,0,1,12000
J00409,T1,Delivery,Standard,2026-05-31,2026-06-07,2026-09-01,Completed,93,0,0,20000
J00410,T2,Installation,High,2026-08-11,2026-08-16,2026-08-23,Completed,12,0,0,17000
J00411,T3,Maintenance,Urgent,2026-08-08,2026-08-14,,Open,0,0,0,33000
J00412,T4,Delivery,Standard,2026-07-03,2026-07-05,2026-08-05,Completed,33,0,0,1000
J00413,T5,Installation,High,2026-05-31,2026-06-06,2026-07-01,Completed,31,0,0,28000
J00414,T6,Maintenance,Urgent,2026-04-24,2026-04-27,2026-05-20,Completed,26,0,0,9000
J00415,T1,Delivery,Standard,2026-07-14,2026-07-19,2026-09-12,Completed,60,0,0,16000
J00416,T2,Installation,High,2026-08-23,2026-08-30,,Open,0,0,0,19000
J00417,T3,Maintenance,Urgent,2026-05-03,2026-05-05,2026-05-07,Completed,4,0,0,7000
J00418,T4,Delivery,Standard,2026-08-12,2026-08-14,2026-09-03,Completed,22,0,0,10000
J00419,T5,Installation,High,2026-07-19,2026-07-22,2026-09-01,Completed,44,0,1,3000
J00420,T6,Maintenance,Urgent,2026-05-25,2026-05-30,2026-06-04,Completed,10,0,0,5000
J00421,T1,Delivery,Standard,2026-07-26,2026-07-29,,Open,0,0,0,9000
J00422,T2,Installation,High,2026-04-07,2026-04-15,2026-05-02,Completed,25,0,0,37000
J00423,T3,Maintenance,Urgent,2026-08-21,2026-08-28,2026-08-24,Completed,3,1,0,5000
J00424,T4,Delivery,Standard,2026-07-11,2026-07-18,2026-07-25,Completed,14,0,0,11000
J00425,T5,Installation,High,2026-05-11,2026-05-20,2026-06-23,Completed,43,0,0,20000
J00426,T6,Maintenance,Urgent,2026-06-30,2026-07-08,,Open,0,0,0,32000
J00427,T1,Delivery,Standard,2026-09-06,2026-09-12,2026-09-23,Completed,17,0,0,21000
J00428,T2,Installation,High,2026-04-24,2026-05-02,2026-09-04,Completed,133,0,0,11000
J00429,T3,Maintenance,Urgent,2026-05-27,2026-06-04,2026-05-29,Completed,2,1,0,38000
J00430,T4,Delivery,Standard,2026-09-22,2026-09-25,2026-09-24,Completed,2,1,1,24000
J00431,T5,Installation,High,2026-06-05,2026-06-14,,Open,0,0,0,21000
J00432,T6,Maintenance,Urgent,2026-09-28,2026-10-06,2026-09-28,Completed,0,1,0,34000
J00433,T1,Delivery,Standard,2026-06-03,2026-06-10,2026-06-08,Completed,5,1,0,14000
J00434,T2,Installation,High,2026-07-22,2026-07-30,2026-09-15,Completed,55,0,0,38000
J00435,T3,Maintenance,Urgent,2026-06-23,2026-06-29,2026-09-10,Completed,79,0,0,21000
J00436,T4,Delivery,Standard,2026-08-15,2026-08-19,,Open,0,0,0,35000
J00437,T5,Installation,High,2026-06-26,2026-07-04,2026-09-12,Completed,78,0,0,15000
J00438,T6,Maintenance,Urgent,2026-07-22,2026-07-27,2026-09-13,Completed,53,0,0,19000
J00439,T1,Delivery,Standard,2026-06-19,2026-06-21,2026-08-02,Completed,44,0,0,37000
J00440,T2,Installation,High,2026-08-18,2026-08-20,2026-09-03,Completed,16,0,0,29000
J00441,T3,Maintenance,Urgent,2026-04-29,2026-05-02,,Open,0,0,0,24000
J00442,T4,Delivery,Standard,2026-05-26,2026-06-03,2026-08-07,Completed,73,0,0,31000
J00443,T5,Installation,High,2026-06-24,2026-06-28,2026-07-22,Completed,28,0,0,24000
J00444,T6,Maintenance,Urgent,2026-08-15,2026-08-24,2026-09-04,Completed,20,0,0,5000
J00445,T1,Delivery,Standard,2026-09-11,2026-09-13,2026-09-11,Completed,0,1,0,8000
J00446,T2,Installation,High,2026-05-30,2026-06-06,,Open,0,0,0,29000
J00447,T3,Maintenance,Urgent,2026-05-26,2026-06-01,2026-06-12,Completed,17,0,0,14000
J00448,T4,Delivery,Standard,2026-06-03,2026-06-06,2026-06-15,Completed,12,0,0,24000
J00449,T5,Installation,High,2026-09-12,2026-09-16,2026-09-18,Completed,6,0,0,1000
J00450,T6,Maintenance,Urgent,2026-09-14,2026-09-18,2026-09-20,Completed,6,0,0,34000
J00451,T1,Delivery,Standard,2026-06-26,2026-07-01,,Open,0,0,0,33000
J00452,T2,Installation,High,2026-08-06,2026-08-09,2026-08-10,Completed,4,0,1,22000
J00453,T3,Maintenance,Urgent,2026-08-07,2026-08-14,2026-08-15,Completed,8,0,0,39000
J00454,T4,Delivery,Standard,2026-08-07,2026-08-15,2026-08-27,Completed,20,0,0,36000
J00455,T5,Installation,High,2026-07-03,2026-07-08,2026-09-25,Completed,84,0,0,3000
J00456,T6,Maintenance,Urgent,2026-04-20,2026-04-24,,Open,0,0,0,11000
J00457,T1,Delivery,Standard,2026-07-29,2026-08-07,2026-08-01,Completed,3,1,0,7000
J00458,T2,Installation,High,2026-09-25,2026-10-02,2026-09-25,Completed,0,1,0,30000
J00459,T3,Maintenance,Urgent,2026-07-12,2026-07-19,2026-07-15,Completed,3,1,0,14000
J00460,T4,Delivery,Standard,2026-07-07,2026-07-10,2026-09-03,Completed,58,0,0,30000
J00461,T5,Installation,High,2026-06-26,2026-07-06,,Open,0,0,0,2000
J00462,T6,Maintenance,Urgent,2026-09-05,2026-09-10,2026-09-09,Completed,4,1,0,17000
J00463,T1,Delivery,Standard,2026-04-06,2026-04-14,2026-09-07,Completed,154,0,1,29000
J00464,T2,Installation,High,2026-04-25,2026-04-29,2026-07-03,Completed,69,0,0,31000
J00465,T3,Maintenance,Urgent,2026-09-12,2026-09-17,2026-09-25,Completed,13,0,0,32000
J00466,T4,Delivery,Standard,2026-08-05,2026-08-11,,Open,0,0,0,5000
J00467,T5,Installation,High,2026-06-06,2026-06-12,2026-09-09,Completed,95,0,0,37000
J00468,T6,Maintenance,Urgent,2026-05-30,2026-06-06,2026-08-03,Completed,65,0,0,37000
J00469,T1,Delivery,Standard,2026-04-03,2026-04-10,2026-08-09,Completed,128,0,0,31000
J00470,T2,Installation,High,2026-06-16,2026-06-19,2026-07-22,Completed,36,0,0,19000
J00471,T3,Maintenance,Urgent,2026-09-17,2026-09-22,,Open,0,0,0,39000
J00472,T4,Delivery,Standard,2026-04-03,2026-04-08,2026-04-23,Completed,20,0,0,36000
J00473,T5,Installation,High,2026-05-19,2026-05-21,2026-09-10,Completed,114,0,0,32000
J00474,T6,Maintenance,Urgent,2026-05-05,2026-05-10,2026-08-08,Completed,95,0,1,18000
J00475,T1,Delivery,Standard,2026-05-23,2026-05-26,2026-07-14,Completed,52,0,0,21000
J00476,T2,Installation,High,2026-06-24,2026-07-01,,Open,0,0,0,10000
J00477,T3,Maintenance,Urgent,2026-05-23,2026-06-02,2026-08-21,Completed,90,0,0,30000
J00478,T4,Delivery,Standard,2026-09-25,2026-10-04,2026-09-26,Completed,1,1,0,1000
J00479,T5,Installation,High,2026-04-29,2026-05-05,2026-09-06,Completed,130,0,0,18000
J00480,T6,Maintenance,Urgent,2026-09-13,2026-09-15,2026-09-25,Completed,12,0,0,5000
J00481,T1,Delivery,Standard,2026-07-30,2026-08-02,,Open,0,0,0,11000
J00482,T2,Installation,High,2026-05-24,2026-05-28,2026-07-10,Completed,47,0,0,27000
J00483,T3,Maintenance,Urgent,2026-08-30,2026-09-02,2026-09-13,Completed,14,0,0,13000
J00484,T4,Delivery,Standard,2026-06-09,2026-06-19,2026-07-02,Completed,23,0,0,4000
J00485,T5,Installation,High,2026-08-05,2026-08-13,2026-08-19,Completed,14,0,1,24000
J00486,T6,Maintenance,Urgent,2026-09-22,2026-10-01,,Open,0,0,0,17000
J00487,T1,Delivery,Standard,2026-09-12,2026-09-14,2026-09-28,Completed,16,0,0,22000
J00488,T2,Installation,High,2026-05-16,2026-05-21,2026-09-20,Completed,127,0,0,19000
J00489,T3,Maintenance,Urgent,2026-07-20,2026-07-25,2026-08-29,Completed,40,0,0,14000
J00490,T4,Delivery,Standard,2026-09-08,2026-09-17,2026-09-16,Completed,8,1,0,30000
J00491,T5,Installation,High,2026-05-21,2026-05-26,,Open,0,0,0,13000
J00492,T6,Maintenance,Urgent,2026-07-21,2026-07-23,2026-07-28,Completed,7,0,0,39000
J00493,T1,Delivery,Standard,2026-05-19,2026-05-22,2026-06-22,Completed,34,0,0,7000
J00494,T2,Installation,High,2026-08-04,2026-08-11,2026-09-20,Completed,47,0,0,22000
J00495,T3,Maintenance,Urgent,2026-05-07,2026-05-09,2026-05-23,Completed,16,0,0,3000
J00496,T4,Delivery,Standard,2026-06-02,2026-06-08,,Open,0,0,0,26000
J00497,T5,Installation,High,2026-09-14,2026-09-23,2026-09-27,Completed,13,0,0,38000
J00498,T6,Maintenance,Urgent,2026-07-21,2026-07-24,2026-08-26,Completed,36,0,0,26000
J00499,T1,Delivery,Standard,2026-05-26,2026-06-01,2026-07-02,Completed,37,0,0,7000
J00500,T2,Installation,High,2026-04-15,2026-04-18,2026-06-11,Completed,57,0,0,6000
J00501,T3,Maintenance,Urgent,2026-09-05,2026-09-11,,Open,0,0,0,28000
J00502,T4,Delivery,Standard,2026-09-12,2026-09-22,2026-09-24,Completed,12,0,0,31000
J00503,T5,Installation,High,2026-04-21,2026-05-01,2026-07-02,Completed,72,0,0,2000
J00504,T6,Maintenance,Urgent,2026-08-15,2026-08-21,2026-08-22,Completed,7,0,0,15000
J00505,T1,Delivery,Standard,2026-05-13,2026-05-22,2026-07-06,Completed,54,0,0,3000
J00506,T2,Installation,High,2026-04-10,2026-04-16,,Open,0,0,0,24000
J00507,T3,Maintenance,Urgent,2026-04-19,2026-04-24,2026-06-18,Completed,60,0,1,11000
J00508,T4,Delivery,Standard,2026-05-27,2026-06-06,2026-08-30,Completed,95,0,0,14000
J00509,T5,Installation,High,2026-09-22,2026-09-26,2026-09-30,Completed,8,0,0,24000
J00510,T6,Maintenance,Urgent,2026-05-29,2026-06-08,2026-06-13,Completed,15,0,0,28000
J00511,T1,Delivery,Standard,2026-09-06,2026-09-11,,Open,0,0,0,11000
J00512,T2,Installation,High,2026-07-18,2026-07-25,2026-07-28,Completed,10,0,0,8000
J00513,T3,Maintenance,Urgent,2026-04-27,2026-05-01,2026-05-22,Completed,25,0,0,39000
J00514,T4,Delivery,Standard,2026-04-03,2026-04-07,2026-08-29,Completed,148,0,0,1000
J00515,T5,Installation,High,2026-08-19,2026-08-26,2026-09-28,Completed,40,0,0,19000
J00516,T6,Maintenance,Urgent,2026-05-13,2026-05-21,,Open,0,0,0,22000
J00517,T1,Delivery,Standard,2026-06-16,2026-06-26,2026-07-26,Completed,40,0,0,12000
J00518,T2,Installation,High,2026-05-13,2026-05-21,2026-06-10,Completed,28,0,1,8000
J00519,T3,Maintenance,Urgent,2026-08-29,2026-09-05,2026-09-28,Completed,30,0,0,22000
J00520,T4,Delivery,Standard,2026-09-05,2026-09-11,2026-09-23,Completed,18,0,0,37000
J00521,T5,Installation,High,2026-05-09,2026-05-18,,Open,0,0,0,37000
J00522,T6,Maintenance,Urgent,2026-04-28,2026-05-07,2026-09-03,Completed,128,0,0,29000
J00523,T1,Delivery,Standard,2026-07-21,2026-07-28,2026-07-27,Completed,6,1,0,22000
J00524,T2,Installation,High,2026-08-28,2026-09-02,2026-09-29,Completed,32,0,0,13000
J00525,T3,Maintenance,Urgent,2026-09-06,2026-09-11,2026-09-09,Completed,3,1,0,12000
J00526,T4,Delivery,Standard,2026-07-31,2026-08-03,,Open,0,0,0,4000
J00527,T5,Installation,High,2026-09-19,2026-09-26,2026-09-19,Completed,0,1,0,9000
J00528,T6,Maintenance,Urgent,2026-07-20,2026-07-26,2026-07-30,Completed,10,0,0,17000
J00529,T1,Delivery,Standard,2026-08-26,2026-09-05,2026-08-28,Completed,2,1,1,4000
J00530,T2,Installation,High,2026-05-22,2026-05-29,2026-06-02,Completed,11,0,0,17000
J00531,T3,Maintenance,Urgent,2026-05-24,2026-05-26,,Open,0,0,0,30000
J00532,T4,Delivery,Standard,2026-08-11,2026-08-13,2026-08-31,Completed,20,0,0,27000
J00533,T5,Installation,High,2026-07-20,2026-07-30,2026-09-27,Completed,69,0,0,21000
J00534,T6,Maintenance,Urgent,2026-08-27,2026-08-31,2026-09-12,Completed,16,0,0,30000
J00535,T1,Delivery,Standard,2026-06-29,2026-07-06,2026-09-25,Completed,88,0,0,1000
J00536,T2,Installation,High,2026-04-08,2026-04-17,,Open,0,0,0,13000
J00537,T3,Maintenance,Urgent,2026-05-02,2026-05-08,2026-09-22,Completed,143,0,0,1000
J00538,T4,Delivery,Standard,2026-05-24,2026-05-27,2026-08-10,Completed,78,0,0,9000
J00539,T5,Installation,High,2026-05-20,2026-05-22,2026-06-24,Completed,35,0,0,12000
J00540,T6,Maintenance,Urgent,2026-08-17,2026-08-21,2026-09-16,Completed,30,0,1,30000
J00541,T1,Delivery,Standard,2026-04-05,2026-04-12,,Open,0,0,0,22000
J00542,T2,Installation,High,2026-09-14,2026-09-17,2026-09-17,Completed,3,1,0,14000
J00543,T3,Maintenance,Urgent,2026-04-22,2026-05-02,2026-06-02,Completed,41,0,0,28000
J00544,T4,Delivery,Standard,2026-08-04,2026-08-09,2026-09-26,Completed,53,0,0,14000
J00545,T5,Installation,High,2026-07-14,2026-07-19,2026-08-03,Completed,20,0,0,8000
J00546,T6,Maintenance,Urgent,2026-05-14,2026-05-24,,Open,0,0,0,27000
J00547,T1,Delivery,Standard,2026-05-28,2026-06-04,2026-08-14,Completed,78,0,0,34000
J00548,T2,Installation,High,2026-09-23,2026-09-27,2026-09-25,Completed,2,1,0,1000
J00549,T3,Maintenance,Urgent,2026-05-25,2026-06-02,2026-08-07,Completed,74,0,0,35000
J00550,T4,Delivery,Standard,2026-08-27,2026-09-03,2026-09-02,Completed,6,1,0,34000
J00551,T5,Installation,High,2026-06-11,2026-06-14,,Open,0,0,0,24000
J00552,T6,Maintenance,Urgent,2026-09-23,2026-09-29,2026-09-27,Completed,4,1,0,2000
J00553,T1,Delivery,Standard,2026-05-12,2026-05-21,2026-07-15,Completed,64,0,0,31000
J00554,T2,Installation,High,2026-09-18,2026-09-23,2026-09-21,Completed,3,1,0,9000
J00555,T3,Maintenance,Urgent,2026-07-17,2026-07-21,2026-09-08,Completed,53,0,0,15000
J00556,T4,Delivery,Standard,2026-06-02,2026-06-07,,Open,0,0,0,35000
J00557,T5,Installation,High,2026-05-24,2026-05-27,2026-06-28,Completed,35,0,0,38000
J00558,T6,Maintenance,Urgent,2026-04-24,2026-04-27,2026-07-25,Completed,92,0,0,8000
J00559,T1,Delivery,Standard,2026-06-10,2026-06-12,2026-08-19,Completed,70,0,0,36000
J00560,T2,Installation,High,2026-06-27,2026-07-06,2026-07-28,Completed,31,0,0,7000
J00561,T3,Maintenance,Urgent,2026-06-27,2026-07-01,,Open,0,0,0,1000
J00562,T4,Delivery,Standard,2026-07-10,2026-07-18,2026-07-10,Completed,0,1,1,18000
J00563,T5,Installation,High,2026-06-13,2026-06-19,2026-08-14,Completed,62,0,0,30000
J00564,T6,Maintenance,Urgent,2026-05-28,2026-06-05,2026-06-08,Completed,11,0,0,9000
J00565,T1,Delivery,Standard,2026-08-08,2026-08-12,2026-09-23,Completed,46,0,0,4000
J00566,T2,Installation,High,2026-09-25,2026-10-05,,Open,0,0,0,18000
J00567,T3,Maintenance,Urgent,2026-06-23,2026-06-30,2026-09-11,Completed,80,0,0,10000
J00568,T4,Delivery,Standard,2026-09-29,2026-10-04,2026-09-30,Completed,1,1,0,32000
J00569,T5,Installation,High,2026-04-15,2026-04-24,2026-07-31,Completed,107,0,0,39000
J00570,T6,Maintenance,Urgent,2026-09-05,2026-09-11,2026-09-27,Completed,22,0,0,25000
J00571,T1,Delivery,Standard,2026-08-02,2026-08-06,,Open,0,0,0,12000
J00572,T2,Installation,High,2026-08-24,2026-09-02,2026-08-24,Completed,0,1,0,1000
J00573,T3,Maintenance,Urgent,2026-06-03,2026-06-09,2026-09-20,Completed,109,0,1,28000
J00574,T4,Delivery,Standard,2026-05-25,2026-05-28,2026-06-22,Completed,28,0,0,38000
J00575,T5,Installation,High,2026-09-16,2026-09-20,2026-09-26,Completed,10,0,0,38000
J00576,T6,Maintenance,Urgent,2026-07-27,2026-07-30,,Open,0,0,0,3000
J00577,T1,Delivery,Standard,2026-09-17,2026-09-19,2026-09-30,Completed,13,0,0,2000
J00578,T2,Installation,High,2026-05-02,2026-05-04,2026-07-20,Completed,79,0,0,15000
J00579,T3,Maintenance,Urgent,2026-04-18,2026-04-20,2026-07-25,Completed,98,0,0,15000
J00580,T4,Delivery,Standard,2026-05-31,2026-06-03,2026-07-22,Completed,52,0,0,36000
J00581,T5,Installation,High,2026-07-09,2026-07-18,,Open,0,0,0,7000
J00582,T6,Maintenance,Urgent,2026-09-03,2026-09-13,2026-09-26,Completed,23,0,0,28000
J00583,T1,Delivery,Standard,2026-05-09,2026-05-16,2026-09-14,Completed,128,0,0,17000
J00584,T2,Installation,High,2026-08-16,2026-08-24,2026-09-09,Completed,24,0,1,17000
J00585,T3,Maintenance,Urgent,2026-09-28,2026-09-30,2026-09-30,Completed,2,1,0,9000
J00586,T4,Delivery,Standard,2026-06-26,2026-07-02,,Open,0,0,0,2000
J00587,T5,Installation,High,2026-06-25,2026-07-02,2026-08-16,Completed,52,0,0,13000
J00588,T6,Maintenance,Urgent,2026-07-21,2026-07-28,2026-08-05,Completed,15,0,0,1000
J00589,T1,Delivery,Standard,2026-07-08,2026-07-14,2026-07-12,Completed,4,1,0,28000
J00590,T2,Installation,High,2026-05-18,2026-05-28,2026-09-08,Completed,113,0,0,30000
J00591,T3,Maintenance,Urgent,2026-07-17,2026-07-27,,Open,0,0,0,38000
J00592,T4,Delivery,Standard,2026-04-04,2026-04-08,2026-08-08,Completed,126,0,0,16000
J00593,T5,Installation,High,2026-05-04,2026-05-06,2026-07-31,Completed,88,0,0,8000
J00594,T6,Maintenance,Urgent,2026-08-12,2026-08-20,2026-09-11,Completed,30,0,0,21000
J00595,T1,Delivery,Standard,2026-04-21,2026-04-30,2026-08-07,Completed,108,0,1,35000
J00596,T2,Installation,High,2026-07-29,2026-08-07,,Open,0,0,0,13000
J00597,T3,Maintenance,Urgent,2026-07-08,2026-07-17,2026-08-07,Completed,30,0,0,20000
J00598,T4,Delivery,Standard,2026-06-08,2026-06-17,2026-08-21,Completed,74,0,0,27000
J00599,T5,Installation,High,2026-05-30,2026-06-05,2026-07-29,Completed,60,0,0,7000
J00600,T6,Maintenance,Urgent,2026-08-01,2026-08-08,2026-08-16,Completed,15,0,0,33000
J00601,T1,Delivery,Standard,2026-07-26,2026-07-31,,Open,0,0,0,22000
J00602,T2,Installation,High,2026-08-23,2026-08-30,2026-09-14,Completed,22,0,0,31000
J00603,T3,Maintenance,Urgent,2026-06-03,2026-06-09,2026-07-27,Completed,54,0,0,7000
J00604,T4,Delivery,Standard,2026-04-05,2026-04-15,2026-05-14,Completed,39,0,0,26000
J00605,T5,Installation,High,2026-04-08,2026-04-10,2026-05-26,Completed,48,0,0,24000
J00606,T6,Maintenance,Urgent,2026-08-02,2026-08-06,,Open,0,0,0,8000
J00607,T1,Delivery,Standard,2026-06-10,2026-06-18,2026-09-27,Completed,109,0,0,14000
J00608,T2,Installation,High,2026-07-03,2026-07-08,2026-07-03,Completed,0,1,0,28000
J00609,T3,Maintenance,Urgent,2026-09-18,2026-09-21,2026-09-23,Completed,5,0,0,28000
J00610,T4,Delivery,Standard,2026-04-20,2026-04-28,2026-06-29,Completed,70,0,0,34000
J00611,T5,Installation,High,2026-06-30,2026-07-05,,Open,0,0,0,31000
J00612,T6,Maintenance,Urgent,2026-09-30,2026-10-06,,Open,0,0,0,33000
J00613,T1,Delivery,Standard,2026-06-11,2026-06-15,2026-07-06,Completed,25,0,0,16000
J00614,T2,Installation,High,2026-09-08,2026-09-17,2026-09-10,Completed,2,1,0,24000
J00615,T3,Maintenance,Urgent,2026-07-12,2026-07-14,2026-07-30,Completed,18,0,0,38000
J00616,T4,Delivery,Standard,2026-06-01,2026-06-04,,Open,0,0,0,36000
J00617,T5,Installation,High,2026-06-02,2026-06-05,2026-09-22,Completed,112,0,1,6000
J00618,T6,Maintenance,Urgent,2026-09-17,2026-09-21,2026-09-22,Completed,5,0,0,13000
J00619,T1,Delivery,Standard,2026-08-23,2026-09-02,2026-09-14,Completed,22,0,0,20000
J00620,T2,Installation,High,2026-06-10,2026-06-18,2026-09-11,Completed,93,0,0,7000
J00621,T3,Maintenance,Urgent,2026-07-13,2026-07-16,,Open,0,0,0,26000
J00622,T4,Delivery,Standard,2026-05-22,2026-05-29,2026-07-03,Completed,42,0,0,14000
J00623,T5,Installation,High,2026-08-30,2026-09-08,2026-09-02,Completed,3,1,0,9000
J00624,T6,Maintenance,Urgent,2026-09-17,2026-09-27,2026-09-23,Completed,6,1,0,35000
J00625,T1,Delivery,Standard,2026-06-27,2026-07-05,2026-09-19,Completed,84,0,0,16000
J00626,T2,Installation,High,2026-09-17,2026-09-27,,Open,0,0,0,12000
J00627,T3,Maintenance,Urgent,2026-05-29,2026-06-03,2026-09-15,Completed,109,0,0,28000
J00628,T4,Delivery,Standard,2026-08-20,2026-08-25,2026-09-13,Completed,24,0,1,8000
J00629,T5,Installation,High,2026-07-01,2026-07-04,2026-08-15,Completed,45,0,0,12000
J00630,T6,Maintenance,Urgent,2026-07-04,2026-07-14,2026-07-18,Completed,14,0,0,38000
J00631,T1,Delivery,Standard,2026-07-11,2026-07-17,,Open,0,0,0,12000
J00632,T2,Installation,High,2026-09-14,2026-09-22,2026-09-19,Completed,5,1,0,13000
J00633,T3,Maintenance,Urgent,2026-07-28,2026-08-07,2026-09-04,Completed,38,0,0,14000
J00634,T4,Delivery,Standard,2026-04-12,2026-04-14,2026-04-24,Completed,12,0,0,27000
J00635,T5,Installation,High,2026-05-25,2026-06-01,2026-07-17,Completed,53,0,0,30000
J00636,T6,Maintenance,Urgent,2026-04-07,2026-04-09,,Open,0,0,0,21000
J00637,T1,Delivery,Standard,2026-04-10,2026-04-15,2026-05-22,Completed,42,0,0,16000
J00638,T2,Installation,High,2026-07-21,2026-07-24,2026-09-11,Completed,52,0,0,37000
J00639,T3,Maintenance,Urgent,2026-07-29,2026-08-08,2026-09-29,Completed,62,0,1,3000
J00640,T4,Delivery,Standard,2026-08-21,2026-08-23,2026-08-24,Completed,3,0,0,37000
J00641,T5,Installation,High,2026-09-26,2026-10-04,,Open,0,0,0,2000
J00642,T6,Maintenance,Urgent,2026-04-04,2026-04-08,2026-09-27,Completed,176,0,0,16000
J00643,T1,Delivery,Standard,2026-04-16,2026-04-20,2026-09-04,Completed,141,0,0,26000
J00644,T2,Installation,High,2026-06-14,2026-06-21,2026-06-23,Completed,9,0,0,23000
J00645,T3,Maintenance,Urgent,2026-07-27,2026-07-31,2026-09-15,Completed,50,0,0,36000
J00646,T4,Delivery,Standard,2026-04-12,2026-04-15,,Open,0,0,0,13000
J00647,T5,Installation,High,2026-07-04,2026-07-13,2026-07-12,Completed,8,1,0,36000
J00648,T6,Maintenance,Urgent,2026-06-30,2026-07-09,2026-09-12,Completed,74,0,0,29000
J00649,T1,Delivery,Standard,2026-05-08,2026-05-13,2026-09-06,Completed,121,0,0,28000
J00650,T2,Installation,High,2026-09-30,2026-10-07,,Open,0,0,0,25000
J00651,T3,Maintenance,Urgent,2026-05-18,2026-05-25,,Open,0,0,0,2000
J00652,T4,Delivery,Standard,2026-05-03,2026-05-05,2026-08-28,Completed,117,0,0,39000
J00653,T5,Installation,High,2026-08-23,2026-09-01,2026-09-13,Completed,21,0,0,14000
J00654,T6,Maintenance,Urgent,2026-07-15,2026-07-17,2026-09-21,Completed,68,0,0,10000
J00655,T1,Delivery,Standard,2026-09-28,2026-10-05,2026-09-28,Completed,0,1,0,36000
J00656,T2,Installation,High,2026-08-27,2026-09-02,,Open,0,0,0,16000
J00657,T3,Maintenance,Urgent,2026-05-14,2026-05-21,2026-08-14,Completed,92,0,0,36000
J00658,T4,Delivery,Standard,2026-05-27,2026-06-01,2026-07-23,Completed,57,0,0,21000
J00659,T5,Installation,High,2026-05-13,2026-05-18,2026-09-20,Completed,130,0,0,8000
J00660,T6,Maintenance,Urgent,2026-07-16,2026-07-21,2026-09-10,Completed,56,0,0,15000
J00661,T1,Delivery,Standard,2026-06-25,2026-07-02,,Open,0,0,0,4000
J00662,T2,Installation,High,2026-06-04,2026-06-14,2026-07-06,Completed,32,0,0,20000
J00663,T3,Maintenance,Urgent,2026-07-24,2026-07-27,2026-08-26,Completed,33,0,0,37000
J00664,T4,Delivery,Standard,2026-06-20,2026-06-25,2026-07-29,Completed,39,0,0,27000
J00665,T5,Installation,High,2026-08-09,2026-08-14,2026-09-01,Completed,23,0,0,15000
J00666,T6,Maintenance,Urgent,2026-04-28,2026-05-03,,Open,0,0,0,2000
J00667,T1,Delivery,Standard,2026-06-08,2026-06-15,2026-09-13,Completed,97,0,0,25000
J00668,T2,Installation,High,2026-09-02,2026-09-10,2026-09-11,Completed,9,0,0,21000
J00669,T3,Maintenance,Urgent,2026-05-04,2026-05-12,2026-06-13,Completed,40,0,0,29000
J00670,T4,Delivery,Standard,2026-07-19,2026-07-28,2026-08-09,Completed,21,0,0,9000
J00671,T5,Installation,High,2026-06-21,2026-06-26,,Open,0,0,0,1000
J00672,T6,Maintenance,Urgent,2026-04-21,2026-04-26,2026-06-05,Completed,45,0,1,11000
J00673,T1,Delivery,Standard,2026-05-14,2026-05-18,2026-06-30,Completed,47,0,0,17000
J00674,T2,Installation,High,2026-06-14,2026-06-22,2026-06-26,Completed,12,0,0,2000
J00675,T3,Maintenance,Urgent,2026-04-22,2026-04-25,2026-07-03,Completed,72,0,0,16000
J00676,T4,Delivery,Standard,2026-05-15,2026-05-17,,Open,0,0,0,17000
J00677,T5,Installation,High,2026-07-11,2026-07-15,2026-07-27,Completed,16,0,0,29000
J00678,T6,Maintenance,Urgent,2026-06-11,2026-06-19,2026-09-25,Completed,106,0,0,11000
J00679,T1,Delivery,Standard,2026-05-28,2026-06-01,2026-08-26,Completed,90,0,0,15000
J00680,T2,Installation,High,2026-06-21,2026-06-27,2026-08-02,Completed,42,0,0,1000
J00681,T3,Maintenance,Urgent,2026-08-19,2026-08-21,,Open,0,0,0,15000
J00682,T4,Delivery,Standard,2026-04-03,2026-04-11,2026-04-22,Completed,19,0,0,35000
J00683,T5,Installation,High,2026-06-13,2026-06-17,2026-09-05,Completed,84,0,1,28000
J00684,T6,Maintenance,Urgent,2026-05-13,2026-05-22,2026-08-26,Completed,105,0,0,29000
J00685,T1,Delivery,Standard,2026-07-29,2026-08-08,2026-09-27,Completed,60,0,0,12000
J00686,T2,Installation,High,2026-06-27,2026-06-30,,Open,0,0,0,12000
J00687,T3,Maintenance,Urgent,2026-04-03,2026-04-05,2026-04-30,Completed,27,0,0,2000
J00688,T4,Delivery,Standard,2026-09-26,2026-09-30,2026-09-28,Completed,2,1,0,29000
J00689,T5,Installation,High,2026-04-04,2026-04-12,2026-04-15,Completed,11,0,0,20000
J00690,T6,Maintenance,Urgent,2026-05-09,2026-05-11,2026-08-26,Completed,109,0,0,11000
J00691,T1,Delivery,Standard,2026-08-01,2026-08-03,,Open,0,0,0,37000
J00692,T2,Installation,High,2026-07-29,2026-08-08,2026-07-29,Completed,0,1,0,22000
J00693,T3,Maintenance,Urgent,2026-06-07,2026-06-16,2026-08-10,Completed,64,0,0,3000
J00694,T4,Delivery,Standard,2026-05-01,2026-05-03,2026-06-02,Completed,32,0,1,18000
J00695,T5,Installation,High,2026-05-21,2026-05-27,2026-05-26,Completed,5,1,0,36000
J00696,T6,Maintenance,Urgent,2026-07-19,2026-07-24,,Open,0,0,0,21000
J00697,T1,Delivery,Standard,2026-07-27,2026-08-05,2026-09-14,Completed,49,0,0,10000
J00698,T2,Installation,High,2026-05-16,2026-05-19,2026-06-07,Completed,22,0,0,25000
J00699,T3,Maintenance,Urgent,2026-05-03,2026-05-05,2026-06-12,Completed,40,0,0,22000
J00700,T4,Delivery,Standard,2026-05-18,2026-05-20,2026-07-20,Completed,63,0,0,8000
J00701,T5,Installation,High,2026-05-11,2026-05-17,,Open,0,0,0,16000
J00702,T6,Maintenance,Urgent,2026-09-20,2026-09-28,2026-09-23,Completed,3,1,0,25000
J00703,T1,Delivery,Standard,2026-08-01,2026-08-09,2026-08-29,Completed,28,0,0,8000
J00704,T2,Installation,High,2026-04-10,2026-04-19,2026-06-07,Completed,58,0,0,18000
J00705,T3,Maintenance,Urgent,2026-06-13,2026-06-20,2026-09-22,Completed,101,0,1,25000
J00706,T4,Delivery,Standard,2026-08-03,2026-08-11,,Open,0,0,0,23000
J00707,T5,Installation,High,2026-04-18,2026-04-20,2026-08-17,Completed,121,0,0,34000
J00708,T6,Maintenance,Urgent,2026-08-16,2026-08-24,2026-09-18,Completed,33,0,0,35000
J00709,T1,Delivery,Standard,2026-08-15,2026-08-23,2026-09-16,Completed,32,0,0,17000
J00710,T2,Installation,High,2026-08-24,2026-09-03,2026-08-29,Completed,5,1,0,15000
J00711,T3,Maintenance,Urgent,2026-07-02,2026-07-07,,Open,0,0,0,33000
J00712,T4,Delivery,Standard,2026-09-15,2026-09-25,2026-09-18,Completed,3,1,0,13000
J00713,T5,Installation,High,2026-07-27,2026-07-31,2026-09-08,Completed,43,0,0,31000
J00714,T6,Maintenance,Urgent,2026-07-05,2026-07-15,2026-09-22,Completed,79,0,0,4000
J00715,T1,Delivery,Standard,2026-06-16,2026-06-22,2026-09-02,Completed,78,0,0,29000
J00716,T2,Installation,High,2026-06-15,2026-06-19,,Open,0,0,0,30000
J00717,T3,Maintenance,Urgent,2026-08-20,2026-08-24,2026-08-28,Completed,8,0,0,39000
J00718,T4,Delivery,Standard,2026-04-06,2026-04-13,2026-06-25,Completed,80,0,0,10000
J00719,T5,Installation,High,2026-09-27,2026-10-05,2026-09-28,Completed,1,1,0,13000
J00720,T6,Maintenance,Urgent,2026-04-22,2026-04-26,2026-08-13,Completed,113,0,0,39000
