period,group,item,status,actual,cost,target,units,extra,reject,wastecost
2025-01,Assembly,WO-2081,Above 3%,119831.45,88812.94,99503.51,51,4.4,0.044,3907.77
2025-02,Paint,WO-2081,Above 3%,95218.3,65159.61,85268.51,40,2.7,0.027,1759.31
2025-03,Press,WO-2081,Within limit,70730.34,53565.29,101893.52,30,3.5,0.035,1874.79
2025-04,Packaging,WO-2081,Above 3%,74574.67,42225.99,74383.56,31,2.7,0.027,1140.1
2025-05,Assembly,WO-2092,Within limit,121450.92,80687.69,91161.46,51,5.8,0.058,4679.89
2025-06,Paint,WO-2092,Above 3%,105081.7,80088.19,88712.96,44,2.7,0.027,2162.38
2025-07,Press,WO-2092,Within limit,71705.33,42505.43,68603.38,30,3.8,0.038,1615.21
2025-08,Packaging,WO-2092,Above 3%,81842.1,62042.77,85099.58,34,5.9,0.059,3660.52
2025-09,Assembly,WO-2138,Above 3%,56136.62,47565.94,74765.87,23,3.5,0.035,1664.81
2025-10,Paint,WO-2138,Above 3%,50053.39,33783.45,72870.16,21,4.5,0.045,1520.26
2025-11,Press,WO-2138,Above 3%,57667.74,43107.23,76183.89,24,5.6,0.056,2414.0
2025-12,Packaging,WO-2138,Above 3%,108229.2,82475.9,92620.77,46,3.5,0.035,2886.66
2026-01,Assembly,WO-2190,Above 3%,54842.49,38311.29,73830.27,23,7.6,0.076,2911.66
2026-02,Paint,WO-2190,Above 3%,115460.63,94124.11,104957.17,49,5.5,0.055,5176.83
2026-03,Press,WO-2190,Above 3%,74903.43,39805.94,69910.12,32,5.9,0.059,2348.55
2026-04,Packaging,WO-2190,Above 3%,124699.85,103873.14,93081.44,53,2.6,0.026,2700.7
2026-05,Assembly,WO-2081,Within limit,93825.88,85277.69,79294.47,40,4.7,0.047,4008.05
2026-06,Paint,WO-2081,Above 3%,65612.23,36093.91,66926.36,28,2.1,0.021,757.97
2026-07,Press,WO-2081,Within limit,79393.58,57463.41,65757.52,33,3.3,0.033,1896.29
2026-08,Packaging,WO-2081,Above 3%,133024.67,72395.28,97216.3,56,5.2,0.052,3764.55
2026-09,Assembly,WO-2092,Above 3%,63081.34,54985.48,80819.84,26,6.4,0.064,3519.07
2026-10,Paint,WO-2092,Above 3%,100602.75,78597.52,81275.69,42,5.3,0.053,4165.67
2026-11,Press,WO-2092,Above 3%,85482.0,39979.99,73450.1,36,3.8,0.038,1519.24
2026-12,Packaging,WO-2092,Above 3%,70388.36,33642.22,57603.11,30,3.7,0.037,1244.76
2027-01,Assembly,WO-2138,Above 3%,128586.78,108136.0,101998.78,54,3.5,0.035,3784.76
2027-02,Paint,WO-2138,Above 3%,98626.3,61878.33,78738.09,42,4.4,0.044,2722.65
2027-03,Press,WO-2138,Above 3%,70510.35,51238.74,58143.11,30,1.9,0.019,973.54
2027-04,Packaging,WO-2138,Within limit,66861.18,36585.44,65594.48,28,1.4,0.014,512.2
2027-05,Assembly,WO-2190,Within limit,45073.12,32190.28,68222.85,19,4.5,0.045,1448.56
2027-06,Paint,WO-2190,Above 3%,89089.77,42155.08,68193.49,38,7.1,0.071,2993.01
2027-07,Press,WO-2190,Above 3%,97689.11,69633.97,101660.26,41,7.8,0.078,5431.45
2027-08,Packaging,WO-2190,Above 3%,84132.77,66313.73,83544.95,35,1.2,0.012,795.76
2027-09,Assembly,WO-2081,Within limit,80232.49,50581.16,90629.67,34,6.5,0.065,3287.78
2027-10,Paint,WO-2081,Above 3%,76494.15,70495.68,66592.6,32,6.1,0.061,4300.24
2027-11,Press,WO-2081,Above 3%,94346.52,83754.22,96400.17,40,2.6,0.026,2177.61
2027-12,Packaging,WO-2081,Within limit,81989.27,61064.4,101261.22,35,3.4,0.034,2076.19
2028-01,Assembly,WO-2092,Above 3%,123285.57,74451.99,88731.58,52,3.2,0.032,2382.46
2028-02,Paint,WO-2092,Above 3%,104928.17,97207.45,87074.36,44,1.4,0.014,1360.9
2028-03,Press,WO-2092,Within limit,64218.93,39877.23,55624.52,27,2.8,0.028,1116.56
2028-04,Packaging,WO-2092,Within limit,75787.56,67191.49,62914.2,32,1.7,0.017,1142.26
2028-05,Assembly,WO-2138,Within limit,66021.82,54054.35,57382.73,28,5.3,0.053,2864.88
2028-06,Paint,WO-2138,Above 3%,90096.07,46544.73,87990.29,38,2.5,0.025,1163.62
2028-07,Press,WO-2138,Within limit,89217.6,70482.37,94673.23,38,5.4,0.054,3806.05
2028-08,Packaging,WO-2138,Above 3%,79160.91,56252.52,95941.09,33,5.6,0.056,3150.14
2028-09,Assembly,WO-2190,Above 3%,90198.92,72677.32,87290.53,38,7.5,0.075,5450.8
2028-10,Paint,WO-2190,Above 3%,71530.72,33709.03,69408.48,30,5.9,0.059,1988.83
2028-11,Press,WO-2190,Above 3%,44406.32,28717.38,60836.93,18,4.3,0.043,1234.85
2028-12,Packaging,WO-2190,Above 3%,74430.37,44093.61,65678.89,31,4.2,0.042,1851.93
