period,group,item,status,actual,cost,target,units,extra
2025-01,Retail,INV-1042,Current,135443.66,118740.13,118271.75,36,114.5
2025-02,Workshop,INV-1042,1–30 overdue,81216.17,106416.49,115916.33,40,70.1
2025-03,Fleet,INV-1042,31–60 overdue,151011.84,79968.64,151201.33,27,99.9
2025-04,Corporate,INV-1042,61+ overdue,170098.94,110912.91,155908.07,45,109.1
2025-05,Retail,INV-1068,Current,34146.83,52716.74,89958.87,17,38.0
2025-06,Workshop,INV-1068,1–30 overdue,106484.46,56807.02,104233.9,26,102.2
2025-07,Fleet,INV-1068,31–60 overdue,113956.73,58448.61,97578.12,31,116.8
2025-08,Corporate,INV-1068,61+ overdue,52608.44,100714.34,118715.69,44,44.3
2025-09,Retail,INV-1104,Current,53862.98,73973.4,86888.63,24,62.0
2025-10,Workshop,INV-1104,1–30 overdue,57452.45,95201.36,84327.01,31,68.1
2025-11,Fleet,INV-1104,31–60 overdue,101903.07,58909.61,95831.48,29,106.3
2025-12,Corporate,INV-1104,61+ overdue,151595.05,84453.14,159670.31,51,94.9
2026-01,Retail,INV-1117,Current,35536.15,63938.6,106258.08,35,33.4
2026-02,Workshop,INV-1117,1–30 overdue,92677.93,61040.08,84654.28,27,109.5
2026-03,Fleet,INV-1117,31–60 overdue,147126.19,74646.76,160704.97,30,91.6
2026-04,Corporate,INV-1117,61+ overdue,27639.88,100801.12,126058.65,36,21.9
2026-05,Retail,INV-1042,Current,42232.37,91140.98,90252.57,33,46.8
2026-06,Workshop,INV-1042,1–30 overdue,51243.58,69084.73,87508.23,24,58.6
2026-07,Fleet,INV-1042,31–60 overdue,99136.41,90670.34,91283.03,29,108.6
2026-08,Corporate,INV-1042,61+ overdue,36980.9,61261.0,112698.06,24,32.8
2026-09,Retail,INV-1068,Current,106768.13,62711.23,127290.36,36,83.9
2026-10,Workshop,INV-1068,1–30 overdue,136528.64,41259.26,128400.26,24,106.3
2026-11,Fleet,INV-1068,31–60 overdue,173747.87,81632.73,159993.78,29,108.6
2026-12,Corporate,INV-1068,61+ overdue,29222.51,103550.72,84564.09,32,34.6
2027-01,Retail,INV-1104,Current,144653.26,67190.06,132606.06,27,109.1
2027-02,Workshop,INV-1104,1–30 overdue,106738.05,45375.05,100821.9,23,105.9
2027-03,Fleet,INV-1104,31–60 overdue,77924.51,82785.37,122567.79,26,63.6
2027-04,Corporate,INV-1104,61+ overdue,63294.59,32856.34,99219.36,19,63.8
2027-05,Retail,INV-1117,Current,57194.06,94374.38,104890.42,32,54.5
2027-06,Workshop,INV-1117,1–30 overdue,126341.04,164298.67,151106.89,54,83.6
2027-07,Fleet,INV-1117,31–60 overdue,58824.99,106563.21,130059.29,35,45.2
2027-08,Corporate,INV-1117,61+ overdue,69549.13,53193.74,104211.85,21,66.7
2027-09,Retail,INV-1042,Current,115732.05,65399.26,108830.63,26,106.3
2027-10,Workshop,INV-1042,1–30 overdue,76955.72,126476.5,118986.2,39,64.7
2027-11,Fleet,INV-1042,31–60 overdue,70914.95,77906.02,86500.8,31,82.0
2027-12,Corporate,INV-1042,61+ overdue,147330.42,107215.42,126921.55,36,116.1
2028-01,Retail,INV-1068,Current,35166.37,69270.59,89119.15,33,39.5
2028-02,Workshop,INV-1068,1–30 overdue,138472.22,78755.69,144822.1,43,95.6
2028-03,Fleet,INV-1068,31–60 overdue,22833.83,76686.56,95919.15,28,23.8
2028-04,Corporate,INV-1068,61+ overdue,45006.8,123499.08,118417.11,44,38.0
2028-05,Retail,INV-1104,Current,86564.82,89202.94,141593.13,45,61.1
2028-06,Workshop,INV-1104,1–30 overdue,93294.88,112939.19,145768.6,36,64.0
2028-07,Fleet,INV-1104,31–60 overdue,78424.52,65555.17,95061.26,34,82.5
2028-08,Corporate,INV-1104,61+ overdue,99460.11,138118.07,149904.37,44,66.3
2028-09,Retail,INV-1117,Current,50723.75,104584.26,94706.11,35,53.6
2028-10,Workshop,INV-1117,1–30 overdue,109693.43,45662.45,118073.49,21,92.9
2028-11,Fleet,INV-1117,31–60 overdue,63635.95,103184.4,128568.82,37,49.5
2028-12,Corporate,INV-1117,61+ overdue,86448.23,161528.27,144220.61,52,59.9
