PeriodID,ProjectID,Date,RecognizedRevenue,LaborCost,SubcontractCost,Expenses,ActualHours,PlannedHours,CostBudget,Invoiced,Collected
F1,P001,2026-01-01,290000,235800,70000,80000,131,140,450000,290000,237478.77
F2,P002,2026-01-01,290000,153000,80000,80000,85,140,450000,290000,284938.93
F3,P003,2026-01-01,480000,367200,10000,40000,204,140,450000,480000,374588.45
F4,P004,2026-01-01,420000,234000,130000,30000,130,140,450000,420000,405277.51
F5,P005,2026-01-01,610000,248400,80000,90000,138,140,450000,610000,443273.44
F6,P006,2026-01-01,260000,347400,100000,10000,193,140,450000,260000,231789.09
F7,P007,2026-01-01,270000,394200,20000,30000,219,140,450000,270000,268841.98
F8,P008,2026-01-01,240000,313200,60000,60000,174,140,450000,240000,158720.32
F9,P009,2026-01-01,590000,126000,0,70000,70,140,450000,590000,562249.75
F10,P010,2026-01-01,220000,329400,130000,50000,183,140,450000,220000,192709.13
F11,P011,2026-01-01,480000,316800,90000,20000,176,140,450000,480000,415610.96
F12,P012,2026-01-01,320000,129600,70000,60000,72,140,450000,320000,267019.23
F13,P013,2026-01-01,160000,329400,120000,10000,183,140,450000,160000,122781.28
F14,P014,2026-01-01,340000,327600,120000,40000,182,140,450000,340000,253084.22
F15,P015,2026-01-01,290000,289800,90000,50000,161,140,450000,290000,231366.91
F16,P016,2026-01-01,690000,334800,80000,70000,186,140,450000,690000,499849.79
F17,P017,2026-01-01,490000,199800,130000,20000,111,140,450000,490000,360324.13
F18,P018,2026-01-01,520000,147600,30000,10000,82,140,450000,520000,366584.43
F19,P001,2026-02-01,510000,266400,20000,60000,148,140,450000,510000,495695.59
F20,P002,2026-02-01,540000,230400,20000,50000,128,140,450000,540000,480503.2
F21,P003,2026-02-01,440000,304200,130000,90000,169,140,450000,440000,342605.91
F22,P004,2026-02-01,690000,212400,10000,50000,118,140,450000,690000,634204.85
F23,P005,2026-02-01,580000,307800,10000,10000,171,140,450000,580000,365939.14
F24,P006,2026-02-01,270000,126000,110000,30000,70,140,450000,270000,215863.67
F25,P007,2026-02-01,210000,154800,130000,30000,86,140,450000,210000,179882.77
F26,P008,2026-02-01,540000,111600,60000,30000,62,140,450000,540000,489159.17
F27,P009,2026-02-01,660000,176400,130000,30000,98,140,450000,660000,426110.3
F28,P010,2026-02-01,220000,180000,70000,70000,100,140,450000,220000,190508.8
F29,P011,2026-02-01,660000,185400,50000,10000,103,140,450000,660000,573799.72
F30,P012,2026-02-01,230000,212400,0,20000,118,140,450000,230000,167209.18
F31,P013,2026-02-01,240000,133200,130000,70000,74,140,450000,240000,164021.53
F32,P014,2026-02-01,160000,354600,110000,40000,197,140,450000,160000,113684.97
F33,P015,2026-02-01,310000,230400,40000,10000,128,140,450000,310000,272439.85
F34,P016,2026-02-01,290000,208800,120000,80000,116,140,450000,290000,246743.14
F35,P017,2026-02-01,230000,133200,90000,60000,74,140,450000,230000,197796.09
F36,P018,2026-02-01,560000,282600,10000,20000,157,140,450000,560000,366770.41
F37,P001,2026-03-01,590000,342000,100000,50000,190,140,450000,590000,506318.95
F38,P002,2026-03-01,520000,372600,110000,90000,207,140,450000,520000,418856.82
F39,P003,2026-03-01,210000,390600,50000,80000,217,140,450000,210000,165424.48
F40,P004,2026-03-01,350000,131400,80000,10000,73,140,450000,350000,211814.89
F41,P005,2026-03-01,620000,268200,80000,90000,149,140,450000,620000,527474.19
F42,P006,2026-03-01,530000,379800,50000,10000,211,140,450000,530000,381005.86
F43,P007,2026-03-01,580000,108000,0,30000,60,140,450000,580000,573949.14
F44,P008,2026-03-01,270000,217800,50000,90000,121,140,450000,270000,239221.9
F45,P009,2026-03-01,610000,149400,90000,20000,83,140,450000,610000,570710.67
F46,P010,2026-03-01,620000,318600,120000,10000,177,140,450000,620000,377806.67
F47,P011,2026-03-01,300000,135000,120000,90000,75,140,450000,300000,299991.94
F48,P012,2026-03-01,170000,248400,50000,70000,138,140,450000,170000,169848.19
F49,P013,2026-03-01,180000,124200,50000,70000,69,140,450000,180000,161268.35
F50,P014,2026-03-01,250000,280800,10000,30000,156,140,450000,250000,218461.09
F51,P015,2026-03-01,200000,370800,120000,50000,206,140,450000,200000,165038.25
F52,P016,2026-03-01,500000,118800,80000,50000,66,140,450000,500000,357299.15
F53,P017,2026-03-01,360000,385200,120000,70000,214,140,450000,360000,308659.97
F54,P018,2026-03-01,420000,257400,80000,50000,143,140,450000,420000,322530.5
F55,P001,2026-04-01,590000,343800,0,40000,191,140,450000,590000,523058.71
F56,P002,2026-04-01,620000,252000,10000,70000,140,140,450000,620000,576649.48
F57,P003,2026-04-01,190000,235800,130000,20000,131,140,450000,190000,124323.76
F58,P004,2026-04-01,160000,118800,110000,50000,66,140,450000,160000,112312.0
F59,P005,2026-04-01,490000,376200,90000,70000,209,140,450000,490000,389277.01
F60,P006,2026-04-01,520000,232200,80000,50000,129,140,450000,520000,514187.53
F61,P007,2026-04-01,380000,237600,20000,50000,132,140,450000,380000,332649.42
F62,P008,2026-04-01,210000,160200,80000,70000,89,140,450000,210000,176954.95
F63,P009,2026-04-01,550000,235800,140000,90000,131,140,450000,550000,530215.8
F64,P010,2026-04-01,270000,234000,130000,40000,130,140,450000,270000,230188.83
F65,P011,2026-04-01,200000,113400,50000,80000,63,140,450000,200000,123032.32
F66,P012,2026-04-01,150000,189000,10000,40000,105,140,450000,150000,148073.79
F67,P013,2026-04-01,290000,352800,50000,20000,196,140,450000,290000,275727.42
F68,P014,2026-04-01,570000,199800,60000,80000,111,140,450000,570000,550812.8
F69,P015,2026-04-01,200000,365400,10000,70000,203,140,450000,200000,155433.24
F70,P016,2026-04-01,620000,199800,130000,80000,111,140,450000,620000,460222.28
F71,P017,2026-04-01,680000,372600,20000,10000,207,140,450000,680000,612215.7
F72,P018,2026-04-01,220000,343800,90000,30000,191,140,450000,220000,162398.66
F73,P001,2026-05-01,690000,306000,50000,30000,170,140,450000,690000,498216.07
F74,P002,2026-05-01,400000,286200,30000,70000,159,140,450000,400000,275104.08
F75,P003,2026-05-01,560000,273600,0,70000,152,140,450000,560000,369168.78
F76,P004,2026-05-01,450000,372600,40000,30000,207,140,450000,450000,293135.26
F77,P005,2026-05-01,670000,300600,30000,10000,167,140,450000,670000,459171.96
F78,P006,2026-05-01,270000,169200,50000,40000,94,140,450000,270000,165452.19
F79,P007,2026-05-01,170000,293400,40000,10000,163,140,450000,170000,105508.34
F80,P008,2026-05-01,310000,262800,60000,40000,146,140,450000,310000,298197.9
F81,P009,2026-05-01,460000,122400,40000,80000,68,140,450000,460000,368391.48
F82,P010,2026-05-01,290000,180000,100000,40000,100,140,450000,290000,193986.64
F83,P011,2026-05-01,610000,363600,80000,50000,202,140,450000,610000,448138.38
F84,P012,2026-05-01,280000,169200,60000,70000,94,140,450000,280000,266392.06
F85,P013,2026-05-01,360000,284400,20000,20000,158,140,450000,360000,357090.4
F86,P014,2026-05-01,510000,185400,40000,30000,103,140,450000,510000,493812.5
F87,P015,2026-05-01,430000,257400,50000,90000,143,140,450000,430000,299677.25
F88,P016,2026-05-01,340000,315000,0,70000,175,140,450000,340000,291953.94
F89,P017,2026-05-01,360000,172800,10000,70000,96,140,450000,360000,222019.22
F90,P018,2026-05-01,320000,297000,90000,50000,165,140,450000,320000,221576.88
F91,P001,2026-06-01,370000,302400,10000,80000,168,140,450000,370000,275706.98
F92,P002,2026-06-01,320000,118800,80000,60000,66,140,450000,320000,318553.49
F93,P003,2026-06-01,430000,259200,110000,40000,144,140,450000,430000,358485.39
F94,P004,2026-06-01,520000,234000,90000,80000,130,140,450000,520000,502745.94
F95,P005,2026-06-01,620000,189000,110000,10000,105,140,450000,620000,595428.74
F96,P006,2026-06-01,420000,361800,20000,90000,201,140,450000,420000,292866.5
F97,P007,2026-06-01,280000,113400,100000,60000,63,140,450000,280000,229287.09
F98,P008,2026-06-01,520000,268200,40000,10000,149,140,450000,520000,358223.4
F99,P009,2026-06-01,360000,363600,60000,10000,202,140,450000,360000,247605.49
F100,P010,2026-06-01,510000,372600,70000,30000,207,140,450000,510000,493515.88
F101,P011,2026-06-01,320000,361800,110000,30000,201,140,450000,320000,203454.21
F102,P012,2026-06-01,410000,367200,30000,60000,204,140,450000,410000,350352.75
F103,P013,2026-06-01,320000,291600,90000,60000,162,140,450000,320000,232433.13
F104,P014,2026-06-01,150000,169200,60000,20000,94,140,450000,150000,141740.81
F105,P015,2026-06-01,210000,162000,130000,30000,90,140,450000,210000,167252.33
F106,P016,2026-06-01,550000,127800,10000,20000,71,140,450000,550000,549490.12
F107,P017,2026-06-01,440000,243000,80000,50000,135,140,450000,440000,287813.98
F108,P018,2026-06-01,200000,354600,20000,80000,197,140,450000,200000,140116.93
F109,P001,2026-07-01,530000,279000,20000,40000,155,140,450000,530000,390369.11
F110,P002,2026-07-01,310000,334800,10000,10000,186,140,450000,310000,215928.88
F111,P003,2026-07-01,470000,171000,120000,30000,95,140,450000,470000,427877.1
F112,P004,2026-07-01,370000,219600,130000,20000,122,140,450000,370000,261209.8
F113,P005,2026-07-01,230000,207000,40000,70000,115,140,450000,230000,208306.33
F114,P006,2026-07-01,620000,178200,40000,30000,99,140,450000,620000,512313.87
F115,P007,2026-07-01,650000,298800,120000,60000,166,140,450000,650000,611270.36
F116,P008,2026-07-01,200000,387000,140000,10000,215,140,450000,200000,151345.83
F117,P009,2026-07-01,600000,235800,90000,70000,131,140,450000,600000,575467.5
F118,P010,2026-07-01,200000,354600,120000,90000,197,140,450000,200000,120104.85
F119,P011,2026-07-01,310000,313200,70000,20000,174,140,450000,310000,309055.35
F120,P012,2026-07-01,560000,325800,140000,30000,181,140,450000,560000,449912.58
F121,P013,2026-07-01,240000,239400,100000,10000,133,140,450000,240000,167455.45
F122,P014,2026-07-01,300000,288000,30000,40000,160,140,450000,300000,283162.4
F123,P015,2026-07-01,580000,360000,80000,20000,200,140,450000,580000,378068.64
F124,P016,2026-07-01,330000,266400,90000,60000,148,140,450000,330000,271234.74
F125,P017,2026-07-01,250000,266400,100000,10000,148,140,450000,250000,181614.3
F126,P018,2026-07-01,230000,322200,80000,40000,179,140,450000,230000,156400.09
F127,P001,2026-08-01,610000,230400,100000,50000,128,140,450000,610000,525423.63
F128,P002,2026-08-01,170000,162000,0,60000,90,140,450000,170000,133799.11
F129,P003,2026-08-01,170000,322200,130000,50000,179,140,450000,170000,148336.38
F130,P004,2026-08-01,320000,370800,60000,90000,206,140,450000,320000,274737.81
F131,P005,2026-08-01,540000,336600,110000,60000,187,140,450000,540000,462433.72
F132,P006,2026-08-01,590000,151200,100000,50000,84,140,450000,590000,558668.88
F133,P007,2026-08-01,680000,221400,120000,20000,123,140,450000,680000,517610.5
F134,P008,2026-08-01,630000,203400,140000,30000,113,140,450000,630000,580624.24
F135,P009,2026-08-01,470000,318600,90000,70000,177,140,450000,470000,308011.55
F136,P010,2026-08-01,670000,356400,110000,10000,198,140,450000,670000,411291.29
F137,P011,2026-08-01,430000,154800,80000,70000,86,140,450000,430000,351015.81
F138,P012,2026-08-01,530000,223200,140000,10000,124,140,450000,530000,467494.86
F139,P013,2026-08-01,310000,208800,40000,10000,116,140,450000,310000,222029.78
F140,P014,2026-08-01,540000,334800,70000,20000,186,140,450000,540000,343711.49
F141,P015,2026-08-01,290000,358200,100000,90000,199,140,450000,290000,196346.35
F142,P016,2026-08-01,570000,331200,30000,30000,184,140,450000,570000,410783.8
F143,P017,2026-08-01,650000,126000,110000,40000,70,140,450000,650000,626087.58
F144,P018,2026-08-01,240000,169200,0,70000,94,140,450000,240000,174284.53
F145,P001,2026-09-01,660000,140400,30000,50000,78,140,450000,660000,441181.71
F146,P002,2026-09-01,460000,208800,0,30000,116,140,450000,460000,363678.96
F147,P003,2026-09-01,330000,248400,40000,10000,138,140,450000,330000,248913.19
F148,P004,2026-09-01,490000,140400,20000,10000,78,140,450000,490000,363791.41
F149,P005,2026-09-01,170000,334800,140000,60000,186,140,450000,170000,150622.04
F150,P006,2026-09-01,380000,288000,100000,80000,160,140,450000,380000,230921.04
F151,P007,2026-09-01,520000,228600,20000,80000,127,140,450000,520000,401222.66
F152,P008,2026-09-01,220000,282600,30000,30000,157,140,450000,220000,144869.18
F153,P009,2026-09-01,530000,318600,20000,30000,177,140,450000,530000,430014.29
F154,P010,2026-09-01,350000,345600,140000,30000,192,140,450000,350000,252826.68
F155,P011,2026-09-01,180000,138600,70000,20000,77,140,450000,180000,141757.86
F156,P012,2026-09-01,610000,183600,50000,90000,102,140,450000,610000,379034.67
F157,P013,2026-09-01,500000,129600,70000,60000,72,140,450000,500000,383221.59
F158,P014,2026-09-01,230000,297000,90000,70000,165,140,450000,230000,221310.22
F159,P015,2026-09-01,540000,333000,30000,30000,185,140,450000,540000,535517.59
F160,P016,2026-09-01,270000,244800,50000,80000,136,140,450000,270000,183127.25
F161,P017,2026-09-01,280000,178200,110000,30000,99,140,450000,280000,279726.82
F162,P018,2026-09-01,410000,144000,30000,80000,80,140,450000,410000,273132.47
