ProjectID,Project,Client,Manager,Service
P001,Demo Engagement 01,Client 2,Manager 2,Analytics
P002,Demo Engagement 02,Client 3,Manager 3,Software
P003,Demo Engagement 03,Client 4,Manager 4,Automation
P004,Demo Engagement 04,Client 5,Manager 1,Analytics
P005,Demo Engagement 05,Client 6,Manager 2,Software
P006,Demo Engagement 06,Client 1,Manager 3,Automation
P007,Demo Engagement 07,Client 2,Manager 4,Analytics
P008,Demo Engagement 08,Client 3,Manager 1,Software
P009,Demo Engagement 09,Client 4,Manager 2,Automation
P010,Demo Engagement 10,Client 5,Manager 3,Analytics
P011,Demo Engagement 11,Client 6,Manager 4,Software
P012,Demo Engagement 12,Client 1,Manager 1,Automation
P013,Demo Engagement 13,Client 2,Manager 2,Analytics
P014,Demo Engagement 14,Client 3,Manager 3,Software
P015,Demo Engagement 15,Client 4,Manager 4,Automation
P016,Demo Engagement 16,Client 5,Manager 1,Analytics
P017,Demo Engagement 17,Client 6,Manager 2,Software
P018,Demo Engagement 18,Client 1,Manager 3,Automation
