LineID,DepartmentID,Date,Category,Actual,Budget
P1,D1,2026-01-01,Revenue,310000,344583.32
P2,D1,2026-01-01,COGS,170000,164442.49
P3,D1,2026-01-01,Operating Expense,100000,106414.32
P4,D2,2026-01-01,Revenue,340000,355843.54
P5,D2,2026-01-01,COGS,200000,192124.87
P6,D2,2026-01-01,Operating Expense,110000,121955.05
P7,D3,2026-01-01,Revenue,400000,415397.59
P8,D3,2026-01-01,COGS,230000,198309.75
P9,D3,2026-01-01,Operating Expense,240000,242615.73
P10,D1,2026-02-01,Revenue,320000,329386.27
P11,D1,2026-02-01,COGS,130000,142794.64
P12,D1,2026-02-01,Operating Expense,180000,183323.44
P13,D2,2026-02-01,Revenue,420000,459493.11
P14,D2,2026-02-01,COGS,130000,112097.66
P15,D2,2026-02-01,Operating Expense,240000,261999.39
P16,D3,2026-02-01,Revenue,410000,454343.61
P17,D3,2026-02-01,COGS,150000,129293.95
P18,D3,2026-02-01,Operating Expense,220000,189085.27
P19,D1,2026-03-01,Revenue,350000,304026.71
P20,D1,2026-03-01,COGS,120000,102352.63
P21,D1,2026-03-01,Operating Expense,170000,150790.59
P22,D2,2026-03-01,Revenue,600000,606225.24
P23,D2,2026-03-01,COGS,230000,216908.13
P24,D2,2026-03-01,Operating Expense,100000,110745.6
P25,D3,2026-03-01,Revenue,800000,686700.66
P26,D3,2026-03-01,COGS,100000,90972.63
P27,D3,2026-03-01,Operating Expense,250000,278549.5
P28,D1,2026-04-01,Revenue,670000,587122.52
P29,D1,2026-04-01,COGS,290000,303256.73
P30,D1,2026-04-01,Operating Expense,130000,132531.78
P31,D2,2026-04-01,Revenue,400000,386782.6
P32,D2,2026-04-01,COGS,270000,243905.74
P33,D2,2026-04-01,Operating Expense,120000,108698.42
P34,D3,2026-04-01,Revenue,700000,606474.92
P35,D3,2026-04-01,COGS,260000,276035.63
P36,D3,2026-04-01,Operating Expense,260000,262401.41
P37,D1,2026-05-01,Revenue,340000,377439.55
P38,D1,2026-05-01,COGS,190000,193566.49
P39,D1,2026-05-01,Operating Expense,220000,201888.69
P40,D2,2026-05-01,Revenue,790000,722890.33
P41,D2,2026-05-01,COGS,220000,227467.81
P42,D2,2026-05-01,Operating Expense,290000,284944.73
P43,D3,2026-05-01,Revenue,320000,346507.43
P44,D3,2026-05-01,COGS,150000,148163.54
P45,D3,2026-05-01,Operating Expense,100000,90264.93
P46,D1,2026-06-01,Revenue,630000,702212.04
P47,D1,2026-06-01,COGS,110000,116451.35
P48,D1,2026-06-01,Operating Expense,150000,135019.92
P49,D2,2026-06-01,Revenue,340000,333671.61
P50,D2,2026-06-01,COGS,130000,120031.25
P51,D2,2026-06-01,Operating Expense,270000,269134.4
P52,D3,2026-06-01,Revenue,780000,738587.54
P53,D3,2026-06-01,COGS,200000,198307.13
P54,D3,2026-06-01,Operating Expense,230000,244841.84
P55,D1,2026-07-01,Revenue,660000,634652.14
P56,D1,2026-07-01,COGS,130000,133282.21
P57,D1,2026-07-01,Operating Expense,140000,146737.37
P58,D2,2026-07-01,Revenue,450000,499939.24
P59,D2,2026-07-01,COGS,130000,142789.93
P60,D2,2026-07-01,Operating Expense,210000,214716.42
P61,D3,2026-07-01,Revenue,380000,347669.94
P62,D3,2026-07-01,COGS,100000,110972.16
P63,D3,2026-07-01,Operating Expense,290000,286794.32
P64,D1,2026-08-01,Revenue,300000,338692.09
P65,D1,2026-08-01,COGS,190000,217886.38
P66,D1,2026-08-01,Operating Expense,270000,279422.69
P67,D2,2026-08-01,Revenue,450000,394614.04
P68,D2,2026-08-01,COGS,210000,225215.32
P69,D2,2026-08-01,Operating Expense,150000,150848.84
P70,D3,2026-08-01,Revenue,570000,601587.04
P71,D3,2026-08-01,COGS,200000,198219.34
P72,D3,2026-08-01,Operating Expense,110000,114599.35
P73,D1,2026-09-01,Revenue,500000,525743.78
P74,D1,2026-09-01,COGS,260000,284120.22
P75,D1,2026-09-01,Operating Expense,150000,145007.77
P76,D2,2026-09-01,Revenue,320000,301286.47
P77,D2,2026-09-01,COGS,250000,216557.53
P78,D2,2026-09-01,Operating Expense,260000,236162.88
P79,D3,2026-09-01,Revenue,370000,369681.29
P80,D3,2026-09-01,COGS,120000,113884.1
P81,D3,2026-09-01,Operating Expense,290000,282392.23
